"AGENCY_ID","scaled_log_n_train_rows","scaled_n_train_years_active","scaled_mean_log_wp_train","scaled_mean_log_prev_wp_train","scaled_mean_log_prev_poly_train","scaled_sd_log_wp_train","scaled_iqr_log_wp_train","scaled_sd_log_prev_poly_train","scaled_mean_active_producers_train_clean","scaled_n_products_train","scaled_n_states_train","scaled_product_hhi","scaled_state_hhi","scaled_pl_share_train","scaled_slope_mean_log_wp_by_year"
3,1.369592,0.653219,0.873725,0.175743,-0.427645,0.430072,0.055892,-0.013531,-0.359699,1.180354,2.317516,-0.489467,-2.244048,0.162159,-0.064791
11,-0.303582,-0.818285,-1.086181,-1.306324,-1.040313,-0.681114,-0.189507,-0.946642,1.59054,-0.505482,-0.642924,-0.249715,0.628811,-0.73186,-1.402018
12,-0.512273,-0.327783,0.219763,0.226559,0.98945,1.679045,2.845539,0.178542,0.336815,-1.271771,0.34389,0.220935,-0.610847,1.901993,-0.661304
14,-2.703744,-2.289789,0.110741,2.456199,2.995574,-3.191196,-2.468346,-2.177866,-0.290047,-1.884803,-0.642924,3.782548,0.628811,-1.643578,0.094867
16,0.830114,0.653219,-0.057345,-0.583887,-0.472977,0.021282,-0.251094,-0.006839,1.079763,0.873839,0.34389,-0.450959,-1.103235,0.129208,0.214977
32,0.338475,-0.327783,0.328532,-0.16058,-0.110798,0.056299,-0.425366,-0.081887,1.2655,0.720581,0.34389,-0.474564,0.145036,0.704787,-1.246836
36,0.294759,0.653219,-0.29221,-0.824393,-1.199568,-1.280074,-0.594286,-1.209327,-0.59187,-0.352224,-0.642924,-0.324053,0.628811,-1.060744,-0.204596
37,-1.288123,0.653219,0.264636,-0.361501,0.065744,-2.691179,-2.218266,-1.675686,-0.313264,-1.731545,-0.642924,1.882732,0.628811,1.901993,0.009294
46,0.769027,0.653219,1.23175,0.451964,-0.398296,0.113221,0.503729,-0.105049,1.311934,1.027096,-0.642924,-0.502076,0.628811,0.183755,-0.057098
61,-0.303582,-0.327783,0.944097,0.583442,-0.540842,-0.537408,-0.25081,1.140698,-0.684738,-0.965256,-0.642924,-0.094628,0.628811,-1.643578,0.516812
84,-0.573812,-0.327783,0.202217,0.078864,0.730984,0.318562,0.960224,0.209818,-0.220396,-1.271771,-0.642924,0.16385,0.628811,1.901993,0.784915
87,0.510898,0.653219,0.045166,-0.462048,-0.034572,0.374379,-1.092475,0.199399,2.054882,1.180354,-0.642924,-0.464661,0.628811,0.670374,-0.404065
96,0.400014,0.653219,0.114699,-0.458908,-0.782251,-0.9014,-0.884404,-0.678591,0.104644,-0.198966,-0.642924,-0.363275,0.628811,-0.191175,-0.292882
102,0.349053,-0.818285,-0.511343,0.203055,0.675869,0.695305,-0.332335,1.497387,-0.406133,0.720581,1.330703,-0.404768,-1.868903,-0.098073,2.114306
111,-2.703744,-2.289789,-0.505993,-1.695193,-1.424946,-3.191196,-2.468346,-2.177866,-0.638304,-1.884803,-0.642924,3.782548,0.628811,-1.643578,0.094867
148,0.429154,0.653219,0.458284,-0.274595,-1.026312,-0.536948,0.083845,-0.713034,0.986894,0.414065,-0.642924,-0.399553,0.628811,-0.695344,0.177654
152,0.743276,0.653219,0.17617,-0.435878,-0.4099,0.371413,-0.06153,0.051209,-0.127528,1.180354,-0.642924,-0.499213,0.628811,0.129208,-0.219591
153,-1.454759,-1.799288,0.513349,0.050872,0.503772,1.611501,1.662298,-0.688002,-0.777607,-1.118514,-0.642924,0.107308,0.628811,1.901993,0.094867
156,1.107835,0.653219,0.816879,0.053628,-0.706848,0.730203,1.473896,-0.117868,0.383249,1.333612,2.317516,-0.477542,-1.934574,-0.323034,-0.001051
160,-2.703744,-2.289789,0.062457,0.54191,0.206313,-3.191196,-2.468346,-2.177866,-0.313264,-1.884803,-0.642924,3.782548,0.628811,1.901993,0.094867
163,-0.976977,-2.289789,-0.607673,2.456199,2.995574,0.423533,0.436462,-2.177866,-0.359699,-0.505482,1.330703,-0.157812,-1.81601,0.720136,0.094867
164,-1.942857,-2.289789,-1.110809,2.456199,2.995574,0.038248,-1.224741,-2.177866,-0.173962,-1.425029,-0.642924,0.390019,0.628811,1.901993,0.094867
166,0.528021,0.653219,1.408893,0.61648,-1.001875,-0.058588,0.40185,-0.760125,0.847592,0.414065,0.34389,-0.423049,0.528587,-0.693219,0.334198
173,0.660855,0.653219,0.524836,-0.140054,-0.473596,0.653935,0.6399,0.022749,-0.545436,0.720581,-0.642924,-0.472819,0.628811,0.004802,-0.183655
184,0.887012,0.653219,-0.00207,-0.483965,-0.186447,0.793898,0.190786,0.079092,-0.499001,1.027096,0.34389,-0.450524,-1.128404,0.625588,0.146108
188,0.585312,0.653219,-0.281986,-0.722306,-0.310958,0.863693,-0.348732,-0.037299,-0.452567,0.720581,-0.642924,-0.466478,0.628811,0.50422,-0.565554
204,0.593183,0.653219,0.321394,-0.361141,-0.710562,-0.078956,-0.115413,-0.33215,-0.824041,0.414065,-0.642924,-0.44419,0.628811,-0.225349,0.179043
242,0.736712,0.653219,0.915932,0.173536,-0.393762,0.52539,0.259108,0.053081,-0.173962,1.027096,-0.642924,-0.495621,0.628811,0.115025,0.248291
245,0.950513,0.653219,0.726025,0.168312,-1.15042,0.846953,1.008537,-0.753376,3.540778,0.107549,2.317516,-0.355086,-2.413816,-1.140194,-0.932472
251,0.147836,0.162718,0.019136,-0.476699,-0.771498,0.333766,0.580815,-0.236051,-0.359699,0.107549,-0.642924,-0.387075,0.628811,-0.306723,0.412593
263,0.528021,0.653219,-0.215838,-0.691959,-0.763538,0.626331,0.927124,-0.307167,-0.26683,0.414065,0.34389,-0.416318,-0.198033,-0.4008,-0.268382
291,-1.288123,0.162718,-0.839036,-0.982338,0.011823,-1.239495,-0.952926,-1.711246,-0.290047,-1.731545,-0.642924,1.611329,0.628811,1.901993,-1.863035
292,0.359499,0.162718,-0.187087,-0.557387,-0.716831,0.217539,0.74807,-0.540162,0.104644,0.414065,-0.642924,-0.450186,0.628811,-0.072755,-0.835013
294,0.484534,0.653219,0.639609,-0.147675,-0.748218,-0.167864,0.174965,-0.131475,-0.59187,0.567323,-0.642924,-0.423376,0.628811,-0.448875,0.237607
301,0.502203,0.653219,-0.285956,-0.489423,-0.336466,0.387802,0.050761,0.583966,-0.220396,1.027096,-0.642924,-0.463361,0.628811,0.016051,0.09759
307,-0.542473,0.653219,0.020702,0.963222,1.483874,-0.882189,-0.779852,0.506275,-0.290047,0.107549,-0.642924,-0.004773,0.628811,0.67468,-1.098008
313,-1.454759,-0.818285,-1.542224,-0.894587,-0.319816,-1.756995,-1.014741,1.607364,-0.777607,-1.731545,-0.642924,1.520862,0.628811,-1.643578,0.748457
326,0.510898,0.653219,-0.150598,-0.713559,-0.298948,0.289397,0.26798,-0.006506,-0.824041,0.567323,-0.642924,-0.427571,0.628811,0.483765,0.621665
330,-0.976977,-2.289789,0.583212,2.456199,2.995574,0.184448,0.135495,-2.177866,0.197512,-0.65874,0.34389,-0.19802,-1.81601,-1.643578,0.094867
348,-2.703744,-2.289789,-2.859966,2.456199,2.995574,-3.191196,-2.468346,-2.177866,-0.290047,-1.884803,-0.642924,3.782548,0.628811,-1.643578,0.094867
351,0.569342,0.162718,-0.579015,-0.181351,0.403564,0.239365,0.404058,1.12023,-0.313264,0.873839,0.34389,-0.415615,-1.236831,0.26825,0.651051
372,0.248614,0.162718,-1.649933,-1.135738,-0.127276,-0.565469,-0.372219,0.808893,-0.824041,-0.045709,-0.642924,-0.380741,0.628811,0.1549,0.032483
375,0.756252,0.653219,1.201892,0.482444,-0.240973,0.266595,0.137229,0.231798,0.197512,1.333612,-0.642924,-0.503391,0.628811,0.184607,0.120402
390,-1.552566,-2.289789,-1.69438,-1.284634,-0.713318,0.148115,-0.448867,-0.702613,0.011775,-0.965256,-0.642924,-0.094628,0.628811,0.382463,0.094867
401,0.212241,0.653219,0.306569,-0.450456,-0.421555,0.612604,0.471123,-0.152523,-0.499001,-0.352224,-0.642924,-0.30884,0.628811,0.236649,-0.206554
426,-1.288123,0.162718,-1.73112,-1.872836,-0.320748,-1.524809,-0.573095,-1.890568,-0.290047,-1.731545,-0.642924,1.611329,0.628811,1.901993,-1.479988
448,0.161123,0.653219,1.36176,0.625711,-1.282348,-0.926027,-0.710573,-0.721315,-0.220396,-0.505482,-0.642924,-0.258363,0.628811,-1.643578,-0.130702
456,1.18813,0.653219,0.279896,-0.380866,-0.568569,0.60736,0.087562,-0.213724,-0.173962,1.027096,1.330703,-0.45249,-2.178737,0.03072,-0.014995
457,0.063316,-0.327783,-0.578068,-0.649135,-0.565327,0.302098,0.513914,0.427806,-0.452567,-0.045709,-0.642924,-0.383441,0.628811,-0.354279,-1.966889
462,-1.552566,0.653219,-0.817333,-1.430536,-0.18088,-2.960063,-2.326013,-2.138023,-0.290047,-1.884803,-0.642924,3.782548,0.628811,1.901993,0.344812
469,1.214494,0.653219,0.498605,-0.165777,-0.346437,0.325937,-0.106337,-0.061331,2.194185,1.027096,1.330703,-0.484407,-1.84169,0.280252,0.034564
470,1.103609,0.653219,0.748823,0.146588,-0.476084,1.253936,1.857708,-0.032584,-0.545436,1.333612,2.317516,-0.495414,-1.480442,0.156481,-0.201183
477,-1.663451,-2.289789,0.745664,2.456199,2.995574,-1.305106,-1.04752,-2.177866,-0.638304,-1.118514,-0.642924,0.013071,0.628811,-1.643578,0.094867
483,0.794004,0.653219,1.080633,0.363784,-0.267744,0.482936,-0.032114,0.180567,-0.127528,1.333612,-0.642924,-0.511582,0.628811,0.235046,-0.344287
506,0.32776,0.162718,0.152946,0.029122,-0.127669,0.122796,0.291713,1.171118,-0.034659,0.720581,-0.642924,-0.455764,0.628811,-0.523924,-0.137901
507,0.675173,0.653219,1.121005,0.475902,-0.652829,0.584988,1.012823,-0.113268,-0.26683,0.873839,0.34389,-0.474585,0.54486,-0.268141,-0.413562
512,0.668045,0.653219,0.466039,-0.03634,-0.214549,0.451107,-0.340025,0.22273,-0.452567,1.180354,-0.642924,-0.481222,0.628811,0.206285,-0.11734
526,-1.791457,-1.799288,-0.98918,0.819597,1.581008,-0.697556,0.240747,1.434561,-0.684738,-1.578287,-0.642924,0.88759,0.628811,1.901993,0.094867
541,0.653603,0.653219,-0.172157,-0.715548,-0.588936,-0.583387,-0.254025,-0.496641,-0.081093,0.260807,0.34389,-0.389766,-0.626655,0.144896,-0.00638
548,-2.367046,-1.799288,-0.417807,-2.313598,0.785314,-0.050108,-1.218784,3.604169,-0.499001,-1.884803,-0.642924,3.782548,0.628811,-1.643578,0.094867
553,0.668045,0.653219,1.355134,0.554768,-0.736686,0.610346,1.385024,-0.141159,-0.081093,0.873839,1.330703,-0.462068,0.217324,-0.410336,0.08863
562,1.207046,0.653219,1.092667,0.47258,-0.4732,1.261817,0.886719,0.275259,0.011775,1.180354,2.317516,-0.475299,-2.01814,-0.279897,-0.40726
563,0.577366,0.653219,-0.642534,-1.007139,-0.575054,0.391427,0.46609,-0.445505,-0.638304,0.720581,-0.642924,-0.456435,0.628811,0.249688,0.018933
564,0.147836,0.653219,-0.625735,-1.073759,-0.437159,0.929171,0.507469,-0.103691,-0.313264,-0.65874,-0.642924,-0.236336,0.628811,0.274518,-0.111616
578,0.528021,0.653219,0.280261,-0.427701,0.142526,0.213319,-1.188309,-0.247241,-0.313264,0.414065,0.34389,-0.386512,-0.028906,1.170948,0.353798
581,-0.606381,0.653219,-0.478331,-0.36233,0.271912,0.835617,-0.800646,0.829426,0.290381,-1.118514,-0.642924,0.232957,0.628811,0.27694,0.220625
586,0.806215,0.653219,1.417058,0.647992,-0.050588,0.812509,-0.403165,0.506637,0.011775,1.48687,-0.642924,-0.51534,0.628811,0.25956,-0.23572
599,-0.014348,0.653219,0.100459,-0.345421,0.360598,1.189181,2.249846,-0.60312,-0.731173,-0.811998,-0.642924,-0.118408,0.628811,1.901993,-0.309345
604,1.443127,0.653219,0.554813,-0.079864,-0.506959,0.778418,0.66113,0.180746,0.568986,1.333612,3.304329,-0.461162,-2.771307,-0.220526,-0.030023
609,-1.791457,-2.289789,0.712307,2.456199,2.995574,0.459511,-0.341863,-2.177866,-0.545436,-1.271771,-0.642924,0.16385,0.628811,1.901993,0.094867
620,0.033116,0.653219,-1.501054,-2.265886,0.080793,-0.04687,0.529034,0.969689,-0.290047,0.414065,0.34389,-0.362401,-0.210458,0.229554,0.378963
625,-1.663451,-1.308786,-1.907087,0.023563,0.807131,1.371749,-1.360242,0.962019,-0.777607,-1.731545,-0.642924,1.520862,0.628811,1.901993,-7.744274
626,0.660855,0.653219,-0.519779,-1.110652,-0.391131,0.09291,0.131408,-0.617527,0.429683,-0.045709,0.34389,-0.354479,-1.19126,0.813441,0.180296
633,-0.156035,0.162718,-0.403587,-0.267004,-0.477691,-0.493434,-0.064745,1.218053,-0.359699,-0.65874,-0.642924,-0.145914,0.628811,-1.474741,1.887409
643,0.743276,0.653219,-0.269451,-0.73201,-0.29181,0.126598,-0.478148,-0.204643,-0.359699,0.873839,0.34389,-0.430263,-0.786841,0.663857,-0.498149
650,0.847596,0.653219,1.068914,0.416241,-0.170243,0.612137,-0.009298,0.270562,-0.499001,1.640128,0.34389,-0.517188,0.361729,0.240782,-0.151559
652,-0.351046,-0.818285,0.523824,0.780933,0.377148,-0.049822,0.963381,1.813017,3.819383,-0.045709,-0.642924,-0.354531,0.628811,-0.998929,4.490891
663,0.048353,-0.818285,-0.908129,0.185947,0.695583,-0.204504,-0.046988,1.61768,0.011775,-0.198966,1.330703,-0.25374,-2.096416,-0.52738,1.962583
668,0.106651,0.162718,0.367708,0.222115,-0.182993,0.251666,0.544237,1.128452,0.894026,0.107549,-0.642924,-0.380461,0.628811,-0.482098,-0.125423
678,0.349053,0.162718,1.14022,0.859888,0.113071,0.745533,1.488291,1.066319,0.336815,-0.045709,0.34389,-0.389899,0.265536,-0.279897,-0.627102
683,0.577366,0.653219,1.403535,0.681941,-0.642603,0.533571,0.922904,0.061588,3.447909,0.567323,0.34389,-0.444496,0.534368,-0.438772,-0.099447
684,0.608705,0.653219,0.529035,-0.14663,-0.612244,-0.026707,-0.143198,-0.050911,-0.870475,0.720581,-0.642924,-0.457546,0.628811,-0.251858,0.198274
685,-1.149401,-1.799288,-1.983169,-0.668479,0.261461,0.470303,-0.312048,0.695237,-0.173962,-0.198966,0.34389,-0.363877,-0.735487,0.424672,0.094867
690,0.812255,0.653219,1.124264,0.398551,-0.348307,0.193919,0.171438,-0.115603,0.661855,1.027096,0.34389,-0.501991,0.350383,0.271548,-0.315457
692,0.68224,0.653219,0.271752,-0.255793,-0.363277,0.065884,-0.513657,0.150164,0.290381,1.027096,-0.642924,-0.483413,0.628811,0.053448,-0.03927
693,0.769027,0.653219,1.303826,0.650539,-0.300903,0.478587,0.288924,0.093705,1.729842,0.873839,0.34389,-0.498329,0.553831,0.156481,-1.002535
702,-1.03057,0.162718,-1.667305,-2.002992,-0.4698,0.813047,-0.029524,-0.838316,-0.290047,-0.811998,0.34389,0.551568,-0.573998,1.142228,0.507862
703,0.316905,0.162718,-0.203924,-0.018074,0.451816,0.494381,-0.343816,0.869119,0.104644,0.107549,0.34389,-0.366892,-0.307206,0.531039,-0.554481
716,0.349053,0.653219,0.500141,0.025459,-0.858001,-0.474464,-0.256654,0.291674,0.151078,-0.352224,1.330703,-0.327446,-0.076749,-1.325386,-0.280369
726,0.236666,0.653219,-0.187591,-0.7486,-0.620801,-0.145591,-0.031369,-0.489263,-0.731173,-0.352224,-0.642924,-0.292791,0.628811,0.077067,0.29244
754,-2.703744,-2.289789,-3.42965,2.456199,2.995574,-3.191196,-2.468346,-2.177866,1.219066,-1.884803,-0.642924,3.782548,0.628811,-1.643578,0.094867
756,-2.367046,-2.289789,-3.550906,2.456199,2.995574,-2.891151,-2.348984,-2.177866,-0.452567,-1.731545,-0.642924,1.520862,0.628811,-1.643578,0.094867
770,0.544797,0.653219,-0.006681,-0.451588,-0.144479,0.316017,-0.04903,0.299784,-0.452567,0.873839,-0.642924,-0.448681,0.628811,0.397812,0.296424
772,1.195748,0.653219,0.625751,0.286054,-0.309353,1.584004,1.115372,0.723426,12.966929,1.180354,4.291142,-0.447477,-2.499508,-0.53762,-0.113726
778,0.248614,0.653219,0.853619,0.144654,-1.233144,-0.611793,-0.989417,-0.973671,0.754723,-0.352224,-0.642924,-0.297133,0.628811,-1.232497,-0.209253
780,0.017594,0.653219,-1.29431,-1.347856,-0.529277,0.169544,0.827127,0.021822,0.011775,-0.505482,-0.642924,-0.238971,0.628811,-0.00716,-0.307221
787,-0.712534,-0.327783,-1.398493,-2.616925,-1.214445,0.04049,-0.214684,-0.393491,-0.034659,-0.65874,-0.642924,-0.0536,0.628811,-1.643578,1.184126
791,0.908723,0.653219,0.870673,0.429046,-0.427061,0.793143,0.854916,0.774327,-0.452567,0.414065,1.330703,-0.394839,-2.105261,-0.607534,-0.363681
803,0.338475,0.653219,0.073536,-0.114938,-0.023331,-0.166854,0.250094,0.749975,-0.499001,-0.045709,-0.642924,-0.363177,0.628811,0.198277,0.599687
805,0.260393,0.162718,-1.140732,-0.701184,0.03803,-0.212133,-0.652996,1.144082,-0.499001,0.260807,0.34389,-0.35126,-0.47176,-0.073396,0.051923
806,0.835982,0.653219,0.229406,-0.390976,-0.404323,0.547345,-0.206707,-0.086125,-0.452567,1.333612,0.34389,-0.517625,0.491455,0.26751,-0.190479
808,-0.014348,0.653219,0.104688,-0.118121,0.510159,0.924431,1.972775,-0.063057,-0.499001,-0.811998,0.34389,0.015484,-0.553871,1.689259,-0.673743
810,0.569342,0.653219,0.203129,-0.475507,-0.635213,-0.002504,-0.051124,-0.376148,-0.452567,0.414065,-0.642924,-0.447788,0.628811,0.059687,-0.078281
811,1.465346,0.653219,0.509266,-0.11438,-0.535788,0.422361,0.369127,0.054218,3.215738,1.180354,2.317516,-0.479452,-2.598509,-0.129079,0.266816
817,0.519504,0.653219,0.450954,-0.227256,-0.266803,-0.178402,-1.265808,-0.200712,-0.59187,0.260807,-0.642924,-0.421793,0.628811,0.498538,0.069007
831,-2.128155,-2.289789,-2.104687,2.456199,2.995574,0.090168,-0.623628,-2.177866,0.011775,-1.578287,-0.642924,0.766966,0.628811,1.901993,0.094867
834,0.824203,0.653219,0.561196,-0.022091,-0.25822,0.859375,0.495644,0.062249,-0.59187,1.48687,-0.642924,-0.520052,0.628811,0.397039,-0.212582
847,0.493416,0.653219,0.672943,-0.0263,-0.896717,-0.770639,-0.460485,-0.472346,-0.452567,0.260807,-0.642924,-0.414999,0.628811,-0.614219,0.062196
851,-0.175575,-0.327783,-0.442882,-0.732615,-0.656305,-0.509286,-0.086317,0.086452,-0.638304,-0.198966,-0.642924,-0.312974,0.628811,-0.519372,0.083835
859,0.696197,0.653219,1.145179,0.29216,-0.571498,0.395027,0.599181,-0.150674,2.101316,0.720581,-0.642924,-0.478577,0.628811,-0.153842,0.168205
864,0.305906,0.653219,0.05022,-0.32601,-0.477209,0.40658,0.807455,0.412904,-0.824041,0.260807,-0.642924,-0.372412,0.628811,-0.254097,-0.215104
865,0.092456,-1.799288,0.330762,-0.703778,-1.043746,0.774582,0.505339,-0.783666,0.104644,0.260807,2.317516,-0.363529,-2.542708,-0.834939,0.094867
877,1.095092,0.653219,0.067829,-0.586175,-0.385912,0.478548,0.593253,-0.128314,-0.127528,1.180354,1.330703,-0.428855,-2.132763,0.340472,0.061635
884,0.794004,0.653219,0.193088,-0.197381,-0.373884,-0.404362,-0.3462,0.343766,-0.499001,1.333612,0.34389,-0.484376,-0.290244,0.129208,0.227871
885,0.484534,0.653219,0.24111,-0.347383,-0.627628,-0.102361,0.054318,0.287956,-0.731173,0.567323,-0.642924,-0.425514,0.628811,-0.487413,0.184817
886,1.247205,0.653219,1.285355,0.518523,-0.227215,0.905516,1.183964,0.230569,0.290381,1.48687,0.34389,-0.502151,-1.721804,0.220904,0.017721
891,-2.367046,-1.799288,0.161355,-0.322982,-0.329929,-2.220039,-2.082008,-1.809251,-0.59187,-1.884803,-0.642924,3.782548,0.628811,1.901993,0.094867
897,0.68224,0.653219,0.53876,-0.10103,-0.527803,0.423653,0.627837,-0.119521,0.336815,0.720581,-0.642924,-0.476143,0.628811,-0.00716,-0.235721
915,0.781609,0.653219,0.198945,-0.421487,-0.476128,0.203387,-0.003522,-0.227013,-0.127528,0.873839,0.34389,-0.449547,-0.879245,0.209789,0.198435
928,0.283461,0.653219,-0.641896,-1.107143,-0.620327,0.283482,-1.052593,-0.096598,-0.59187,-0.045709,-0.642924,-0.328974,0.628811,-0.215501,-0.000367
949,0.749789,0.653219,0.455138,-0.162954,-0.171558,0.036443,-0.668807,0.125096,-0.638304,1.333612,-0.642924,-0.501601,0.628811,0.422345,0.231685
955,0.419554,0.653219,-0.996555,-1.38578,-0.998935,-0.792642,-0.663316,-0.91844,-0.499001,-0.352224,0.34389,-0.305704,-0.562178,-0.55905,0.208406
972,0.87594,0.653219,-0.249709,-0.783598,-0.470282,0.485538,0.36166,-0.145225,-0.26683,0.567323,0.34389,-0.427344,-1.39596,0.201077,-0.099392
976,-1.454759,-2.289789,-1.778848,2.456199,2.995574,-0.360488,-0.047897,-2.177866,1.683408,-0.811998,-0.642924,-0.175403,0.628811,-0.757185,0.094867
983,1.232826,0.653219,0.680314,0.162973,-0.897758,0.314027,0.061856,-0.201002,1.404803,0.567323,2.317516,-0.415737,-2.519466,-0.803837,-0.41373
993,0.199753,0.653219,-0.275567,-0.429327,0.421467,0.666196,0.39993,-0.405365,1.172631,0.107549,-0.642924,-0.298658,0.628811,1.629257,-0.520155
1009,0.668045,0.653219,1.697945,0.708873,-0.841646,1.016778,0.882977,-0.139164,-0.081093,0.567323,0.34389,-0.410764,-0.421446,-0.687815,0.030279
1010,0.359499,0.653219,-0.106462,-0.583297,-0.545296,-0.574867,-0.572345,-0.185855,-0.452567,-0.045709,-0.642924,-0.348717,0.628811,0.017006,-0.329631
1020,-0.483133,0.653219,-0.968446,-1.301375,-0.195736,0.641783,1.102716,-0.773095,-0.545436,-0.65874,-0.642924,0.009225,0.628811,1.395483,1.310401
1022,-0.303582,-0.818285,1.911533,1.308192,-0.035639,-0.052586,0.053794,1.673583,-0.26683,-0.65874,0.34389,-0.22756,0.099575,-1.643578,3.769804
1031,-2.128155,-2.289789,-1.487931,-0.456109,0.378934,2.318127,0.568514,-0.923504,0.476118,-1.578287,-0.642924,0.766966,0.628811,1.901993,0.094867
1049,0.55306,0.653219,-0.313741,-0.959582,-0.649747,-0.386773,-0.021192,-0.383007,-0.406133,0.107549,1.330703,-0.33734,-0.961524,0.200119,0.506933
1057,0.475557,0.653219,0.641988,-0.143912,-1.187177,0.02473,0.243717,-1.366038,-0.173962,-0.045709,-0.642924,-0.392873,0.628811,-0.825369,0.205664
1062,0.338475,0.653219,-1.066093,-1.332577,-0.624439,-0.591783,-0.900428,-0.194747,-0.034659,-0.045709,-0.642924,-0.367755,0.628811,-0.031955,0.007946
1074,-1.454759,-2.289789,0.872503,2.456199,2.995574,-0.192173,0.22142,-2.177866,-0.173962,-0.811998,-0.642924,-0.175403,0.628811,-1.643578,0.094867
1075,-2.703744,-2.289789,0.359551,2.456199,2.995574,-3.191196,-2.468346,-2.177866,-0.824041,-1.884803,-0.642924,3.782548,0.628811,1.901993,0.094867
1079,0.638905,0.653219,0.915808,0.064585,-0.890009,0.431324,1.314092,-0.440829,0.336815,0.720581,0.34389,-0.448958,0.048411,-0.525605,0.831906
1100,0.390069,0.653219,-0.471535,-0.813365,0.02749,1.396783,0.475018,0.169183,-0.359699,0.260807,1.330703,-0.349301,0.060529,0.734549,0.427145
1102,-0.326975,-0.818285,0.25972,0.467068,0.005223,-1.236968,-0.916538,1.705064,-0.034659,-0.352224,-0.642924,-0.255618,0.628811,-1.330733,0.742233
1126,0.675173,0.653219,-0.145544,-0.748288,-0.382868,0.59204,0.009388,-0.052352,-0.777607,0.720581,-0.642924,-0.473913,0.628811,0.190338,0.2846
1135,0.380003,0.653219,1.019652,0.508234,-0.941281,-0.668991,-0.226999,-0.181122,0.94046,-0.198966,0.34389,-0.343021,0.167682,-1.030763,-0.088719
1136,0.561241,0.653219,-0.279304,-0.83652,-0.493446,0.474986,0.060705,-0.147126,0.151078,0.567323,-0.642924,-0.44506,0.628811,0.181865,0.400404
1162,1.34778,0.653219,-0.284756,-0.753534,-0.249513,0.879893,1.17864,-0.012052,-0.034659,1.333612,1.330703,-0.479612,-2.397464,0.535189,0.253457
1163,-0.258684,0.653219,-1.340917,-1.092717,-0.232035,-0.487404,-1.117327,0.849316,-0.359699,-0.965256,0.34389,-0.076692,-1.52377,0.081295,0.575496
1170,0.017594,0.653219,0.034472,-0.426508,-0.739075,-0.908683,-0.515238,0.460514,-0.359699,-0.352224,-0.642924,-0.285811,0.628811,-0.893553,0.755228
1183,-0.064691,0.162718,-0.112071,-0.029397,-0.484409,-0.722946,-0.739192,1.204875,0.197512,-0.505482,-0.642924,-0.243233,0.628811,-1.643578,0.026029
1184,-1.791457,-1.799288,-0.674234,0.710918,1.502553,-1.787556,-1.271805,1.603851,0.429683,-1.578287,-0.642924,0.88759,0.628811,1.901993,0.094867
1186,-0.834273,-1.308786,-0.046655,0.274507,0.048561,-1.40206,-1.310012,1.788577,0.383249,-1.118514,-0.642924,0.013071,0.628811,-1.643578,1.041155
1189,0.835982,0.653219,0.114182,-0.297577,-0.337601,0.742097,-0.333697,0.220375,0.568986,0.720581,1.330703,-0.446183,-1.070848,0.041197,-0.716993
1191,0.623942,0.653219,0.284481,-0.315399,-0.185954,0.458222,-0.579194,0.224072,0.197512,0.873839,-0.642924,-0.466323,0.628811,0.275585,-0.162176
1193,0.716701,0.653219,0.5557,-0.039102,-0.347422,0.333514,-0.242125,0.279374,-0.824041,1.333612,1.330703,-0.486149,0.24009,-0.016103,-0.344839
1207,0.749789,0.653219,0.169757,-0.459519,-0.344748,0.81528,0.118785,-0.036572,-0.870475,1.027096,-0.642924,-0.496553,0.628811,0.338592,0.158866
1210,0.749789,0.653219,0.143046,-0.618519,-0.61455,0.011913,0.388695,0.379831,0.708289,0.260807,0.34389,-0.331087,-1.746381,-0.582698,0.725743
1214,-0.573812,-1.308786,0.911105,0.758542,0.343262,-0.124508,0.420553,1.91065,-0.545436,-0.505482,-0.642924,-0.241444,0.628811,-1.643578,5.249184
1246,0.536451,0.162718,0.155849,-0.005426,-0.430947,-0.213522,0.469317,0.583412,-0.406133,0.567323,1.330703,-0.422436,-0.853222,-0.341123,-0.449917
1247,0.305906,-0.327783,0.383772,0.446138,-0.23021,1.326831,1.887703,1.478337,-0.545436,-0.505482,3.304329,-0.205553,-2.063709,-1.643578,1.039959
1262,0.908723,0.653219,1.224238,0.662569,-0.134924,1.020327,0.959599,0.63674,-0.26683,1.640128,2.317516,-0.485626,-0.838666,0.037115,0.113818
1286,0.68224,0.653219,-0.103343,-0.724792,-0.72389,0.302264,0.924847,-0.500908,-0.452567,0.873839,-0.642924,-0.486056,0.628811,-0.037464,-0.633349
1296,0.161123,0.653219,-0.489307,-0.830405,-0.55213,-0.366778,0.242641,-0.231094,-0.081093,-0.198966,-0.642924,-0.291311,0.628811,0.129208,0.117968
1297,0.646286,0.653219,1.530128,0.753497,-0.343583,0.02794,-0.247902,0.522749,0.336815,1.027096,-0.642924,-0.47975,0.628811,-0.060734,0.403058
1299,-2.703744,-2.289789,-3.465564,2.456199,2.995574,-3.191196,-2.468346,-2.177866,-0.59187,-1.884803,-0.642924,3.782548,0.628811,-1.643578,0.094867
1315,1.225541,0.653219,0.628932,0.185023,-0.338053,0.836431,1.131364,0.534811,2.844264,1.48687,2.317516,-0.47939,-2.289839,-0.294378,-0.386971
1342,-0.258684,-0.327783,-1.37618,-1.387715,-0.884063,-0.73973,-0.68473,-0.760337,-0.173962,-0.505482,-0.642924,-0.23529,0.628811,-0.397837,-0.297313
1348,-2.128155,-2.289789,0.521862,-0.235947,0.427142,0.069262,-0.714471,-1.187936,-0.638304,-1.578287,-0.642924,0.766966,0.628811,1.901993,0.094867
1360,-0.791679,-1.799288,1.043289,1.368355,0.901644,-0.7705,-0.406382,2.016863,0.197512,-0.505482,-0.642924,-0.27721,0.628811,-1.643578,0.094867
1378,0.709922,0.653219,0.69798,0.0609,-0.481728,0.611203,1.138586,-0.045121,0.986894,1.027096,-0.642924,-0.490264,0.628811,0.055952,-0.121172
1395,-1.663451,0.162718,-0.600242,-1.084268,-0.236204,-2.576032,-1.938251,-1.991578,-0.127528,-1.884803,-0.642924,3.782548,0.628811,1.901993,-0.562149
1407,-2.128155,-1.799288,0.453913,1.657394,2.037261,-1.196435,-1.403105,0.892502,1.311934,-1.731545,-0.642924,1.77216,0.628811,1.901993,0.094867
1411,-1.288123,-0.327783,-1.003815,-0.135858,0.490968,-0.235545,-0.488348,1.051384,-0.406133,-1.578287,-0.642924,0.88759,0.628811,1.901993,-3.234876
1414,1.357198,0.653219,0.480818,0.085143,-0.43406,0.775367,0.628316,0.298534,3.215738,1.333612,3.304329,-0.462369,-2.578875,-0.171831,0.314468
1447,0.063316,-0.327783,0.414708,0.431299,-0.217937,0.173058,-0.31209,1.236831,-0.313264,-0.045709,-0.642924,-0.359515,0.628811,-0.805534,-0.14664
1448,0.723425,0.653219,0.820084,0.120233,-0.188465,0.426564,-0.283818,0.190441,-0.406133,1.333612,-0.642924,-0.50014,0.628811,0.345401,0.494753
1456,1.366511,0.653219,0.235362,-0.395984,-0.543776,1.089781,0.509983,0.051551,-0.684738,1.180354,1.330703,-0.476692,-2.373297,-0.227995,0.036232
1469,0.224543,0.162718,0.899101,0.351754,-0.99629,-0.949989,-0.596472,-0.77049,-0.638304,-0.198966,-0.642924,-0.356907,0.628811,-0.743955,-1.38955
1478,-0.014348,0.653219,-0.634877,-0.716495,-0.465296,0.263985,1.281109,0.180361,-0.91691,-0.352224,-0.642924,-0.216113,0.628811,-0.012615,-0.283703
1485,-0.21609,-0.327783,-0.61813,-0.37185,-0.404826,-0.638667,-0.895328,1.312359,-0.452567,-0.65874,-0.642924,-0.196592,0.628811,-1.552666,0.200602
1486,0.419554,0.653219,0.028112,-0.415268,-0.144345,0.649663,0.021331,0.141874,-0.26683,0.260807,-0.642924,-0.385841,0.628811,0.525477,-0.120472
1489,0.369814,0.653219,0.237809,0.038741,-0.096529,-0.123303,0.369777,0.879011,-0.173962,0.107549,-0.642924,-0.374714,0.628811,-0.225349,0.533645
1490,-0.751164,0.653219,-0.50272,-0.868175,0.104824,-1.760883,-1.067064,-0.22759,-0.638304,-1.425029,-0.642924,0.661421,0.628811,1.901993,0.470548
1500,0.338475,-0.327783,0.209313,0.400433,-0.16194,0.822469,1.486959,1.540364,0.197512,-0.505482,1.330703,-0.235006,-1.945797,-1.643578,1.672889
1502,-1.288123,-1.799288,-1.961684,-1.365321,-1.035529,0.09929,-0.386107,-0.968209,-0.731173,-0.965256,-0.642924,-0.017085,0.628811,-0.579907,0.094867
1504,0.475557,0.653219,0.020067,-0.491733,-0.604222,-0.022069,0.545858,-0.115928,-0.406133,0.567323,-0.642924,-0.423462,0.628811,-0.046123,0.378159
1512,1.225541,0.653219,-0.067531,-0.611721,-0.513158,0.874691,0.43586,-0.00038,-0.313264,1.180354,1.330703,-0.458667,-2.370421,0.019389,0.139537
1525,0.769027,0.653219,-0.089714,-0.574423,-0.341712,0.695426,-0.288345,0.139511,-0.26683,1.027096,0.34389,-0.451221,-0.315122,0.183755,-0.160162
1536,0.841809,0.653219,0.25257,-0.194754,-0.43531,0.567103,-0.047023,0.146186,0.011775,0.873839,1.330703,-0.448748,-1.088402,0.004364,0.198989
1541,0.528021,0.653219,-0.433916,-0.788879,-0.871342,-0.070871,0.293422,-0.734765,-0.91691,-0.198966,0.34389,-0.284593,-1.636657,-0.364248,-1.261357
1542,-1.942857,-0.818285,-2.199009,-0.510026,0.383518,1.063134,-1.227331,1.045656,-0.26683,-1.884803,-0.642924,3.782548,0.628811,1.901993,-5.983436
1544,-2.128155,-1.308786,-0.314278,0.416186,0.837386,-1.997152,-1.862021,1.280849,-0.91691,-1.884803,-0.642924,3.782548,0.628811,1.901993,-2.45585
1566,0.048353,0.653219,-0.11008,-0.003212,0.918733,0.959054,2.190702,0.247464,-0.26683,0.107549,-0.642924,-0.235125,0.628811,1.508041,0.3023
1569,0.78783,0.653219,0.08392,-0.549508,-0.356116,0.773895,0.111015,0.008325,-0.26683,1.180354,0.34389,-0.508378,0.555509,0.195854,-0.094502
1580,-0.100032,-0.818285,-0.01926,0.186588,-0.086663,-0.381326,0.385455,1.372356,0.011775,-0.198966,-0.642924,-0.358851,0.628811,-0.855673,-0.155402
1582,-0.542473,0.653219,-0.474745,-0.83777,-0.553883,-1.146451,-0.868401,-0.84825,0.151078,-0.811998,-0.642924,0.075524,0.628811,0.538312,-0.331853
1588,0.749789,0.653219,0.633854,-0.012821,-0.429327,0.469615,0.556247,-0.087929,-0.452567,1.180354,-0.642924,-0.499357,0.628811,0.199002,-0.200042
1603,0.806215,0.653219,1.493915,0.736933,-0.096035,0.185864,-0.359532,0.213572,-0.731173,1.48687,-0.642924,-0.51534,0.628811,0.442052,-0.24491
1604,0.709922,0.653219,0.241163,-0.267203,-0.515398,0.044792,-0.148691,-0.023373,-0.59187,1.333612,-0.642924,-0.50324,0.628811,0.085254,0.303337
1606,-2.367046,-2.289789,-3.140386,-1.489234,-0.677791,0.314019,-1.073929,-0.223312,0.011775,-1.731545,0.34389,1.520862,-1.826925,0.129208,0.094867
1609,-0.195586,0.162718,-0.668618,-0.436049,0.285194,0.842251,0.665412,0.796487,0.429683,-0.811998,-0.642924,-0.152786,0.628811,0.572404,-0.580212
1613,0.689248,0.653219,0.492284,-0.072834,-0.250916,0.326529,0.04068,0.140703,-0.406133,1.180354,-0.642924,-0.486133,0.628811,0.339538,-0.10315
1617,-2.367046,-2.289789,-2.146196,2.456199,2.995574,-1.963017,-1.979761,-2.177866,-0.59187,-1.731545,-0.642924,1.520862,0.628811,1.901993,0.094867
1620,-0.237114,-0.327783,-0.399849,0.075245,0.898872,0.981261,0.984597,0.383252,0.661855,-0.811998,0.34389,-0.057933,-0.493617,1.901993,0.807018
1625,-0.401389,-1.308786,-0.411379,-0.239355,-0.807849,0.019732,0.184412,-0.141881,-0.824041,-0.198966,-0.642924,-0.350148,0.628811,-0.728592,-5.674627
1640,-2.703744,-2.289789,-5.232783,-2.664712,-0.806983,-3.191196,-2.468346,-2.177866,-0.545436,-1.884803,-0.642924,3.782548,0.628811,1.901993,0.094867
1644,0.756252,0.653219,1.028978,0.357593,-0.10916,0.439921,-0.071533,0.339232,-0.638304,1.333612,-0.642924,-0.503391,0.628811,0.378506,-0.457768
1653,-1.663451,0.162718,-1.372316,-1.683941,-0.097551,-2.337452,-1.672888,-1.9569,-0.290047,-1.884803,-0.642924,3.782548,0.628811,1.901993,-0.873131
1660,0.892494,0.653219,0.684847,0.247668,-0.298434,1.369559,1.151115,0.33796,-0.081093,1.48687,2.317516,-0.515658,-0.49647,-0.023416,-0.387145
1662,0.769027,0.653219,1.008679,0.359106,-0.054856,0.234663,-0.105751,0.296892,-0.359699,1.48687,-0.642924,-0.510106,0.628811,0.456491,-0.378298
1668,0.536451,0.653219,0.924201,0.251337,-0.777222,0.047842,0.253004,0.107193,-0.173962,0.720581,0.34389,-0.437508,0.529599,-0.594378,0.22419
1673,0.824203,0.653219,0.863276,0.211813,-0.156777,0.885064,0.335303,0.18108,-0.406133,1.48687,-0.642924,-0.520052,0.628811,0.397039,-0.200281
1676,-0.606381,-1.799288,-1.092994,-1.18822,-0.110431,0.031217,-0.165764,-0.681551,0.197512,-0.505482,0.34389,-0.175403,-1.554065,1.163333,0.094867
1678,-0.834273,-1.308786,-0.02959,0.234827,0.294146,-0.329826,-0.214496,1.923989,-0.545436,-0.965256,-0.642924,-0.042773,0.628811,-1.643578,2.938168
1684,-0.712534,0.653219,1.01474,0.178678,0.385346,-0.051023,1.431217,-1.068171,-0.870475,-1.578287,-0.642924,0.766966,0.628811,1.901993,0.16965
1700,0.864718,0.653219,0.254823,0.064708,-0.314281,0.003129,-0.020604,0.976333,0.754723,0.414065,1.330703,-0.395778,-1.819551,-0.672189,0.587924
1703,-0.237114,-0.818285,-1.195881,-1.492478,-0.685489,-0.314009,-1.157302,-0.594783,-0.91691,-0.505482,-0.642924,-0.27721,0.628811,0.035903,0.092831
1712,-1.454759,-2.289789,-0.989673,-1.520592,-0.465048,0.091846,-0.04931,0.609728,-0.638304,-0.811998,-0.642924,-0.175403,0.628811,-0.313989,0.094867
1717,0.924642,0.653219,1.102603,0.431287,-0.24275,1.549052,0.615957,0.407902,-0.26683,1.48687,1.330703,-0.487395,-0.496589,0.027583,0.335182
1722,0.689248,0.653219,1.166962,0.358748,-0.974972,0.935932,1.786817,-0.498162,0.336815,0.414065,2.317516,-0.403618,-0.906994,-0.682067,-0.053899
1724,0.409841,0.653219,-1.077108,-1.437396,-0.435248,0.603939,-0.396414,-0.459503,-0.220396,0.414065,-0.642924,-0.407469,0.628811,0.5513,0.039264
1728,0.585312,0.653219,0.334087,0.051158,-0.488307,0.710489,0.529745,0.447346,0.986894,0.414065,1.330703,-0.421311,-0.247589,-0.586725,0.343071
1729,0.338475,-0.818285,-1.502085,-1.56291,-0.854718,0.376647,-0.041607,-0.515243,-0.684738,0.414065,1.330703,-0.401323,-2.139638,-0.446372,0.712139
1732,-2.703744,-2.289789,2.333249,2.456199,2.995574,-3.191196,-2.468346,-2.177866,-0.290047,-1.884803,-0.642924,3.782548,0.628811,-1.643578,0.094867
1744,0.853343,0.653219,0.390842,-0.350398,-0.626855,0.677295,1.137838,-0.347175,2.704961,0.567323,1.330703,-0.408814,-1.391581,0.129208,0.649712
1745,-0.100032,0.162718,-0.517985,-0.017086,0.660675,1.052607,0.039119,0.964441,-0.406133,-0.198966,-0.642924,-0.314175,0.628811,0.483765,-0.382534
1761,0.68224,0.653219,0.292834,-0.300667,-0.219003,0.534781,-0.243845,0.257174,-0.684738,1.333612,-0.642924,-0.489361,0.628811,0.356488,0.322608
1763,-1.03057,0.653219,-1.107314,-1.477012,-0.222111,-1.922168,-2.198536,-1.773542,-0.290047,-1.578287,-0.642924,0.966979,0.628811,1.901993,-0.621876
1771,0.980531,0.653219,-0.33244,-0.688147,-0.494956,0.391583,0.439131,-0.081849,0.011775,1.180354,0.34389,-0.484397,-1.090482,0.150312,0.067331
1779,0.929881,0.653219,0.126751,-0.519181,-0.298315,-0.117103,-0.536392,-0.021477,-0.173962,1.027096,0.34389,-0.463232,-1.099372,0.398492,0.054844
1786,1.502855,0.653219,0.856214,0.131444,-0.530197,0.933656,1.322518,0.041721,1.126197,1.48687,1.330703,-0.495395,-2.568151,-0.117636,-0.019278
1794,0.824203,0.653219,0.861524,0.259665,-0.34746,0.549745,0.720204,0.197587,-0.034659,1.333612,0.34389,-0.47557,-0.631023,0.243992,0.231653
1815,0.723425,0.653219,1.146036,0.38892,-0.470426,0.168425,0.227713,-0.101284,-0.406133,1.027096,-0.642924,-0.489974,0.628811,0.085969,-0.064485
1821,-1.663451,-1.799288,-0.72345,1.119793,1.805611,-1.616143,-1.155546,1.237495,-0.452567,-1.425029,-0.642924,0.515668,0.628811,1.901993,0.094867
1826,-0.237114,-0.327783,-1.068361,-0.590167,-0.294385,0.102464,-0.168102,0.388868,0.568986,-0.045709,0.34389,-0.296005,-1.146666,0.315817,-1.926834
1829,0.199753,0.653219,-0.721105,-0.421852,0.78914,-0.233306,-0.761155,1.223037,-0.777607,0.567323,0.34389,-0.369319,-1.826343,0.265576,0.353865
1832,0.120608,-1.308786,-0.316731,-0.692757,-0.742539,1.056126,0.07044,-0.439967,0.986894,0.260807,0.34389,-0.396471,-1.453732,-0.201312,-2.087405
1836,0.338475,0.653219,0.704157,0.031332,-0.689611,-0.026758,0.113753,0.486245,-0.313264,0.107549,-0.642924,-0.375384,0.628811,-0.860789,2.438277
1839,0.762664,0.653219,0.448464,-0.176698,-0.228916,0.314348,-0.364081,0.084734,-0.684738,1.180354,-0.642924,-0.500263,0.628811,0.362831,-0.079606
1845,0.749789,0.653219,0.181597,-0.301028,-0.339842,-0.001804,-0.882639,0.175413,-0.777607,1.48687,-0.642924,-0.510014,0.628811,0.171085,-0.316688
1847,0.544797,0.653219,-0.4964,-0.911362,-0.817392,0.242144,0.194157,-0.71658,0.197512,0.260807,-0.642924,-0.423759,0.628811,-0.139396,-0.802144
1850,0.847596,0.653219,1.663542,0.816469,-0.115597,0.676603,0.519528,0.334781,0.336815,1.48687,-0.642924,-0.523382,0.628811,0.339958,-0.099477
1865,0.283461,-0.327783,-0.715637,-0.49201,0.248617,0.46743,-0.611373,0.911039,0.104644,0.260807,0.34389,-0.410995,0.113409,0.375428,0.126758
1876,0.544797,0.653219,0.510646,0.138415,-0.439341,0.352043,0.328238,0.22668,-0.545436,0.720581,-0.642924,-0.446835,0.628811,-0.031955,-0.381173
1882,-0.326975,-1.308786,-0.717615,0.563094,1.38633,-0.273931,-0.090564,1.344457,-0.081093,0.720581,0.34389,-0.40431,0.08498,0.442052,0.477886
1886,-2.703744,-2.289789,-3.082207,2.456199,2.995574,-3.191196,-2.468346,-2.177866,-0.638304,-1.884803,-0.642924,3.782548,0.628811,-1.643578,0.094867
1901,0.914064,0.653219,0.266023,-0.520761,-0.333662,1.040693,1.20472,0.252886,2.054882,1.027096,1.330703,-0.495122,-0.649296,-0.042352,0.804575
1906,-1.663451,0.162718,-0.809147,-1.376938,-0.440104,-3.040761,-2.337673,-2.177866,-0.290047,-1.884803,-0.642924,3.782548,0.628811,1.901993,0.281595
1917,-2.703744,-2.289789,-0.427768,2.456199,2.995574,-3.191196,-2.468346,-2.177866,-0.684738,-1.884803,-0.642924,3.782548,0.628811,1.901993,0.094867
1926,-0.014348,0.653219,-0.993232,-1.697771,0.446903,-0.811564,-0.508679,1.510276,-0.290047,0.107549,0.34389,-0.33553,-0.408492,-0.579907,0.308652
1938,0.955592,0.653219,0.505269,-0.102728,-0.481534,0.864446,1.252412,0.076961,2.379922,0.873839,1.330703,-0.443738,-1.395006,0.031324,0.117858
1939,0.881495,0.653219,0.674871,-0.018343,-0.564938,0.378087,0.788278,-0.426309,-0.452567,0.873839,0.34389,-0.463118,-0.78616,0.236289,0.128042
1951,0.903349,0.653219,1.765834,0.994666,-0.171863,1.168718,0.988765,0.376986,0.61542,1.333612,1.330703,-0.499477,-0.37073,0.210316,-0.498318
1952,0.703088,0.653219,0.402433,-0.274009,-0.364675,0.481192,0.212645,0.069337,-0.220396,1.027096,-0.642924,-0.491411,0.628811,0.129208,0.136629
1953,0.769027,0.653219,0.185877,0.004155,-0.611674,0.56531,0.200285,0.714779,-0.127528,0.107549,2.317516,-0.3099,-1.976884,-1.098105,-0.320551
1955,0.743276,0.653219,0.885955,0.399874,-0.211295,0.549561,-0.23261,0.400884,-0.824041,1.027096,0.34389,-0.485537,0.326871,0.01665,0.281265
1958,0.120608,0.162718,-0.655264,-0.832837,-0.91802,-0.520488,0.074134,-0.195169,-0.26683,-0.198966,-0.642924,-0.321103,0.628811,-0.742161,-0.862525
1968,0.199753,0.653219,0.537444,-0.108504,-1.006646,-0.965449,-0.530141,-0.310912,-0.313264,-0.352224,-0.642924,-0.285811,0.628811,-0.989011,0.595456
1981,1.195748,0.653219,-0.00752,-0.508747,-0.380449,0.534728,0.164272,-0.015699,1.311934,1.027096,1.330703,-0.460612,-2.088186,0.373169,-0.325323
1992,0.272007,0.653219,-1.529309,-1.868839,-0.543105,-0.090124,-0.493555,-0.930719,-0.638304,-0.352224,0.34389,-0.319983,-0.014231,0.853303,-0.146558
1996,-1.454759,-2.289789,-0.252463,2.456199,2.995574,-0.882044,-0.720402,-2.177866,-0.59187,-0.811998,-0.642924,-0.175403,0.628811,-1.200382,0.094867
2006,0.493416,0.653219,0.544762,-0.1222,-0.112477,0.91683,0.091243,0.446007,-0.359699,0.567323,-0.642924,-0.421275,0.628811,0.300768,-0.154185
2017,-0.454981,0.653219,-1.570239,0.003639,1.254782,0.370664,0.830779,0.877484,-0.290047,-0.198966,-0.642924,-0.133047,0.628811,0.312599,0.493506
2025,0.794004,0.653219,1.574909,0.841464,-0.259617,0.863455,1.194439,0.211158,1.126197,1.180354,0.34389,-0.504529,0.413818,0.155667,-0.118849
2049,0.762664,0.653219,1.110551,0.423239,-0.246909,0.154318,-0.095172,0.252058,0.197512,1.180354,-0.642924,-0.500263,0.628811,0.170435,-0.432854
2053,-1.03057,-1.799288,-0.220478,-0.510805,-0.477624,0.305877,-0.101957,-0.269663,-0.638304,-0.505482,-0.642924,-0.233099,0.628811,0.129208,0.094867
2056,0.660855,0.653219,0.802631,0.103034,-0.81908,0.849946,1.090857,-0.598024,2.194185,0.567323,-0.642924,-0.466554,0.628811,-0.275112,-0.276062
2089,-1.288123,-2.289789,-2.295212,-1.980091,-0.835139,0.048317,-0.803562,-0.628163,-0.545436,-0.505482,-0.642924,-0.288487,0.628811,-0.225349,0.094867
2090,0.390069,0.162718,0.689423,0.39294,0.010282,0.320145,0.694174,1.07192,-0.545436,0.567323,-0.642924,-0.459627,0.628811,-0.25994,0.55795
2093,-2.367046,-2.289789,-1.34061,2.456199,2.995574,0.858413,-0.857363,-2.177866,-0.313264,-1.731545,-0.642924,1.520862,0.628811,1.901993,0.094867
2105,1.055647,0.653219,1.340129,0.54548,-0.346129,1.028259,1.942627,0.161526,0.011775,1.640128,2.317516,-0.498195,-1.165698,0.206285,-0.48406
2109,0.703088,0.653219,0.950094,0.263321,-0.070414,0.174619,-0.765777,0.246614,-0.824041,1.48687,-0.642924,-0.49895,0.628811,0.424672,-0.017494
2114,0.134334,-1.308786,-0.248314,0.595947,0.767268,0.657374,1.417886,1.569715,-0.26683,0.414065,1.330703,-0.394032,-1.728695,-0.225349,1.12346
2131,-0.280829,0.653219,0.24888,-0.574525,0.334908,1.806523,3.371476,-0.657058,-0.638304,-1.118514,-0.642924,0.117779,0.628811,1.901993,0.114121
2144,-0.21609,-0.818285,1.099494,1.088109,0.048561,0.137864,0.078594,1.727214,0.243946,-0.045709,-0.642924,-0.321498,0.628811,-1.27993,-1.267603
2147,0.85905,0.653219,1.577584,1.131906,-0.020404,0.462982,0.614421,0.672124,0.058209,1.333612,3.304329,-0.496207,-0.547139,-0.078636,0.091842
2150,-0.427753,0.162718,-2.144394,-1.663239,-0.688192,-1.433188,-0.643452,0.92163,-0.684738,-1.271771,-0.642924,0.16385,0.628811,-1.643578,0.247716
2189,0.870348,0.653219,0.448627,-0.240479,-0.607402,0.711584,0.984492,0.06784,-0.406133,1.027096,0.34389,-0.458022,-0.885838,-0.292884,0.127997
2213,-1.288123,-2.289789,-0.786353,2.456199,2.995574,0.03913,0.320133,-2.177866,-0.638304,-0.65874,0.34389,-0.19802,-0.255254,-0.579907,0.094867
2214,-0.326975,0.162718,-0.143308,-0.016045,0.679733,0.164146,0.828504,0.237391,-0.777607,-1.118514,0.34389,0.20611,-0.603306,1.901993,0.456445
2217,0.800132,0.653219,0.9642,0.349728,-0.204359,0.546204,-0.099837,0.299873,-0.684738,1.793386,-0.642924,-0.523156,0.628811,0.273657,0.471654
2228,0.063316,0.653219,-0.984174,-0.884883,-0.082159,-0.285721,0.476917,0.517044,-0.313264,-0.198966,-0.642924,-0.308674,0.628811,0.16144,0.00922
2229,-1.942857,-2.289789,-1.274916,-1.198957,0.075572,0.788742,-1.149457,-1.179558,-0.638304,-1.425029,-0.642924,0.390019,0.628811,1.901993,0.094867
2232,1.264836,0.653219,0.424706,-0.153398,-0.486278,0.184765,0.198148,0.03112,0.151078,1.180354,1.330703,-0.48868,-2.031143,-0.027875,-0.082802
2237,0.668045,0.653219,-0.226368,-0.643032,-0.465082,-0.166485,-0.13444,-0.420895,-0.777607,0.260807,0.34389,-0.362195,-1.305325,0.452934,-0.399452
2244,0.723425,0.653219,-0.12107,-0.604373,-0.56726,0.367523,0.590364,-0.299755,-0.91691,1.027096,-0.642924,-0.494758,0.628811,0.143621,-0.367674
2252,0.187075,0.653219,1.61578,1.076569,-0.540549,0.13511,-0.137833,1.02009,0.429683,-0.198966,-0.642924,-0.301297,0.628811,-1.255781,1.351782
2257,0.528021,0.653219,-0.308481,-0.806027,-0.758084,-0.246177,-0.311718,-0.393319,-0.173962,0.414065,0.34389,-0.435548,0.528587,-0.181487,-0.541585
2260,-0.791679,-0.327783,-0.679969,-0.145672,0.37985,-0.821954,-1.930656,0.864039,-0.545436,-1.271771,-0.642924,0.299175,0.628811,1.155557,0.469468
2265,0.847596,0.653219,1.256664,0.681761,-0.096932,0.983586,0.581167,0.452162,1.2655,1.333612,1.330703,-0.48799,-0.250253,0.315164,-0.435571
2268,0.369814,0.162718,0.047445,0.010837,-0.092934,0.264519,0.115707,0.990802,-0.545436,0.414065,-0.642924,-0.424188,0.628811,-0.225349,0.193288
2279,0.585312,0.653219,-0.395968,-0.502415,-0.37222,0.379501,0.4641,0.657773,0.151078,0.260807,0.34389,-0.31174,-1.164857,-0.552633,-0.076463
2290,0.448027,0.653219,-0.335917,-0.788438,-0.706274,0.288769,0.501494,-0.514598,-0.684738,0.107549,-0.642924,-0.395029,0.628811,-0.072245,-0.639128
2305,0.063316,-1.308786,0.433049,0.723828,0.262889,0.367132,0.286476,1.831416,0.290381,-0.65874,2.317516,-0.15615,-2.495047,-1.643578,-0.017332
2313,0.85905,0.162718,-0.657409,-0.857047,-0.678109,0.45397,-0.168462,-0.129232,-0.173962,0.107549,2.317516,-0.34905,-2.36923,-0.274254,-1.209097
2324,0.812255,0.653219,1.083441,0.290246,-0.433308,0.209981,-0.16117,-0.05277,-0.731173,1.333612,0.34389,-0.509221,0.41842,0.090388,0.397223
2333,0.369814,-0.327783,0.435844,0.239108,-0.485585,-0.571324,-0.053866,1.188272,-0.173962,-0.505482,0.34389,-0.244667,-1.728695,-1.643578,0.807591
2343,0.466481,0.653219,0.079639,-0.087851,-0.319039,-0.293704,-0.338354,0.855972,-0.59187,0.107549,1.330703,-0.362201,-0.43716,-0.422326,0.745829
2358,1.028268,0.653219,0.489027,-0.114859,-0.612952,0.085297,0.860084,-0.028474,-0.406133,0.873839,0.34389,-0.468143,-1.425128,-0.269171,-0.279365
2361,0.063316,-0.818285,1.311877,0.769222,-0.299722,-0.434034,-0.546314,1.416923,-0.545436,-0.505482,0.34389,-0.24288,-1.319541,-1.643578,0.905585
2363,-0.258684,-1.308786,-0.106901,-0.240244,-0.786153,0.04214,0.231916,-0.488789,0.104644,0.260807,-0.642924,-0.420322,0.628811,-0.30201,-4.22643
2364,1.214494,0.653219,-0.001017,-0.561622,-0.474653,0.819796,0.945015,-0.00914,0.197512,1.48687,1.330703,-0.484953,-1.932356,0.153057,0.07748
2379,1.037495,0.653219,-0.036049,-0.712159,0.00728,0.168771,0.717276,-0.189685,-0.290047,0.567323,4.291142,-0.153065,-3.20244,1.153484,0.108387
2386,-0.834273,-1.308786,0.365956,0.992105,0.048561,0.678849,-0.564626,1.788577,-0.313264,-1.118514,-0.642924,0.013071,0.628811,-1.643578,-4.188647
2393,0.781609,0.653219,1.08959,0.442053,-0.152908,0.523689,-0.073832,0.387214,-0.452567,1.48687,-0.642924,-0.509775,0.628811,0.209789,-0.397882
2395,1.009501,0.653219,0.605663,0.002345,-0.371626,0.490548,0.780544,0.190805,-0.034659,1.48687,1.330703,-0.508052,-1.058635,0.129208,0.26587
2398,-1.288123,-2.289789,0.111085,2.456199,2.995574,-0.766002,-1.241727,-2.177866,0.429683,-0.505482,-0.642924,-0.288487,0.628811,-0.579907,0.094867
2405,-1.942857,-0.818285,-2.121741,-0.735484,0.336914,-0.461124,-1.567679,1.110035,-0.499001,-1.884803,-0.642924,3.782548,0.628811,1.901993,-3.635779
2406,-0.640279,-1.799288,-1.562012,-1.191056,-0.1807,1.064436,1.049674,-0.690022,-0.545436,-0.505482,0.34389,-0.167921,-1.450905,1.131217,0.094867
2418,0.716701,0.653219,0.884933,0.075059,-0.362668,0.407779,0.21058,-0.029595,0.522552,1.180354,1.330703,-0.498913,0.469759,0.274518,-0.149594
2429,0.593183,0.653219,0.557479,-0.222472,-0.45852,0.056056,0.17964,-0.071988,-0.545436,0.720581,-0.642924,-0.451575,0.628811,0.078557,0.241007
2432,0.623942,0.653219,0.354616,-0.354748,-0.673503,0.308962,0.475351,-0.051635,1.683408,0.720581,0.34389,-0.457186,0.198886,-0.17981,0.126491
2444,-0.303582,-0.327783,-0.258525,-0.432808,0.386381,1.201294,1.491528,-0.482588,-0.359699,-0.811998,-0.642924,-0.161094,0.628811,1.901993,-1.603493
2446,0.608705,0.653219,-0.228677,-0.58957,-0.058698,1.113647,-0.099878,0.09774,-0.638304,1.027096,-0.642924,-0.466238,0.628811,0.642818,-0.156717
2463,0.716701,0.653219,1.336303,0.570891,-0.586906,0.350262,1.086944,-0.147071,0.290381,1.027096,-0.642924,-0.486757,0.628811,-0.132351,-0.186658
2477,-2.703744,-2.289789,-3.025317,2.456199,2.995574,-3.191196,-2.468346,-2.177866,-0.290047,-1.884803,-0.642924,3.782548,0.628811,-1.643578,0.094867
2479,0.048353,0.653219,-0.273521,-1.32553,0.347113,-0.967881,-1.192487,0.45951,-0.290047,0.107549,0.34389,-0.303379,0.278473,0.654478,-0.49306
2485,0.98543,0.653219,0.61586,0.044504,-0.419568,0.219678,0.243597,0.17857,-0.313264,0.873839,1.330703,-0.447354,-1.421691,-0.091079,-0.293889
2486,0.78783,0.653219,0.986888,0.269671,-0.47108,0.519342,1.44043,-0.057824,0.847592,0.873839,1.330703,-0.488943,0.133471,0.169195,-0.455232
2517,0.017594,0.162718,-0.184677,-0.151172,0.690132,0.742728,-0.036307,0.187699,-0.545436,-0.965256,0.34389,-0.024847,-1.114907,1.901993,0.314509
2519,0.668045,0.653219,1.121397,0.589012,-0.499535,0.463722,0.587879,0.481615,0.61542,0.720581,1.330703,-0.43539,-0.796537,-0.564491,0.161917
2523,0.519504,0.653219,-0.664868,-1.280005,-0.594856,-0.080981,-0.640428,-0.438723,-0.545436,0.414065,-0.642924,-0.427683,0.628811,0.092275,0.318288
2529,0.945403,0.653219,0.589626,-0.036312,-0.140985,-0.112801,-0.819933,0.031207,0.011775,1.333612,0.34389,-0.488663,-0.742255,0.514596,0.188639
2530,-0.375836,0.653219,-0.826123,-0.976828,0.057589,-0.312809,0.471723,-0.919529,-0.290047,-0.965256,0.34389,-0.007543,0.053248,1.901993,-0.277873
2549,-2.703744,-2.289789,1.091727,2.402192,1.239461,-3.191196,-2.468346,-2.177866,-0.173962,-1.884803,-0.642924,3.782548,0.628811,1.901993,0.094867
2558,0.638905,0.653219,1.123941,0.365918,-0.462023,0.233949,0.484651,0.30377,-0.406133,1.027096,-0.642924,-0.475391,0.628811,-0.110358,0.133483
2563,-1.454759,-2.289789,1.141593,2.456199,2.995574,-0.83926,-0.378336,-2.177866,-0.220396,-0.811998,-0.642924,-0.175403,0.628811,-1.643578,0.094867
2565,0.709922,0.653219,0.952077,0.336495,-0.284469,0.272927,-0.235271,0.243837,-0.313264,1.180354,-0.642924,-0.494589,0.628811,0.114557,-0.086068
2570,0.716701,0.653219,1.450974,0.605473,-0.462227,0.964741,1.076038,-0.023831,2.79783,1.180354,-0.642924,-0.492835,0.628811,0.071084,0.078956
2583,-2.703744,-2.289789,-2.38763,2.456199,2.995574,-3.191196,-2.468346,-2.177866,-0.290047,-1.884803,-0.642924,3.782548,0.628811,1.901993,0.094867
2586,-1.552566,-2.289789,-0.363036,2.456199,2.995574,-0.286101,-0.222148,-2.177866,-0.081093,-0.965256,-0.642924,-0.094628,0.628811,-1.643578,0.094867
2595,1.148953,0.653219,0.020201,-0.428497,0.145669,0.361941,0.101546,-0.10796,-0.290047,0.873839,3.304329,-0.341528,-2.483392,1.196321,0.019298
2606,0.212241,0.162718,0.988447,0.56881,-0.504221,-0.037528,0.598327,0.848838,-0.777607,-0.352224,-0.642924,-0.329609,0.628811,-0.998929,-0.484002
2613,-0.375836,-0.327783,-0.629294,0.172887,0.048113,-0.032037,-0.857509,1.411208,0.290381,-0.65874,-0.642924,-0.219576,0.628811,-0.757185,-1.775181
2647,-2.367046,-1.799288,-2.528778,-0.98608,-1.424946,-2.54497,-2.211269,-2.177866,-0.26683,-1.884803,-0.642924,3.782548,0.628811,-1.643578,0.094867
2651,0.409841,0.653219,1.340671,0.513737,-0.939203,0.076217,0.486522,-0.28034,0.754723,0.414065,-0.642924,-0.403623,0.628811,-0.757185,-0.495659
2657,-1.663451,-2.289789,-0.076151,2.456199,2.995574,-1.270074,-0.959906,-2.177866,-0.684738,-1.425029,0.34389,0.515668,-1.554065,-1.643578,0.094867
2660,0.668045,0.653219,0.041552,-0.395952,-0.396353,0.098653,-0.40551,0.124024,0.011775,1.180354,-0.642924,-0.481906,0.628811,0.082961,0.2375
2663,0.945403,0.653219,0.719592,0.335257,-0.091896,0.69935,-0.158001,0.276498,0.243946,1.180354,1.330703,-0.481683,-0.920365,0.382463,0.041414
2669,0.561241,0.653219,0.353826,-0.337113,-0.666727,0.08583,0.595679,0.014121,-0.684738,0.414065,0.34389,-0.421115,0.25519,-0.309601,-0.102201
2674,0.1742,0.653219,-0.253508,-0.94332,-0.900537,-0.898995,-0.590885,0.096488,0.243946,-0.505482,-0.642924,-0.279256,0.628811,-1.02451,0.970175
2677,1.210778,0.653219,-0.225392,-0.677587,-0.359207,0.045731,0.183885,-0.271302,-0.824041,1.333612,1.330703,-0.480715,-2.0372,0.62431,0.020085
2678,-1.791457,-0.327783,-2.180556,-1.98767,-0.403276,-0.729104,-2.292741,-2.025538,-0.290047,-1.884803,-0.642924,3.782548,0.628811,1.901993,-2.364935
2711,0.120608,-0.327783,-0.537043,0.041299,0.750296,0.227744,-0.406661,0.62536,1.822711,0.107549,1.330703,-0.28212,-1.93345,1.240955,-1.047045
2722,-0.303582,-0.327783,-1.51513,-1.071968,-0.034681,-0.768216,-0.779665,1.097976,0.754723,-0.352224,-0.642924,-0.301411,0.628811,-0.326651,-0.781496
2726,-1.149401,-2.289789,-0.252763,-0.885248,-0.629094,0.554598,0.251363,-0.169284,-0.684738,-0.198966,-0.642924,-0.363877,0.628811,0.129208,0.094867
2730,-1.942857,-1.799288,1.472356,0.937765,0.670469,-0.86354,-0.800412,-1.752771,-0.359699,-1.731545,-0.642924,1.520862,0.628811,1.901993,0.094867
2741,0.569342,0.653219,-0.004169,-0.649107,-0.527871,0.403459,0.299722,-0.149846,-0.452567,0.567323,-0.642924,-0.454744,0.628811,0.129208,0.371622
2745,0.794004,0.653219,1.309368,0.320925,-1.035082,1.033588,2.030987,-0.168847,2.14775,0.107549,2.317516,-0.30199,-2.21807,-1.273145,0.618214
2747,-0.195586,-1.308786,0.618568,0.967485,0.453775,-0.306539,0.07803,1.915888,0.894026,-0.65874,1.330703,-0.209328,-1.759392,-1.643578,2.10968
2752,0.887012,0.653219,0.639731,-0.057064,-0.682113,1.085295,1.853175,-0.035863,-0.359699,1.027096,0.34389,-0.463793,-0.903132,-0.248987,0.321339
2757,0.940261,0.653219,-0.111576,-0.320463,-0.205023,0.522104,0.015572,0.222371,-0.545436,0.873839,1.330703,-0.398744,-1.92784,0.417285,-0.175151
2776,0.646286,0.653219,0.091524,-0.622979,-0.486278,0.545309,0.437301,-0.023518,-0.731173,0.720581,-0.642924,-0.472538,0.628811,0.065894,0.174804
2783,0.709922,0.653219,0.342095,-0.396901,-0.442934,0.529275,0.124885,-0.01582,-0.545436,0.873839,-0.642924,-0.48841,0.628811,0.114557,0.296465
2788,1.288908,0.653219,0.466328,-0.131626,-0.778951,0.533403,0.592368,-0.203249,1.776277,1.180354,2.317516,-0.461077,-2.398951,-0.466565,0.224577
2805,1.47081,0.653219,0.436744,-0.301509,-0.576322,0.720814,0.990979,-0.024197,4.376594,1.48687,1.330703,-0.492767,-2.538327,-0.104054,0.334565
2837,0.134334,0.653219,-0.713385,-1.168907,-0.205574,0.524048,-0.260316,-0.416804,-0.731173,-0.505482,-0.642924,-0.235714,0.628811,1.074693,0.288181
2842,0.723425,0.653219,1.305238,0.545534,-0.459499,0.738358,0.96855,0.056617,3.447909,1.027096,0.34389,-0.485789,0.319754,-0.029334,0.692572
2846,0.199753,0.653219,-1.050498,-1.671566,-0.571282,0.425656,-0.30804,-0.502122,-0.173962,-0.352224,-0.642924,-0.317929,0.628811,0.320123,0.128669
2857,0.769027,0.653219,0.919416,0.211578,-0.211215,0.236007,-0.179477,0.255028,-0.824041,1.333612,-0.642924,-0.503682,0.628811,0.183755,0.0227
2859,0.689248,0.653219,1.039679,0.560568,-0.227416,0.314994,0.933904,0.632592,0.708289,1.180354,1.330703,-0.472489,0.073607,-0.171264,-0.045536
2860,0.703088,0.653219,0.538058,0.028669,-0.906148,0.734042,1.539799,-0.084536,-0.173962,0.260807,2.317516,-0.312989,-1.523369,-0.96401,-0.250558
2864,0.544797,0.653219,-0.441202,-0.986197,-0.485416,-0.22015,-0.649569,-0.335723,-0.452567,0.567323,-0.642924,-0.444066,0.628811,0.29037,0.3359
2866,-1.288123,-2.289789,-2.564103,-1.883157,-0.460285,1.07396,0.466718,-0.426683,-0.359699,-0.505482,-0.642924,-0.288487,0.628811,0.483765,0.094867
2869,-1.215868,-0.818285,-0.671067,-0.784622,-0.069061,-1.170382,-0.348994,-1.598089,-0.638304,-1.578287,-0.642924,0.791889,0.628811,1.901993,-1.216232
2873,0.908723,0.653219,-0.305461,-0.742556,-0.818647,-0.43748,-0.363596,-0.593359,-0.034659,0.414065,0.34389,-0.400942,-1.644267,-0.331256,-0.631843
2899,-0.136945,-1.308786,-0.165439,0.307753,0.322702,-0.910741,-0.358538,1.867408,0.894026,-0.505482,1.330703,-0.190387,-1.931848,-1.643578,1.478699
2900,0.063316,-0.327783,1.188295,0.943958,-0.094269,-0.155934,-0.011069,1.336124,0.011775,0.107549,-0.642924,-0.371478,0.628811,-0.805534,0.604723
2902,0.929881,0.653219,0.000282,-0.518953,-0.790518,1.577831,2.367041,-0.060342,0.058209,0.567323,2.317516,-0.324074,-1.851321,-0.656204,-0.428151
2913,0.349053,0.653219,0.036457,-0.518391,-0.654853,-0.086507,0.038066,-0.321183,-0.638304,-0.045709,-0.642924,-0.363133,0.628811,-0.143529,-0.152189
2914,0.187075,-0.327783,0.017199,0.631224,0.382355,-0.361156,-0.444711,1.551189,2.379922,0.107549,1.330703,-0.338845,-1.268149,-0.535587,0.844709
2938,1.191948,0.653219,0.575109,0.009595,-0.685309,0.992398,0.950607,-0.028201,0.151078,1.333612,2.317516,-0.446592,-2.045281,-0.434489,-0.322952
2945,-0.427753,-0.327783,-0.716243,-0.055576,0.211099,-0.851165,-0.831427,1.392613,-0.313264,-0.65874,-0.642924,-0.19802,0.628811,-0.461721,1.652926
2946,0.536451,0.653219,0.191955,-0.383683,-0.59267,-0.076091,0.044523,-0.14689,-0.545436,0.414065,-0.642924,-0.42903,0.628811,-0.087868,-0.18297
2970,-0.926635,-1.308786,-1.044983,0.194878,0.806324,-0.919228,-1.172518,1.607273,-0.545436,-0.965256,-0.642924,-0.069386,0.628811,-0.313989,-0.621834
2975,0.646286,0.653219,0.896937,0.164933,-0.41622,0.402164,0.65215,0.114883,-0.26683,0.873839,-0.642924,-0.468932,0.628811,0.00258,-0.172895
3008,-0.326975,-0.327783,-0.662666,-0.150765,0.178001,-1.004802,-1.115284,1.386261,-0.359699,-0.505482,-0.642924,-0.216489,0.628811,-0.3922,0.847442
3024,-1.454759,-0.818285,-0.833302,-1.070156,-0.204788,-1.880199,-1.291968,-2.095375,-0.290047,-1.731545,-0.642924,1.520862,0.628811,1.901993,-1.921387
3031,-1.942857,-0.818285,-1.114939,-4.698497,-0.319816,-0.284456,-1.104039,1.91065,-0.638304,-1.578287,-0.642924,0.95544,0.628811,-1.643578,-0.438471
3036,0.569342,0.653219,1.404452,0.668665,-0.905423,0.649098,0.355394,-0.495552,-0.406133,0.414065,-0.642924,-0.438223,0.628811,-0.531242,-0.576318
3038,0.870348,0.653219,1.747014,0.794387,-0.629516,0.34749,1.049285,0.018319,1.497671,0.873839,0.34389,-0.44002,-1.04403,-0.389362,0.110052
3057,-1.791457,-2.289789,-2.911304,2.456199,2.995574,-1.308947,-1.462081,-2.177866,-0.545436,-1.271771,-0.642924,0.16385,0.628811,-1.643578,0.094867
3072,0.668045,0.653219,0.512835,-0.19969,-0.667967,-0.304023,0.271255,-0.400729,-0.59187,0.720581,-0.642924,-0.470961,0.628811,-0.040363,0.1294
3074,0.600981,0.653219,0.164819,-0.477056,-0.394138,-0.24766,-0.424384,-0.147768,-0.91691,0.720581,-0.642924,-0.459825,0.628811,0.296452,-0.00915
3076,-0.427753,-0.818285,0.090206,0.43778,-0.09879,-0.727557,-1.029866,1.63338,-0.824041,-0.65874,-0.642924,-0.167864,0.628811,-1.525392,-0.23739
3077,0.646286,0.162718,0.378673,-0.331065,-0.986402,1.066537,0.836485,-0.311705,2.008448,0.107549,1.330703,-0.359309,-2.054801,-0.978783,-2.175781
3091,0.536451,0.653219,-0.328261,-0.756057,-0.200819,0.73308,-0.017008,0.070605,-0.731173,0.720581,-0.642924,-0.434682,0.628811,0.491001,-0.144452
3095,0.929881,0.653219,0.849251,0.203628,-0.423052,0.5731,0.914681,0.075378,0.011775,1.333612,2.317516,-0.491861,-0.781043,0.174088,0.192553
3096,0.653603,0.653219,1.111449,0.795071,-0.667165,0.261337,0.611272,0.741349,2.240619,0.414065,2.317516,-0.34088,-1.785191,-1.110173,-1.239055
3101,-1.215868,-1.799288,-0.264935,0.929398,0.986247,-1.86039,-2.028777,2.09245,-0.499001,-1.118514,-0.642924,0.044224,0.628811,-1.643578,0.094867
3103,-2.703744,-2.289789,-1.742783,2.456199,2.995574,-3.191196,-2.468346,-2.177866,-0.290047,-1.884803,-0.642924,3.782548,0.628811,-1.643578,0.094867
3104,0.577366,0.653219,-0.317073,-0.681449,-0.244252,0.406996,-0.023697,0.150192,-0.545436,0.873839,-0.642924,-0.457287,0.628811,0.456226,-0.054522
3112,0.762664,0.653219,0.887934,0.201364,-0.361873,0.440736,0.53446,0.097583,-0.499001,1.180354,-0.642924,-0.502981,0.628811,0.170435,-0.033095
3143,1.124527,0.653219,0.523241,-0.043137,-0.407504,0.20449,0.822548,0.190434,0.151078,1.48687,1.330703,-0.498372,-1.559004,0.058296,0.571593
3170,0.419554,0.653219,0.79277,-0.03251,-0.354567,0.274543,-0.395557,0.258312,-0.173962,0.260807,-0.642924,-0.405876,0.628811,-0.141924,0.207619
3171,-1.087862,-2.289789,0.111906,2.456199,2.995574,-0.047616,-0.22145,-2.177866,-0.290047,-0.045709,-0.642924,-0.392873,0.628811,-0.279897,0.094867
3177,-0.791679,-1.799288,-0.374355,1.845729,2.280372,0.319565,0.988853,0.524637,-0.26683,-0.045709,0.34389,-0.32733,-0.296342,0.222512,0.094867
3186,0.668045,0.653219,0.270098,-0.301553,-0.299652,0.272555,-0.386054,0.030203,0.383249,0.873839,0.34389,-0.472329,0.460948,0.391272,0.331485
3191,-2.128155,-1.308786,-1.729069,-1.828612,-0.440104,-2.094885,-1.928984,-2.177866,-0.290047,-1.884803,-0.642924,3.782548,0.628811,1.901993,-2.129573
3211,0.794004,0.653219,0.558611,0.020232,-0.319485,0.472859,-0.041829,0.206007,-0.499001,0.567323,1.330703,-0.414343,-1.122316,0.208586,-0.362976
3212,0.272007,0.162718,1.05723,0.755656,-0.2422,-0.828779,-1.113857,1.093811,-0.452567,0.107549,0.34389,-0.38459,0.492408,-0.794638,0.680686
3246,0.935088,0.653219,0.387184,-0.131675,-0.156447,0.507751,0.166928,0.11403,0.801157,1.48687,0.34389,-0.483353,-0.836024,0.60864,-0.049347
3262,-1.942857,-2.289789,0.167761,0.038529,0.342619,-0.338382,-0.503306,-1.275132,-0.731173,-1.425029,-0.642924,0.390019,0.628811,1.901993,0.094867
3268,-0.280829,-0.327783,-0.338684,0.066285,0.112009,-0.416596,-0.60159,1.474719,-0.359699,-0.352224,-0.642924,-0.321994,0.628811,-0.658697,-2.029028
3275,0.448027,0.653219,1.664308,0.806689,-0.989112,1.138291,1.318797,-0.282765,1.729842,0.107549,1.330703,-0.366992,-0.006687,-0.878057,0.375955
3278,-0.427753,-1.308786,-0.301772,0.860451,1.259125,0.004895,-0.003853,1.394302,0.429683,0.107549,0.34389,-0.348799,-0.255254,0.720136,2.72683
3303,0.703088,0.653219,0.059686,-0.394282,-0.557443,0.437188,0.40415,-0.02436,-0.081093,0.720581,0.34389,-0.481359,0.389376,-0.195803,-0.252367
3311,0.600981,0.653219,0.333533,-0.33379,-0.440447,-0.514532,-0.565891,0.131206,-0.638304,0.720581,-0.642924,-0.457409,0.628811,0.028861,0.164456
3318,0.730095,0.653219,0.272508,-0.31715,-0.313334,-0.247822,-0.95516,0.007145,-0.26683,1.333612,-0.642924,-0.494298,0.628811,0.272174,0.079344
3325,0.429154,0.653219,-0.092537,-0.736114,-0.417477,0.417785,-0.206506,-0.24229,-0.173962,-0.045709,-0.642924,-0.378759,0.628811,0.376573,0.222683
3326,0.608705,0.653219,0.379301,-0.018802,-0.161971,0.280272,-0.704747,0.129976,-0.406133,1.027096,-0.642924,-0.470979,0.628811,0.410865,-0.756477
3332,0.457306,0.653219,-0.026665,-0.327311,-0.165286,0.603063,0.013805,0.240024,-0.127528,0.260807,0.34389,-0.386196,0.107963,0.348316,0.034129
3334,0.419554,0.653219,-0.591526,-0.970136,-0.607203,0.149576,-0.35296,-0.259539,-0.91691,0.414065,-0.642924,-0.412136,0.628811,0.024926,0.351422
3344,-0.926635,0.162718,-0.649824,-0.132277,0.636002,-1.723779,-1.24049,0.458735,-0.638304,-1.425029,-0.642924,0.708068,0.628811,1.901993,-1.123215
3347,1.069004,0.653219,0.691484,0.107291,-0.606586,1.338257,1.50169,0.195444,0.661855,1.027096,1.330703,-0.449649,-1.779943,-0.3922,0.430216
3351,0.736712,0.653219,0.843497,0.115519,-0.555905,0.469816,0.766296,-0.151105,-0.545436,1.027096,-0.642924,-0.494463,0.628811,0.001567,0.036703
3354,1.168772,0.653219,0.476663,-0.177291,-0.58917,1.554461,1.521332,0.142358,0.104644,1.48687,2.317516,-0.454818,-1.981535,-0.416911,-0.014487
3358,-0.573812,0.653219,-0.796441,-1.487249,-0.659468,-0.826693,-1.199672,-0.889343,-0.452567,-1.425029,-0.642924,0.438871,0.628811,0.341942,-0.581576
3360,0.623942,0.653219,1.181601,0.397259,-0.361094,1.115274,0.464423,0.235877,0.011775,0.720581,-0.642924,-0.458708,0.628811,0.015359,-0.121393
3370,0.623942,0.653219,1.501467,0.670013,-0.432106,0.332641,0.519994,0.053338,-0.731173,0.567323,-0.642924,-0.457186,0.628811,-0.017169,0.091049
3371,0.017594,-0.818285,0.005418,0.091363,-0.133993,-0.727345,0.235238,1.419361,0.290381,-0.352224,1.330703,-0.249008,-0.955066,-1.166289,0.189897
3373,0.970645,0.653219,0.142352,-0.497958,-0.31704,-0.136778,-0.476287,-0.394787,-0.220396,0.720581,1.330703,-0.40103,-1.774167,0.727256,-0.02561
3378,0.847596,0.653219,0.346825,-0.29188,-0.776695,0.669979,0.27223,-0.115044,0.522552,0.414065,0.34389,-0.402606,-1.48959,-0.627016,-0.013136
3385,0.762664,0.653219,1.45221,0.588895,-0.380889,0.437586,0.783411,0.082399,0.661855,1.027096,0.34389,-0.495914,0.478878,0.170435,0.433358
3395,-1.367268,-1.308786,-1.929671,-0.825201,0.048561,-1.092057,-0.135409,1.91065,-0.59187,-1.578287,-0.642924,0.766966,0.628811,-1.643578,1.999783
3407,-0.606381,0.653219,-0.49832,-0.273897,0.580104,0.321195,1.140697,0.326978,-0.499001,-1.271771,-0.642924,0.358606,0.628811,1.901993,1.761496
3417,0.749789,0.653219,0.616319,0.056299,-0.070837,0.530651,-0.235748,0.27134,-0.731173,1.48687,0.34389,-0.503283,0.552074,0.422345,-0.16201
3422,0.835982,0.653219,-0.307819,-0.612589,-0.571734,0.01962,0.190943,0.021817,0.568986,0.107549,1.330703,-0.388392,-1.860893,-0.059387,-1.184618
3457,-0.280829,0.653219,-0.078165,0.527924,0.960367,0.658744,1.591058,0.388367,0.197512,-0.045709,-0.642924,-0.098617,0.628811,1.212577,1.193598
3458,0.569342,0.653219,1.493104,0.433046,-0.671031,0.555916,0.609223,-0.099432,0.568986,0.567323,-0.642924,-0.439962,0.628811,-0.357439,0.232384
3462,0.400014,0.653219,-0.268815,-0.816191,-0.654168,-0.229794,-0.411341,-0.105589,-0.59187,0.260807,-0.642924,-0.396105,0.628811,-0.319328,0.164963
3467,0.600981,0.653219,0.982891,0.156777,-0.461265,0.187397,-0.040851,0.112912,1.497671,0.720581,0.34389,-0.455799,0.446969,-0.138383,0.177958
3468,0.161123,0.653219,-0.206306,-0.711052,-1.023805,-0.730489,-0.536395,0.07282,-0.777607,-0.352224,-0.642924,-0.291311,0.628811,-1.414831,0.751275
3469,-0.195586,0.162718,-1.714792,-1.459782,-0.458575,-0.602151,-0.162748,0.892558,-0.26683,-0.965256,-0.642924,-0.084935,0.628811,-0.757185,0.101142
3474,-0.791679,-0.818285,-0.548964,0.097758,0.528409,0.334809,1.262435,1.24601,-0.545436,-1.118514,-0.642924,0.123754,0.628811,0.409121,0.075839
3486,0.696197,0.653219,1.86878,1.060381,-0.806939,1.839187,2.099752,-0.161061,4.469463,0.567323,2.317516,-0.438968,-0.479661,-0.570968,1.065687
3487,0.493416,0.653219,0.976676,0.453411,-0.652729,0.286935,0.40559,0.922117,1.404803,-0.198966,0.34389,-0.246595,-1.438221,-1.529205,-0.111573
3488,-0.014348,0.653219,-0.065675,-0.510918,-0.171816,0.777187,1.389326,0.280166,-0.870475,-0.352224,-0.642924,-0.212494,0.628811,0.341942,0.419431
3498,0.781609,0.653219,0.336508,-0.093445,-0.132044,0.29637,0.097561,0.185893,0.151078,1.027096,0.34389,-0.471873,-0.30252,0.585834,-0.222723
3505,-1.663451,-2.289789,0.054082,2.456199,2.995574,-0.669447,-0.615075,-2.177866,-0.731173,-1.118514,-0.642924,0.013071,0.628811,-1.643578,0.094867
3510,-0.606381,-0.818285,-0.85732,-0.409934,-0.319816,-1.00523,-0.253334,1.439047,0.383249,-1.118514,-0.642924,0.013071,0.628811,-1.643578,-0.33937
3512,-1.791457,-0.818285,-0.767514,-0.740941,-0.041374,-1.444807,-1.779164,-1.637913,-0.499001,-1.731545,-0.642924,2.335069,0.628811,1.901993,-1.344674
3520,0.475557,0.653219,-0.631421,-0.969534,-0.846661,-0.496659,-0.382653,-0.725838,-0.499001,-0.505482,0.34389,-0.235557,-1.22641,-0.201972,-0.527015
3533,-1.454759,-2.289789,-1.588891,2.456199,2.995574,-0.921309,-1.028943,-2.177866,-0.499001,-0.811998,-0.642924,-0.175403,0.628811,-0.757185,0.094867
3545,0.723425,0.653219,0.830487,0.145416,-0.095652,0.258164,-0.520814,0.164244,-0.359699,1.180354,-0.642924,-0.490572,0.628811,0.460704,-0.036744
3556,-1.942857,-2.289789,-0.816965,2.456199,2.995574,1.3067,0.769093,-2.177866,-0.638304,-1.425029,-0.642924,0.390019,0.628811,1.901993,0.094867
3557,1.457084,0.653219,0.795741,0.184156,-0.473371,0.762113,0.601223,0.116014,2.008448,1.027096,2.317516,-0.471398,-2.771603,-0.113883,-0.734605
3558,-1.288123,-1.308786,0.041543,0.742741,0.993054,-0.814917,-0.768342,1.114271,-0.545436,-1.425029,-0.642924,0.435252,0.628811,1.901993,1.620398
3584,-1.215868,-2.289789,1.775082,2.456199,2.995574,-0.610905,-0.449159,-2.177866,0.011775,-0.352224,-0.642924,-0.329609,0.628811,-0.998929,0.094867
3586,-1.791457,-2.289789,-0.842281,-1.237705,-0.039504,-0.708594,-0.106532,-1.362633,-0.359699,-1.271771,-0.642924,0.16385,0.628811,1.901993,0.094867
3591,-2.703744,-2.289789,-0.665618,2.456199,2.995574,-3.191196,-2.468346,-2.177866,-0.91691,-1.884803,-0.642924,3.782548,0.628811,-1.643578,0.094867
3597,0.653603,0.653219,1.202156,0.422764,-0.553917,0.027266,0.245068,-0.208982,0.894026,0.567323,-0.642924,-0.462741,0.628811,-0.074741,-0.257794
3601,0.55306,0.653219,1.513043,0.807719,-0.731534,0.484072,1.643279,-0.030303,3.494344,0.414065,0.34389,-0.412428,0.162221,-0.473539,0.016253
3613,0.429154,0.653219,-0.535154,-0.901351,-0.606045,-0.086473,0.214501,0.053024,0.383249,0.260807,-0.642924,-0.39833,0.628811,-0.365523,0.421999
3619,0.120608,0.653219,-0.610455,-0.247372,0.350827,-0.201664,-0.930609,0.81909,-0.731173,-0.045709,-0.642924,-0.35229,0.628811,0.700105,-0.230194
3624,-0.712534,0.653219,-0.857449,-1.192208,-0.149667,-0.344208,0.495005,-1.760417,-0.731173,-1.578287,-0.642924,0.766966,0.628811,1.901993,-0.781079
3646,-1.367268,0.653219,-0.374289,-0.963976,0.009767,-1.10195,-2.157379,-1.742289,-0.290047,-1.731545,-0.642924,2.218913,0.628811,1.901993,1.121473
3647,0.510898,0.653219,1.06909,0.503442,-0.681368,-0.018437,-0.113329,0.238348,-0.359699,0.414065,1.330703,-0.417547,0.228274,-0.673211,0.622598
3655,0.716701,0.653219,0.624172,-0.097899,-0.446147,0.670268,0.865722,-0.08058,0.058209,0.873839,-0.642924,-0.489796,0.628811,0.216394,-0.497537
3662,0.608705,0.653219,0.328564,-0.256759,-0.52572,-0.151318,-0.343462,-0.162668,-0.452567,0.414065,0.34389,-0.444113,0.537865,0.013231,-0.245074
3663,0.390069,0.653219,-0.191869,-0.573372,-0.023238,1.763347,0.726482,0.511646,-0.91691,0.414065,-0.642924,-0.389664,0.628811,0.345401,0.231784
3664,0.631457,0.653219,1.00816,0.107904,-0.905075,0.034837,0.964967,-0.623175,-0.824041,0.720581,0.34389,-0.458207,0.540323,-0.386512,0.714179
3669,-1.552566,-0.818285,-1.665404,-2.064293,-0.440104,-1.225223,-0.411249,-2.177866,-0.290047,-1.731545,-0.642924,1.567019,0.628811,1.901993,-1.227073
3670,0.272007,0.162718,0.199151,0.148514,0.211162,0.155282,0.342151,0.925188,-0.406133,0.107549,0.34389,-0.409715,0.492408,0.204114,0.238309
3671,1.405702,0.653219,0.687668,0.001625,-0.524516,1.018763,0.918824,0.3344,2.658527,1.333612,2.317516,-0.483438,-2.578533,-0.205161,1.069448
3676,0.975603,0.653219,0.738121,0.157828,-0.198084,0.659892,0.433125,0.485801,-0.406133,1.946644,1.330703,-0.523974,-0.602183,0.054899,0.103582
3680,0.723425,0.653219,1.078601,0.374065,0.020831,0.25207,-0.520487,0.293163,-0.452567,1.180354,-0.642924,-0.490572,0.628811,0.48953,-0.17143
3724,0.81825,0.653219,1.290551,0.558036,-0.088189,0.062065,-0.174905,0.198867,-0.545436,1.333612,0.34389,-0.470049,-0.378036,0.488903,-0.000942
3726,-1.942857,-1.799288,-0.601298,-1.873116,-0.322566,-3.133936,-2.438882,-1.92565,0.104644,-1.731545,-0.642924,1.520862,0.628811,1.901993,0.094867
3742,-1.942857,-0.818285,-0.859245,-1.275721,-0.25571,-2.668103,-2.007586,-1.950063,-0.290047,-1.884803,-0.642924,3.782548,0.628811,1.901993,-0.789822
3748,0.887012,0.653219,0.2935,-0.335534,-0.556894,0.641144,0.940652,-0.284971,0.151078,1.027096,0.34389,-0.467814,-0.86253,0.200119,0.498871
3749,-0.375836,-1.308786,-0.119396,1.020954,0.785314,0.233519,0.671414,1.97607,-0.26683,-0.811998,0.34389,-0.175403,-1.356882,-1.643578,1.582739
3752,0.409841,0.162718,0.325317,-0.093018,-0.413054,0.40798,0.16902,-0.097429,-0.638304,0.567323,-0.642924,-0.466447,0.628811,0.213626,-1.806818
3754,-0.303582,-0.818285,0.255453,0.449732,-0.16194,-0.826845,-0.161707,1.57007,-0.824041,-0.505482,-0.642924,-0.271871,0.628811,-1.643578,-1.725534
3756,-0.573812,0.653219,1.049603,0.635989,0.90278,0.615583,1.453678,-0.15992,-0.870475,-1.425029,-0.642924,0.409922,0.628811,1.901993,0.777498
3764,0.800132,0.653219,0.797482,0.080003,-0.597365,0.557301,1.153677,-0.19205,1.497671,1.027096,0.34389,-0.46905,-0.341356,0.063549,0.01036
3765,-2.367046,-1.799288,-2.605619,-3.166905,-1.424946,-2.031936,-2.007178,-2.177866,-0.824041,-1.884803,-0.642924,3.782548,0.628811,-1.643578,0.094867
3775,-0.118283,0.653219,-0.878688,-1.474913,-1.170089,0.030856,0.636124,-0.816675,-0.59187,-0.65874,-0.642924,-0.212786,0.628811,-1.07951,-2.030145
3780,-0.401389,-0.818285,-0.30849,-0.443479,0.334842,-0.172893,-0.905576,-0.297528,-0.127528,-0.965256,0.34389,0.035821,-0.904427,1.901993,-0.142401
3782,-2.367046,-2.289789,-3.507903,2.456199,2.995574,1.179142,-0.729773,-2.177866,-0.290047,-1.731545,-0.642924,1.520862,0.628811,-1.643578,0.094867
3795,0.092456,0.162718,-0.543079,-0.174552,0.015739,-0.004958,0.496236,1.254884,-0.26683,-0.352224,0.34389,-0.263288,-0.556352,-0.586127,0.011432
3797,-0.427753,-0.818285,-0.994194,0.107512,0.383743,-0.765382,-0.736194,1.646462,0.568986,-0.505482,0.34389,-0.248279,0.312294,-0.579907,0.304132
3815,0.703088,0.653219,0.468205,-0.059472,-0.687569,0.504989,1.486954,-0.260816,0.336815,0.873839,-0.642924,-0.492039,0.628811,-0.166257,0.024909
3818,-0.21609,0.653219,-1.017322,-0.815629,0.472297,-1.056703,-1.362188,0.459031,-0.290047,0.107549,-0.642924,-0.172801,0.628811,1.174697,0.404707
3824,0.995143,0.653219,-0.320942,-0.773499,-0.540414,0.531983,0.601196,-0.018187,0.290381,1.027096,0.34389,-0.460057,-1.625282,0.015169,-0.129801
3826,-0.375836,0.653219,0.109924,-0.222688,0.398225,2.377019,2.245819,0.183471,-0.777607,-0.505482,-0.642924,0.001291,0.628811,1.237199,1.007964
3828,0.106651,-0.327783,-0.089628,-0.504982,-0.801256,0.546197,0.314707,-0.20468,-0.824041,0.260807,-0.642924,-0.426178,0.628811,-0.543228,-1.565659
3849,-0.675621,-1.308786,0.641681,-1.350473,-0.621215,0.257579,0.505714,1.050189,-0.824041,-0.65874,-0.642924,-0.217459,0.628811,-1.643578,4.129128
3851,0.294759,0.653219,-0.395033,-0.939168,-0.451515,0.283398,-0.126506,-0.223621,0.290381,-0.198966,-0.642924,-0.320657,0.628811,0.153492,0.16645
3855,-0.100032,-0.327783,-0.086272,-0.607986,-0.73801,0.764611,-0.000294,-0.033019,-0.034659,-0.198966,0.34389,-0.345448,0.415374,-0.38293,-4.256439
3862,-0.791679,-0.327783,-0.535138,-0.309163,0.547984,-0.255587,1.028019,0.29157,0.383249,-1.425029,-0.642924,0.399416,0.628811,1.901993,-0.071092
3863,-0.351046,0.162718,0.531115,0.316901,0.80037,0.034718,-0.108331,-0.032451,-0.127528,-1.118514,-0.642924,0.027609,0.628811,1.901993,0.706793
3864,0.830114,0.653219,0.793153,0.11936,-0.276286,0.101829,-0.485683,-0.008314,-0.499001,1.180354,0.34389,-0.472191,-0.365512,0.433114,0.256799
3870,1.33184,0.653219,0.458483,-0.016241,-0.591981,0.949168,0.812049,0.479884,2.054882,0.873839,4.291142,-0.408466,-2.863778,-0.719246,0.140712
3878,-1.367268,-1.308786,-2.348449,-0.268892,0.53973,-0.410061,-0.546808,2.131808,-0.684738,-1.425029,-0.642924,0.431902,0.628811,-1.643578,3.065118
3905,-2.703744,-2.289789,-1.035366,2.456199,2.995574,-3.191196,-2.468346,-2.177866,-0.731173,-1.884803,-0.642924,3.782548,0.628811,1.901993,0.094867
3924,0.709922,0.653219,0.988372,0.201765,-0.52037,0.386986,-0.333931,-0.152913,-0.359699,0.720581,-0.642924,-0.482231,0.628811,0.055952,0.032283
3932,-0.064691,0.653219,0.043649,-0.492571,0.527065,1.722878,3.678302,-0.242352,-0.173962,-1.118514,0.34389,0.166307,-1.132115,1.901993,0.477192
3936,0.369814,0.653219,-0.177987,-0.218361,-0.033332,0.176252,-0.181557,0.923404,-0.220396,0.260807,-0.642924,-0.384609,0.628811,0.040568,0.170863
3941,-0.047568,-0.327783,-0.321065,-0.191268,-0.465068,-0.784607,-0.377191,1.158919,-0.081093,-0.505482,-0.642924,-0.281419,0.628811,-1.42198,-0.253322
3948,0.824203,0.653219,1.084955,0.424369,-0.185874,0.608908,0.387252,0.357152,-0.638304,1.793386,-0.642924,-0.527076,0.628811,0.218485,-0.05736
3962,1.11204,0.653219,0.390375,-0.174671,-0.780541,0.929779,1.09873,0.261315,-0.499001,0.260807,2.317516,-0.365868,-2.726667,-1.067648,-0.076421
3967,-2.703744,-2.289789,-1.46484,2.456199,2.995574,-3.191196,-2.468346,-2.177866,-0.545436,-1.884803,-0.642924,3.782548,0.628811,-1.643578,0.094867
3976,0.400014,0.653219,0.340575,-0.115325,-0.567257,-0.43852,-0.228011,0.36202,-0.545436,0.567323,-0.642924,-0.417117,0.628811,-0.276611,0.368699
3985,0.616359,0.653219,0.548195,-0.037886,-0.370777,0.205219,-0.027558,0.339587,-0.638304,1.180354,-0.642924,-0.473238,0.628811,-0.00211,-0.150704
3990,0.709922,0.653219,1.177433,0.444028,-0.314463,-0.279857,-0.087548,0.157853,-0.731173,1.180354,-0.642924,-0.489646,0.628811,0.114557,0.037022
3993,0.134334,0.653219,-0.668753,-2.055249,-0.079391,-0.069488,-0.446991,0.112515,-0.290047,0.260807,-0.642924,-0.371416,0.628811,0.779229,-0.3865
3998,0.675173,0.653219,0.225273,-0.404553,-0.28382,0.397682,-0.636606,0.175093,-0.638304,0.720581,-0.642924,-0.476602,0.628811,0.098642,0.160388
3999,-0.573812,-0.818285,-0.128612,0.199728,0.982148,0.659865,2.020654,0.355069,0.568986,-0.965256,-0.642924,-0.038797,0.628811,1.76017,-0.053243
4000,0.294759,-0.327783,0.238655,0.143192,0.027603,-0.423947,-0.167911,1.053199,-0.638304,0.414065,-0.642924,-0.442888,0.628811,-0.040785,1.206279
4007,-2.128155,-2.289789,-0.016769,2.456199,2.995574,0.126543,-0.683035,-2.177866,-0.731173,-1.578287,-0.642924,0.766966,0.628811,1.901993,0.094867
4009,0.990301,0.653219,-0.752852,-1.21691,-0.629726,0.743114,0.063875,-0.445068,-0.59187,0.720581,0.34389,-0.443127,-1.541074,0.212633,0.078987
4021,0.409841,0.653219,0.339247,-0.352814,-0.645408,0.145281,0.531663,-0.27766,-0.91691,-0.198966,-0.642924,-0.363877,0.628811,-0.166257,-0.12569
4024,0.762664,0.653219,0.885761,0.221498,-0.318955,0.46937,0.282536,0.103162,-0.777607,1.180354,-0.642924,-0.500263,0.628811,0.170435,-0.153398
4027,1.140891,0.653219,0.415905,-0.076919,-0.280624,1.053788,0.798399,0.201567,-0.731173,1.640128,0.34389,-0.499526,-1.585222,0.233489,-0.179088
4028,0.033116,-0.327783,0.968776,0.881787,-0.340667,0.6223,1.36493,1.37401,-0.081093,-0.505482,0.34389,-0.262561,-0.35733,-1.643578,0.856624
4029,-0.136945,0.162718,0.187361,0.227837,0.501841,0.059865,0.903046,0.613296,-0.220396,0.107549,-0.642924,-0.342063,0.628811,0.582711,-1.560279
4030,-2.367046,-1.799288,-3.953969,2.456199,2.995574,-1.391839,-1.75254,-2.177866,-0.290047,-1.731545,0.34389,1.520862,-1.826925,-1.643578,0.094867
4034,0.1742,0.162718,0.236105,-0.12384,-0.512775,-0.156585,0.319334,1.157828,-0.59187,-0.811998,1.330703,-0.09007,-1.744634,-1.643578,0.525187
4047,-2.703744,-2.289789,-0.897871,2.456199,2.995574,-3.191196,-2.468346,-2.177866,-0.290047,-1.884803,-0.642924,3.782548,0.628811,-1.643578,0.094867
4061,0.806215,0.653219,1.625663,0.84611,-0.25179,0.727208,0.510378,0.14958,1.451237,1.333612,0.34389,-0.514851,0.557114,0.25956,-0.112554
4086,0.887012,0.653219,1.172543,0.406604,-0.295706,1.116678,1.307805,0.174157,0.336815,1.333612,0.34389,-0.497567,-0.358286,0.271031,0.253832
4089,0.623942,0.653219,-0.264351,-0.775896,-0.701729,-0.025661,-0.792624,-0.330523,-0.499001,0.567323,-0.642924,-0.460231,0.628811,-0.244866,-0.260858
4109,-0.573812,-0.327783,0.041112,0.095852,0.752645,0.203628,1.597626,0.449649,-0.824041,-1.118514,-0.642924,0.019102,0.628811,1.901993,1.296909
4118,-0.175575,-0.327783,0.204856,0.055234,-0.206579,-0.490722,-0.331264,1.303242,-0.313264,-0.505482,-0.642924,-0.243011,0.628811,-0.865282,2.421002
4123,0.475557,0.653219,-0.334149,-0.74874,-0.374991,0.139112,-0.689905,-0.314583,-0.824041,0.260807,-0.642924,-0.408167,0.628811,0.538312,-0.110733
4134,-1.663451,-2.289789,-1.412954,2.456199,2.995574,-0.366686,-0.6785,-2.177866,-0.777607,-1.118514,-0.642924,0.013071,0.628811,-1.643578,0.094867
4148,0.749789,0.653219,0.687836,0.011951,-0.45284,0.029136,0.414605,-0.16313,0.197512,0.873839,-0.642924,-0.493187,0.628811,0.143167,-0.302562
4154,0.033116,0.653219,-1.106991,-0.80258,-0.067004,-0.399999,-0.079413,0.676485,-0.731173,-0.505482,-0.642924,-0.25612,0.628811,0.229554,0.654011
4170,0.841809,0.653219,1.049926,0.285273,-0.254413,0.533005,0.146437,0.05782,-0.499001,1.333612,-0.642924,-0.520533,0.628811,0.328958,-0.031419
4194,-0.454981,-0.818285,-0.572035,-0.802199,-1.110454,-0.445241,-0.643881,-0.999918,-0.081093,-0.352224,-0.642924,-0.305161,0.628811,-0.910011,-1.703869
4198,0.510898,0.653219,1.199886,0.253325,-0.950246,-0.045118,0.021718,-0.217339,0.290381,-0.045709,0.34389,-0.324323,-0.879732,-1.009107,0.302898
4201,-0.280829,-1.308786,-1.253085,0.934781,1.153691,1.531912,0.522036,1.91065,-0.684738,-0.045709,3.304329,-0.126539,-1.796607,-1.052649,1.399508
4226,0.794004,0.653219,-0.030044,-0.334416,-0.48634,0.333775,0.345179,0.160396,0.61542,0.260807,1.330703,-0.393687,-1.611932,-0.056009,-0.209551
4229,1.225541,0.653219,0.482067,-0.114371,-0.613347,1.241695,0.556584,0.117916,-0.127528,1.027096,3.304329,-0.460615,-2.35292,-0.357132,0.033261
4236,-1.215868,-1.308786,0.294472,0.082378,0.68503,1.349711,1.996348,-0.258642,-0.26683,-1.118514,0.34389,0.044224,-0.183003,1.579669,-2.980105
4237,1.124527,0.653219,0.967364,0.24747,-1.068979,0.403902,-0.102138,-0.484515,0.243946,0.567323,2.317516,-0.387097,-2.348768,-0.987647,-0.051088
4247,0.429154,0.162718,0.46217,-0.110469,-0.355368,0.426321,0.64345,0.508792,-0.452567,0.567323,0.34389,-0.45582,0.405683,-0.159385,-0.73378
4250,-1.215868,-2.289789,0.181508,2.456199,2.995574,-0.832638,-0.263496,-2.177866,0.011775,-0.505482,0.34389,-0.254842,-0.183003,-0.998929,0.094867
4251,-2.703744,-2.289789,-2.50547,2.456199,2.995574,-3.191196,-2.468346,-2.177866,-0.638304,-1.884803,-0.642924,3.782548,0.628811,-1.643578,0.094867
4260,0.945403,0.653219,0.659483,-0.086811,-0.833732,0.035358,0.24816,-0.029362,0.94046,0.260807,0.34389,-0.401061,-1.710869,-0.806735,0.336083
4265,-1.552566,-2.289789,0.619607,2.456199,2.995574,0.013242,-0.81011,-2.177866,-0.824041,-0.965256,-0.642924,-0.094628,0.628811,-1.643578,0.094867
4276,-1.215868,-0.818285,0.078734,0.378041,0.667039,0.502307,0.499822,0.245345,-0.731173,-1.271771,-0.642924,0.418056,0.628811,1.257344,0.832237
4277,1.086487,0.653219,1.3062,0.602321,-0.521578,0.894441,1.61411,0.257278,2.658527,1.180354,1.330703,-0.460477,-1.809086,-0.43697,-0.227377
4283,-0.483133,-0.327783,-0.569285,-0.98173,-0.417447,-0.145432,0.729124,-0.637344,-0.59187,-0.965256,-0.642924,-0.013854,0.628811,0.635718,0.166891
4288,-0.427753,-0.327783,-1.540364,-0.608224,-0.007974,-0.846977,-0.952935,1.30278,-0.452567,-0.811998,-0.642924,-0.137708,0.628811,-0.461721,0.682
4291,-0.064691,-0.327783,-0.004263,-0.456401,-0.760866,-0.823576,-0.133613,-0.590468,-0.406133,-0.352224,0.34389,-0.296473,0.2286,-0.210262,-1.282949
4297,0.806215,0.653219,1.044097,0.326561,-0.185165,0.359798,-0.424094,0.251961,-0.359699,1.48687,-0.642924,-0.51534,0.628811,0.25956,-0.012204
4300,-0.156035,0.653219,-0.300917,0.017613,0.823052,1.037119,1.545885,0.360036,-0.545436,-0.505482,-0.642924,-0.099757,0.628811,1.56432,-0.402799
4310,0.743276,0.653219,0.057619,-0.457163,-0.349429,0.368764,-0.865436,0.028682,0.104644,1.027096,0.34389,-0.487247,0.326871,0.298044,0.049121
4315,0.493416,0.653219,0.16749,-0.317232,-0.685905,-0.912872,-0.486941,-0.13817,0.058209,0.260807,0.34389,-0.414999,0.524323,-0.271099,-0.210313
4316,1.199531,0.653219,0.28472,-0.261405,-0.411368,0.604595,0.65227,0.22618,-0.499001,1.333612,1.330703,-0.482688,-2.04766,-0.040785,0.120544
4330,-0.751164,0.653219,-0.978287,-1.234758,-0.145069,-1.401838,-1.099324,-1.71781,-0.290047,-1.731545,0.34389,1.611329,-1.802367,1.901993,-1.455194
4332,0.653603,0.653219,-0.020552,-0.548878,-0.324824,0.051806,-1.011826,-0.033855,-0.91691,0.873839,-0.642924,-0.470534,0.628811,0.364533,0.025711
4334,-1.367268,-0.327783,-0.713099,0.210217,1.020341,-1.457084,-1.053616,1.293151,-0.452567,-1.425029,-0.642924,0.990343,0.628811,1.901993,1.112966
4344,-1.367268,0.653219,-0.995034,-0.908912,0.060234,-2.477464,-2.135198,-0.116473,-0.59187,-1.731545,-0.642924,2.218913,0.628811,1.901993,0.34162
4349,-0.976977,-0.818285,-0.48512,0.520719,1.190063,1.406354,1.951053,0.508448,-0.824041,-1.271771,-0.642924,0.204058,0.628811,1.901993,-1.607612
4351,1.459847,0.653219,1.386973,0.616679,-0.312078,0.535469,0.509283,0.285912,0.801157,1.640128,2.317516,-0.518475,-2.328004,-0.024434,-0.036167
4352,0.224543,0.653219,-1.258297,-1.384274,-0.320725,0.258586,0.170728,0.361277,-0.26683,-0.045709,0.34389,-0.328693,0.208672,0.102748,-0.910203
4360,-1.791457,-2.289789,-0.197599,2.456199,2.995574,-1.024994,-1.711661,-2.177866,-0.731173,-1.271771,-0.642924,0.16385,0.628811,-1.643578,0.094867
4375,1.191948,0.653219,0.629787,0.172081,-0.429575,0.766113,0.801852,0.599997,2.612093,1.333612,3.304329,-0.450819,-2.305618,-0.483506,0.660353
4388,0.646286,0.653219,1.206126,0.418589,-0.468868,-0.118381,0.448923,0.131376,-0.406133,0.873839,-0.642924,-0.470374,0.628811,-0.124047,0.418535
4391,-0.118283,0.162718,-1.004401,-1.371383,-1.139796,-0.949628,-0.957717,-1.243305,-0.638304,-0.505482,-0.642924,-0.250169,0.628811,-0.757185,-1.66943
4401,-1.367268,-1.308786,-1.792966,1.655698,2.169533,-0.670789,-0.031104,0.865329,-0.173962,-1.118514,0.34389,0.208525,-1.796607,-0.461721,-3.366634
4414,0.847596,0.653219,0.659761,0.078175,-0.125497,0.239802,-0.774429,0.24761,-0.359699,1.333612,0.34389,-0.520285,0.560599,0.315164,-0.225255
4424,-0.976977,-0.818285,0.651073,0.626577,-0.24614,-0.246282,0.094916,1.56507,0.290381,-1.425029,-0.642924,0.405097,0.628811,-1.643578,-0.587926
4430,-2.367046,-1.799288,-1.46484,0.278155,0.785314,-3.191196,-2.468346,3.604169,-0.59187,-1.884803,-0.642924,3.782548,0.628811,-1.643578,0.094867
4438,0.001777,-0.327783,2.652205,1.763133,-0.384823,0.030942,-0.222439,1.325202,1.2655,-0.65874,1.330703,-0.210402,-0.409755,-1.643578,0.997474
4447,-0.21609,0.653219,-0.436271,-0.169885,0.093087,-0.421369,-0.70755,0.764639,-0.406133,-0.352224,-0.642924,-0.143061,0.628811,-0.098073,-0.246348
4450,0.924642,0.653219,-0.325749,-0.465121,-0.456393,-0.146956,-0.321639,0.441869,-0.777607,1.333612,1.330703,-0.422432,-1.622787,-0.401499,-0.18627
4451,0.134334,0.162718,-0.441451,-0.672775,-0.484843,0.815063,0.979529,-0.042607,0.011775,0.414065,-0.642924,-0.419162,0.628811,0.129208,-1.044672
4456,-1.663451,-2.289789,-0.825471,2.456199,2.995574,-0.214274,-0.123693,-2.177866,0.894026,-1.118514,-0.642924,0.013071,0.628811,0.129208,0.094867
4479,0.68224,0.653219,1.001182,0.274663,-0.646155,0.794597,1.193771,-0.204112,-0.452567,0.873839,-0.642924,-0.484074,0.628811,-0.128377,0.076128
4485,0.638905,0.653219,0.609957,-0.061692,-0.549169,0.571237,1.629137,-0.069765,0.011775,0.720581,-0.642924,-0.465846,0.628811,-0.046474,0.411303
4489,0.544797,0.653219,0.17991,-0.106591,-0.715596,-0.066884,0.139938,-0.198957,-0.081093,0.567323,0.34389,-0.448681,0.434376,-0.390093,-0.927892
4496,-0.375836,-0.327783,-0.323572,-0.127592,-0.319816,-0.861618,-0.503674,1.419548,-0.824041,-0.811998,-0.642924,-0.166568,0.628811,-1.643578,0.879056
4510,0.668045,0.653219,0.233242,-0.339708,-0.282691,0.07784,-0.511316,-0.108612,-0.684738,0.873839,-0.642924,-0.477802,0.628811,0.483765,0.378128
4516,0.493416,0.653219,-0.122296,-0.677413,-0.20584,0.162086,0.07808,0.088002,-0.731173,0.414065,-0.642924,-0.426505,0.628811,0.453265,0.675292
4529,0.519504,0.653219,-0.135951,-0.714299,-0.572157,0.507868,0.417196,-0.350308,-0.313264,0.260807,-0.642924,-0.426701,0.628811,0.129208,0.097876
4538,0.390069,0.162718,0.338625,0.239229,0.401034,0.552536,-0.137746,0.815622,-0.499001,0.414065,0.34389,-0.428682,0.51048,0.518356,-0.009646
4540,0.32776,0.162718,-0.263244,-0.139333,0.159363,0.292601,0.200821,1.169002,-0.59187,-0.198966,0.34389,-0.250584,-1.621146,-0.24401,-0.428886
4549,-1.087862,-1.799288,0.096587,0.478703,0.955334,1.001968,0.576694,2.064987,-0.824041,-0.965256,-0.642924,-0.071686,0.628811,-1.643578,0.094867
4550,0.600981,0.653219,1.387274,0.590439,-0.512636,0.416053,1.446963,0.221315,0.058209,0.873839,-0.642924,-0.463045,0.628811,-0.20528,0.203873
4572,-0.047568,-0.327783,-0.850292,-0.47986,0.355938,-0.647456,-0.576821,1.345379,-0.127528,-0.045709,0.34389,-0.293199,-0.287827,-0.018524,-0.178926
4578,0.653603,0.653219,-0.115023,-0.476259,-0.148331,0.349774,-0.362571,0.104861,1.079763,0.567323,0.34389,-0.456364,0.213399,0.39591,-0.145899
4586,0.033116,-0.327783,0.015347,-0.168107,-0.36404,-0.328759,-0.823265,0.960417,3.355041,-0.198966,-0.642924,-0.352739,0.628811,-0.840807,1.795809
4592,-1.552566,-2.289789,-1.283539,2.456199,2.995574,-0.474616,-0.905403,-2.177866,-0.824041,-0.965256,-0.642924,-0.094628,0.628811,-1.643578,0.094867
4595,0.81825,0.653219,0.343968,-0.174355,-0.282329,0.739586,1.015101,0.125126,0.011775,1.333612,0.34389,-0.4805,-0.638516,0.463211,0.061508
4637,-0.351046,0.653219,-0.211638,-0.394145,0.32425,0.614088,1.838889,-0.042762,0.058209,-0.811998,-0.642924,0.002687,0.628811,1.257344,0.069391
4645,0.730095,0.653219,-0.07259,-0.608437,-0.400645,0.50992,0.072559,-0.074989,0.104644,1.027096,-0.642924,-0.492533,0.628811,0.300768,-0.154747
4649,-0.064691,0.653219,-0.095853,-0.082735,0.452751,-0.417597,0.575448,0.43995,-0.59187,-0.965256,0.34389,0.104876,-1.016499,1.223054,-0.363785
4660,0.835982,0.653219,1.260623,0.497908,-0.386987,-0.032291,0.704152,0.056946,0.104644,1.333612,1.330703,-0.499878,0.099644,0.116635,0.243681
4664,-0.351046,0.162718,-0.282469,-0.233599,0.717421,1.01707,2.200733,0.087708,-0.452567,-1.118514,-0.642924,0.019302,0.628811,1.901993,-0.715993
4676,0.723425,0.653219,0.89497,0.104851,-0.357269,-0.068247,-0.739797,0.188201,0.243946,0.567323,0.34389,-0.424197,-0.598327,0.143621,0.544316
4678,-1.454759,0.653219,1.737091,0.900357,0.531762,0.282153,-1.920699,-1.332095,-0.499001,-1.731545,-0.642924,2.79306,0.628811,1.901993,0.790758
4682,-1.087862,-1.799288,-1.717738,1.77752,2.315494,-0.803964,0.049414,0.892886,-0.638304,-0.352224,-0.642924,-0.285811,0.628811,-0.825369,0.094867
4687,-0.454981,0.653219,-1.026288,-1.857254,-0.226617,-0.009121,-0.773229,1.29643,-0.638304,-0.965256,-0.642924,-0.025475,0.628811,-1.032273,0.694686
4695,0.756252,0.653219,-0.217089,-0.729896,-0.612141,-0.229284,0.317224,-0.37616,-0.59187,0.567323,0.34389,-0.431057,-0.718366,0.323106,-0.312958
4709,0.653603,0.653219,0.110761,-0.364352,-0.188213,0.84318,-0.103097,0.350509,-0.406133,1.180354,-0.642924,-0.48187,0.628811,0.239026,-0.443634
4718,0.769027,0.653219,0.545961,0.396048,-0.377161,0.778212,1.46324,0.588605,-0.313264,0.873839,2.317516,-0.466745,-0.98529,-0.361718,-0.245168
4721,-1.552566,-1.799288,-2.554038,-1.973212,-1.185973,0.993136,0.542276,-1.406459,-0.359699,-1.425029,-0.642924,0.459254,0.628811,-0.630558,0.094867
4722,-1.087862,-0.818285,-0.197794,-0.68278,0.082629,-0.559669,-0.268212,-1.240246,-0.824041,-1.425029,-0.642924,0.410093,0.628811,1.901993,-0.539584
4740,-0.258684,-0.818285,0.620684,0.641328,-0.08495,-0.476113,-0.280243,1.590751,-0.26683,-0.352224,-0.642924,-0.301373,0.628811,-1.451925,0.781999
4742,0.419554,0.653219,0.091487,-0.554132,-0.590026,0.469903,-0.11534,-0.278207,-0.406133,0.107549,-0.642924,-0.392102,0.628811,-0.016786,-0.297896
4745,0.502203,0.653219,1.853312,0.770279,-0.921539,0.697447,-0.090752,-0.666818,0.894026,0.260807,-0.642924,-0.420359,0.628811,-0.474294,-0.210966
4748,-1.552566,0.162718,-1.326306,-1.876179,-0.404235,-2.573063,-2.210514,-2.00232,-0.290047,-1.731545,-0.642924,2.674783,0.628811,1.901993,0.761558
4765,-2.128155,-1.799288,-1.736959,-2.148019,-0.440104,-2.480947,-2.116226,-2.177866,-0.290047,-1.731545,-0.642924,1.77216,0.628811,1.901993,0.094867
4782,-1.288123,-0.327783,-1.298738,-0.929617,0.235106,-2.765885,-2.155223,0.541261,-0.173962,-1.731545,-0.642924,1.520862,0.628811,1.901993,0.295686
4808,1.378768,0.653219,0.842015,0.085699,-0.386482,0.198033,0.443023,-0.05237,-0.406133,1.48687,1.330703,-0.494675,-2.247942,0.25956,0.351108
4815,-0.118283,-0.818285,0.744423,0.690498,0.002474,-0.49118,-0.525662,1.381976,0.986894,-0.198966,-0.642924,-0.343627,0.628811,-0.676604,-0.355482
4826,0.689248,0.653219,1.071351,0.384883,-0.277942,0.801452,0.679609,0.348602,0.94046,1.027096,-0.642924,-0.488082,0.628811,0.09916,0.112136
4838,-1.367268,-2.289789,-1.703624,-0.351952,-1.139445,0.708272,0.515166,-1.09383,-0.731173,-0.65874,-0.642924,-0.238227,0.628811,-0.855673,0.094867
4862,-0.064691,-0.327783,-1.141457,-0.490711,0.246046,0.352749,-0.128663,1.117424,-0.313264,-0.198966,-0.642924,-0.345618,0.628811,0.091489,0.292884
4885,0.561241,0.653219,0.829858,0.061457,-0.640806,-0.161229,-0.258544,-0.170752,0.383249,0.107549,0.34389,-0.410473,0.25519,-0.274496,-0.094028
4892,-0.976977,-0.327783,-0.122847,-0.146997,0.508142,-1.172656,-0.320468,0.255787,0.243946,-1.578287,-0.642924,0.766966,0.628811,1.901993,0.699849
4900,-0.326975,0.653219,-0.648912,-1.065734,-0.083701,-0.767918,-0.430656,-1.603522,-0.870475,-1.271771,-0.642924,0.16698,0.628811,1.901993,-0.45889
4904,-1.552566,-2.289789,0.29479,2.456199,2.995574,-1.130334,-1.279307,-2.177866,-0.545436,-0.965256,-0.642924,-0.094628,0.628811,-1.643578,0.094867
4925,0.756252,0.653219,0.445371,-0.231944,-0.395347,-0.228326,-0.634856,-0.040571,-0.824041,1.027096,-0.642924,-0.496765,0.628811,0.156907,-0.064947
4948,0.359499,0.653219,-1.410776,-1.725945,-0.80078,-1.201335,-1.247044,-0.213226,0.197512,-0.198966,0.34389,-0.241449,-1.39842,-0.342039,0.557887
4950,-2.703744,-2.289789,-1.218381,2.456199,2.995574,-3.191196,-2.468346,-2.177866,-0.290047,-1.884803,-0.642924,3.782548,0.628811,-1.643578,0.094867
4958,1.180441,0.653219,0.141316,-0.403259,-0.537865,0.066226,0.404364,-0.140173,1.2655,1.180354,1.330703,-0.462879,-1.996803,0.11264,-0.15431
4962,0.448027,0.653219,-0.55923,-0.807871,-0.255463,0.546543,-0.266767,0.229564,2.240619,0.720581,-0.642924,-0.44059,0.628811,0.532114,-0.365961
4973,0.502203,0.653219,0.031844,-0.507897,-0.755886,-0.118903,-0.015735,-0.383003,-0.684738,0.414065,-0.642924,-0.425478,0.628811,-0.398856,0.038387
4976,0.585312,0.653219,0.168798,-0.455507,-0.45839,0.128122,-0.445823,-0.080001,-0.26683,0.567323,-0.642924,-0.448077,0.628811,0.095116,-0.194363
4978,0.806215,0.653219,1.453437,0.649929,-0.186952,0.411302,0.127232,0.293695,0.011775,1.48687,-0.642924,-0.51534,0.628811,0.25956,0.353976
4980,0.646286,0.653219,0.834705,0.212887,-0.565344,0.049939,0.287933,-0.136585,-0.452567,0.873839,-0.642924,-0.474701,0.628811,-0.09239,0.151911
5012,-0.136945,0.653219,0.079086,-0.526591,0.324743,0.964633,1.349742,-0.763223,-0.638304,-0.505482,-0.642924,-0.092531,0.628811,1.572173,0.761326
5020,-1.288123,-2.289789,0.171664,2.456199,2.995574,-1.460343,-1.001857,-2.177866,0.104644,-0.505482,-0.642924,-0.288487,0.628811,-0.934464,0.094867
5029,-0.712534,-0.818285,-1.073229,0.071184,0.584336,-2.145827,-1.781154,1.490702,-0.452567,-0.811998,-0.642924,-0.094628,0.628811,0.213626,-0.263024
5032,0.769027,0.653219,0.057161,-0.417603,-0.26172,0.658309,-0.620494,0.081054,0.151078,1.333612,-0.642924,-0.5085,0.628811,0.320123,-0.838747
5060,1.064576,0.653219,-0.409611,-0.947345,-0.861815,-0.248463,0.262538,-0.495286,-0.731173,0.414065,1.330703,-0.350933,-2.409555,-0.385472,0.252519
5066,-0.047568,0.653219,-0.442779,-0.900449,-0.780286,-0.127727,-0.339458,0.738668,-0.081093,-0.811998,-0.642924,-0.15577,0.628811,-1.643578,0.85223
5067,-1.552566,-2.289789,-1.43657,-0.052021,-0.617744,-0.118159,-0.397897,-0.294615,-0.545436,-0.965256,-0.642924,-0.094628,0.628811,-0.124047,0.094867
5074,0.696197,0.653219,1.121039,0.361748,-0.799683,1.491842,1.673931,0.394858,-0.173962,-0.198966,1.330703,-0.322697,-1.73172,-1.226452,-0.808049
5086,-1.087862,-0.818285,-0.412833,1.514935,2.186304,0.963325,0.189474,0.673632,-0.220396,-0.505482,-0.642924,-0.178748,0.628811,-0.279897,3.60045
5095,0.429154,0.162718,0.320216,0.207926,-0.039467,0.216558,0.546185,1.091874,-0.220396,0.873839,-0.642924,-0.466829,0.628811,-0.24184,1.225708
5107,0.063316,0.653219,-0.644004,-1.059095,-0.824115,-0.072544,-1.075682,-0.60814,-0.545436,-0.811998,-0.642924,-0.174094,0.628811,-0.354279,-0.151064
5109,1.13683,0.653219,0.012829,-0.59888,-0.520919,0.153627,-0.55759,-0.205702,-0.081093,1.027096,0.34389,-0.482104,-1.695285,0.068077,0.100474
5120,-0.064691,0.653219,-0.518507,-1.160137,-1.424946,0.23001,0.65789,-2.177866,-0.452567,-0.965256,-0.642924,-0.087608,0.628811,-1.643578,0.828132
5122,-1.149401,-1.799288,0.055451,-0.68447,-0.736794,-0.023962,0.338828,-0.224749,-0.081093,-0.352224,-0.642924,-0.301052,0.628811,-0.461721,0.094867
5124,0.475557,0.653219,-0.12376,-0.518523,-0.282542,0.519766,-0.319543,0.001361,-0.638304,0.873839,-0.642924,-0.425647,0.628811,0.460387,-0.688925
5134,0.769027,0.653219,-0.142726,-0.369009,-0.618174,0.558257,0.97726,0.557058,0.754723,0.720581,1.330703,-0.355401,-1.885049,-0.798096,-0.326847
5137,0.457306,0.653219,0.231659,-0.311845,-0.802428,-1.14247,-0.892403,-0.188887,-0.684738,0.107549,0.34389,-0.3565,-0.083015,-0.528117,-0.302895
5141,-2.703744,-2.289789,-3.755814,2.456199,2.995574,-3.191196,-2.468346,-2.177866,-0.452567,-1.884803,-0.642924,3.782548,0.628811,-1.643578,0.094867
5142,-1.149401,0.162718,1.52708,0.915779,0.918252,-2.2542,-2.278597,-0.303647,-0.313264,-1.731545,-0.642924,1.520862,0.628811,1.901993,0.787672
5145,-0.483133,-1.799288,-0.712896,0.601616,1.652107,0.22346,0.23752,1.045695,0.476118,-0.352224,1.330703,-0.22156,-1.939688,0.382463,0.094867
5148,-0.118283,-0.818285,-0.279055,-0.479867,-1.424946,-0.158202,0.175606,-2.177866,0.197512,-0.811998,0.34389,-0.128674,-1.415944,-1.643578,-2.579831
5151,0.638905,0.653219,0.690859,-0.136425,-0.603507,0.383351,0.337485,-0.152638,-0.127528,0.720581,-0.642924,-0.464378,0.628811,-0.110358,-0.091348
5174,0.723425,0.653219,0.707061,-0.004432,-0.567503,0.602332,0.835529,-0.239087,-0.452567,0.720581,-0.642924,-0.48818,0.628811,0.085969,0.073092
5176,0.283461,0.653219,-0.083849,-0.626061,-0.823134,-0.894132,-0.249214,-0.202496,0.801157,-0.198966,-0.642924,-0.311523,0.628811,-0.560209,0.196614
5190,-1.552566,0.653219,0.347922,-0.007879,0.301918,-2.108281,-1.959304,0.085121,-0.638304,-1.884803,-0.642924,3.782548,0.628811,1.901993,1.102696
5211,-1.149401,-1.799288,-0.89741,0.560329,0.785314,-0.38539,0.337423,2.09245,-0.824041,-1.118514,-0.642924,0.013071,0.628811,-1.643578,0.094867
5215,0.631457,0.653219,-0.867822,-1.18201,-0.586561,0.255685,-0.285818,-0.633708,-0.26683,0.567323,0.34389,-0.454469,0.202609,0.354835,-0.292809
5232,0.756252,0.653219,1.253557,0.635898,-0.318928,0.028357,0.332653,0.192204,-0.545436,0.873839,1.330703,-0.466396,-0.091243,0.073808,-0.420047
5246,0.781609,0.653219,-0.788328,-1.042765,-0.339865,0.182292,-0.346781,0.358657,-0.127528,0.567323,0.34389,-0.389318,-1.682602,0.156068,0.466738
5252,-1.367268,-0.327783,0.444637,0.456717,0.926277,1.531886,2.546803,0.292738,0.847592,-1.731545,-0.642924,1.548784,0.628811,1.901993,1.372132
5256,0.078014,0.653219,0.555361,0.006478,-1.150056,-1.143203,-0.777155,-0.53356,0.476118,-0.505482,-0.642924,-0.241753,0.628811,-1.263695,-0.395772
5262,-2.703744,-2.289789,0.526428,2.456199,2.995574,-3.191196,-2.468346,-2.177866,-0.290047,-1.884803,-0.642924,3.782548,0.628811,-1.643578,0.094867
5275,0.870348,0.653219,0.118779,-0.041914,-0.7333,0.091335,0.209728,0.802951,0.151078,-0.65874,1.330703,-0.227761,-2.476401,-1.643578,-0.090248
5278,0.781609,0.653219,0.980787,0.237025,-0.241846,0.559722,0.008691,0.275209,-0.359699,1.333612,-0.642924,-0.510814,0.628811,0.209789,-0.157867
5325,0.305906,0.653219,-0.287503,0.02773,-0.144763,0.336778,0.566124,1.256284,0.429683,-0.045709,0.34389,-0.355892,-0.614304,-0.924881,-0.785463
5326,0.638905,0.653219,0.068309,0.048165,0.024342,0.3529,-0.086007,0.904183,-0.173962,0.873839,-0.642924,-0.47686,0.628811,-0.014532,-0.235253
5352,0.668045,0.653219,0.972346,0.281361,-0.606698,0.5424,1.207867,-0.239973,0.661855,0.873839,-0.642924,-0.475066,0.628811,-0.040363,0.073544
5359,-1.454759,-1.308786,-1.516942,0.043074,0.94501,-0.579338,-0.907418,0.982187,-0.545436,-1.578287,-0.642924,0.814085,0.628811,1.901993,-3.940354
5384,0.623942,0.653219,-0.209035,-0.676879,-0.468859,0.121187,-0.609159,-0.206868,-0.359699,0.720581,-0.642924,-0.463277,0.628811,0.145472,-0.225894
5411,-0.606381,-1.308786,-1.528694,-1.364743,-0.839679,-0.863963,-0.242558,0.138216,-0.638304,-0.65874,-0.642924,-0.206815,0.628811,-0.461721,-1.705209
5417,0.775342,0.653219,1.352488,0.623117,-0.298453,0.444998,0.72449,0.35799,-0.499001,1.180354,1.330703,-0.484884,0.058701,-0.019652,-0.005259
5428,-0.834273,-1.799288,-0.884895,-1.039794,-0.247586,0.093487,-0.142555,-0.755934,-0.731173,-0.811998,0.34389,-0.042773,-1.554065,1.114089,0.094867
5430,-2.367046,-2.289789,0.205795,2.456199,2.995574,3.76708,0.299739,-2.177866,-0.127528,-1.731545,-0.642924,1.520862,0.628811,1.901993,0.094867
5434,0.536451,0.653219,-0.185535,-0.917194,-0.244473,0.727391,-0.5122,-0.152106,-0.26683,0.414065,-0.642924,-0.445044,0.628811,0.52718,0.261315
5436,0.457306,0.653219,0.145622,-0.117471,-0.240721,0.645659,1.03122,0.837581,0.011775,0.414065,-0.642924,-0.425028,0.628811,-0.328928,1.122803
5444,-0.87917,-2.289789,-0.315802,2.456199,2.995574,-0.300703,-0.241081,-2.177866,0.011775,-0.352224,0.34389,-0.286922,-1.750448,-0.809326,0.094867
5446,0.593183,0.653219,0.584769,-0.088512,-0.303297,0.333579,-0.140697,0.21747,-0.406133,0.873839,-0.642924,-0.462242,0.628811,0.213626,0.076986
5447,-2.703744,-2.289789,-1.523305,2.456199,2.995574,-3.191196,-2.468346,-2.177866,-0.290047,-1.884803,-0.642924,3.782548,0.628811,-1.643578,0.094867
5467,0.092456,0.653219,-0.537439,-0.909611,-1.095605,-1.175222,-0.230353,-0.297305,0.383249,-0.505482,-0.642924,-0.243796,0.628811,-1.083751,-0.049642
5468,1.064576,0.653219,1.471864,0.712884,-0.405628,2.15783,2.891914,0.213909,1.636974,1.48687,2.317516,-0.480112,-1.484502,-0.004228,0.693932
5473,-2.128155,-1.308786,-2.232996,0.933237,1.728055,-1.5412,-1.651267,1.883176,-0.824041,-1.731545,-0.642924,1.77216,0.628811,1.901993,-3.228778
5475,-0.751164,-0.818285,-2.880324,-1.707141,-0.319816,-0.842648,-0.340804,1.454876,1.776277,-1.271771,-0.642924,0.16385,0.628811,-1.643578,0.165678
5477,-0.87917,-0.327783,-1.154548,0.29619,1.096823,-0.944606,-1.13091,1.261514,-0.452567,-0.811998,-0.642924,0.182632,0.628811,0.442052,0.886092
5480,0.85905,0.653219,0.760998,-0.122809,-0.468963,0.194216,0.827292,-0.083315,1.079763,0.720581,0.34389,-0.449306,-0.94286,0.165886,0.227364
5481,0.709922,0.653219,-0.282351,-0.879897,-0.411809,0.372347,-0.777657,-0.174062,-0.499001,0.873839,-0.642924,-0.482849,0.628811,0.261068,0.275381
5495,0.457306,0.653219,-0.461632,-0.83829,-0.452871,0.653771,-0.302218,-0.15149,-0.359699,0.414065,-0.642924,-0.413607,0.628811,0.26864,0.118671
5500,0.593183,0.653219,1.013874,0.656235,-0.418072,1.125896,1.371954,1.2024,1.172631,-0.045709,1.330703,-0.323566,-1.399036,-1.373439,-0.23293
5510,0.390069,0.653219,-0.676269,-1.447454,-0.515564,0.492863,-0.498029,-0.296665,-0.499001,0.260807,-0.642924,-0.40581,0.628811,0.172446,-0.077504
5527,-0.047568,-1.308786,-0.278439,0.287918,0.740592,-0.318572,0.089426,1.468753,0.568986,-0.198966,1.330703,-0.238227,-2.116838,0.424672,0.522462
5534,0.940261,0.653219,1.284426,0.513053,-0.234106,0.370196,0.801236,0.006072,-0.220396,1.333612,1.330703,-0.500167,-0.465143,0.505925,-0.205106
5540,1.378768,0.653219,0.144378,-0.432363,-0.32359,0.418482,0.640156,0.12929,2.426356,1.180354,1.330703,-0.474744,-2.517733,0.25956,0.239471
5541,-2.703744,-2.289789,-1.782321,2.456199,2.995574,-3.191196,-2.468346,-2.177866,-0.545436,-1.884803,-0.642924,3.782548,0.628811,1.901993,0.094867
5548,0.709922,0.653219,0.796419,0.177121,-0.364175,0.261419,0.11619,-0.007804,-0.406133,1.180354,-0.642924,-0.492736,0.628811,0.231766,-0.146791
5549,0.91937,0.653219,0.342599,-0.181724,-0.702096,0.796051,0.557361,-0.012038,1.869145,0.873839,2.317516,-0.41369,-1.552451,-0.507177,-0.007489
5550,1.184294,0.653219,0.560148,0.346909,-0.560741,0.094003,0.071534,0.399748,1.2655,0.414065,2.317516,-0.409192,-2.455242,-0.604643,-0.687221
5553,0.577366,0.653219,0.806499,0.24891,-0.59325,0.363184,0.771363,-0.220873,-0.684738,0.414065,-0.642924,-0.453877,0.628811,-0.060119,-1.596492
5554,0.660855,0.653219,1.274379,0.465857,-0.391223,0.053449,0.220782,0.154817,0.058209,0.873839,-0.642924,-0.475604,0.628811,-0.057401,0.440645
5555,0.1742,0.653219,-0.02446,-0.894771,-1.031402,-0.486967,-1.239809,-0.592901,-0.406133,-0.505482,-0.642924,-0.279256,0.628811,-0.911952,0.309991
5562,-1.288123,-2.289789,-1.857299,1.892382,2.422369,-0.907162,-0.32058,0.05893,-0.684738,-0.65874,0.34389,-0.19802,-0.94286,-0.225349,0.094867
5563,-0.791679,-0.327783,-1.441833,-0.603835,0.189066,-1.35062,-1.326962,1.524825,0.429683,-1.118514,-0.642924,0.073633,0.628811,-0.710533,0.470912
5566,0.775342,0.653219,1.667402,1.053022,-0.626078,0.623384,0.98044,0.495367,1.869145,0.260807,1.330703,-0.381032,-1.505093,-0.966942,-0.332867
5577,-0.351046,-0.818285,0.437165,0.600673,-0.219349,-0.799852,0.144607,1.520336,-0.638304,-0.65874,-0.642924,-0.204998,0.628811,-1.536136,-1.069129
5578,0.668045,0.653219,0.910291,0.215791,-0.153026,-0.405205,-0.508466,0.118197,-0.731173,0.873839,-0.642924,-0.471645,0.628811,0.360441,0.043238
5585,0.730095,0.653219,1.813975,0.871476,-0.494611,0.623408,0.558139,0.095287,-0.545436,1.027096,-0.642924,-0.492533,0.628811,-0.099539,0.372214
5588,0.134334,-0.327783,-0.560372,-1.057366,-1.032386,0.041605,0.414323,-0.774504,-0.452567,0.260807,-0.642924,-0.40911,0.628811,-0.816278,-1.968966
5603,-0.064691,0.653219,-0.186166,-0.688676,-0.353047,0.564191,-0.479251,-0.279305,-0.824041,-0.965256,-0.642924,-0.087608,0.628811,0.468677,0.092406
5613,-0.401389,0.653219,-1.344648,-0.151027,0.83269,-0.914817,-0.826147,0.648982,-0.290047,-0.505482,0.34389,0.205271,-1.395063,1.215754,-0.352515
5617,-2.128155,-1.799288,-1.903319,-1.950871,-0.35641,-1.726173,-1.740732,-1.909716,-0.290047,-1.731545,-0.642924,1.77216,0.628811,1.901993,0.094867
5618,0.756252,0.653219,1.217507,0.583227,-0.768775,-0.603537,-0.285249,0.740763,1.126197,-0.505482,1.330703,-0.275345,-1.857501,-1.643578,0.259326
5641,0.484534,0.653219,-0.458211,-0.955286,-0.288773,0.730348,-0.157788,0.025915,-0.452567,0.567323,-0.642924,-0.425514,0.628811,0.283363,0.03566
5660,0.623942,0.653219,-0.152884,-0.668136,-0.428294,0.527764,1.045555,-0.243264,-0.824041,0.567323,-0.642924,-0.460231,0.628811,0.373169,-0.201499
5665,-0.976977,-0.818285,-0.005067,-0.761648,-1.248125,-0.316664,-0.268163,-1.312398,-0.638304,-0.352224,-0.642924,-0.238227,0.628811,-1.170835,-1.21838
5672,1.132749,0.653219,0.171709,-0.325405,-0.413543,0.867082,1.406796,0.077939,-0.684738,1.333612,1.330703,-0.479647,-1.744593,0.199417,-0.02349
5682,0.623942,0.653219,0.822013,0.187634,-0.471916,0.38548,0.811053,0.000175,-0.545436,0.720581,0.34389,-0.441195,0.198886,0.112944,-0.072067
5685,0.475557,0.653219,-0.603279,-0.933954,-0.413674,0.444757,-0.013822,0.184794,-0.638304,0.567323,-0.642924,-0.416907,0.628811,0.070764,0.039755
5687,0.484534,0.653219,2.109098,1.177053,-0.850149,0.177513,-0.666292,-0.440805,0.847592,0.107549,-0.642924,-0.399861,0.628811,-0.525952,-0.140099
5688,-2.128155,-2.289789,-1.989549,-0.056052,0.542476,2.686188,0.786154,-0.884045,-0.406133,-1.578287,-0.642924,0.766966,0.628811,1.901993,0.094867
5713,-0.712534,0.653219,1.767445,0.930234,0.688746,-0.818059,0.102898,-1.242963,-0.313264,-1.578287,-0.642924,0.766966,0.628811,1.901993,-0.62531
5728,0.001777,-0.327783,-0.554593,-0.222765,0.009916,-0.404518,0.278896,1.125685,-0.220396,-0.198966,-0.642924,-0.339095,0.628811,-0.253158,0.575679
5733,0.55306,0.653219,0.401099,0.301524,0.034492,0.637043,0.900958,1.089202,-0.220396,1.180354,0.34389,-0.481183,0.531564,-0.012615,0.516118
5735,0.212241,0.653219,-0.321808,-0.386888,0.498101,0.648263,-1.496244,0.086862,1.822711,-1.118514,1.330703,0.212448,-1.959972,1.901993,-0.028564
5748,0.528021,0.653219,-0.244824,-0.862016,-0.909406,-0.112163,-0.048298,-0.788175,-0.359699,0.107549,-0.642924,-0.41728,0.628811,-0.4008,-0.203169
5752,0.98543,0.653219,0.46675,-0.094096,-0.12488,0.261676,-0.046836,0.053726,-0.406133,1.640128,0.34389,-0.500885,-0.767539,0.580272,0.005904
5757,-2.703744,-2.289789,-1.327307,-2.357249,-1.003121,-3.191196,-2.468346,-2.177866,-0.638304,-1.884803,-0.642924,3.782548,0.628811,1.901993,0.094867
5774,0.536451,0.653219,0.164843,-0.371276,-0.31713,0.339465,0.355115,0.15361,-0.638304,0.720581,0.34389,-0.435624,0.432434,0.201566,-0.092363
5783,0.709922,0.653219,0.65284,-0.088449,-0.410032,0.217805,-0.154184,0.013928,-0.824041,0.873839,-0.642924,-0.482849,0.628811,0.055952,0.165043
5786,-0.303582,-0.327783,0.166106,0.030071,-0.540842,-0.617963,0.16702,1.140698,-0.731173,-0.965256,-0.642924,-0.094628,0.628811,-1.643578,0.770455
5817,-2.367046,-1.799288,-1.639621,0.297724,1.245664,-2.641589,-2.249705,2.399895,0.197512,-1.884803,-0.642924,3.782548,0.628811,1.901993,0.094867
5830,0.063316,-0.818285,-0.333207,0.466867,0.102143,0.59135,-0.088518,1.746283,0.290381,-0.811998,1.330703,-0.126244,-2.235267,-1.643578,0.199172
5835,-0.258684,-1.308786,0.914542,0.358501,-0.304328,0.364332,0.122757,-0.053953,-0.452567,0.873839,-0.642924,-0.493014,0.628811,0.368773,1.054607
5840,0.092456,-0.818285,0.145709,-0.044194,-0.634701,0.289163,0.236399,-0.410496,-0.545436,0.720581,0.34389,-0.449847,-0.296342,0.035903,-4.0543
5854,-0.675621,0.653219,2.618584,1.580465,0.919966,-0.596099,0.391109,-0.976124,-0.731173,-1.425029,-0.642924,0.642356,0.628811,1.740831,0.281974
5856,0.316905,0.162718,-0.093461,0.435933,1.116935,0.191546,-0.330693,0.515093,-0.034659,-0.045709,1.330703,-0.06453,-2.428962,1.192879,0.241866
5872,0.248614,0.653219,0.576929,-0.073522,-0.744924,-1.083809,-0.916252,0.089025,-0.26683,0.107549,-0.642924,-0.342737,0.628811,-0.513106,0.178997
5873,-0.326975,-0.327783,0.617158,0.356026,-0.514839,1.632136,1.696699,1.178197,2.194185,-0.965256,-0.642924,-0.091274,0.628811,-1.643578,0.787168
5874,0.224543,-0.327783,-0.598191,-0.309671,0.164523,-0.054166,-1.073221,1.114894,-0.220396,0.414065,-0.642924,-0.419382,0.628811,0.049829,0.904125
5880,-2.703744,-2.289789,-0.263103,2.456199,2.995574,-3.191196,-2.468346,-2.177866,-0.290047,-1.884803,-0.642924,3.782548,0.628811,-1.643578,0.094867
5888,0.668045,0.653219,0.843808,0.132564,-0.697044,0.572713,1.263072,-0.222717,-0.545436,0.873839,-0.642924,-0.475066,0.628811,-0.25618,0.192562
5890,-1.942857,-2.289789,-2.018372,-1.817913,-1.424946,0.598015,0.637829,-2.177866,-0.870475,-1.425029,-0.642924,0.390019,0.628811,-1.643578,0.094867
5898,0.78783,0.653219,1.117097,0.328711,-0.141229,0.309906,0.156315,0.278299,0.151078,1.333612,0.34389,-0.508889,0.483319,0.409121,-0.067029
5907,0.781609,0.653219,0.244128,-0.187768,-0.082477,0.427756,-0.338259,0.453986,0.522552,1.180354,2.317516,-0.464604,-0.39554,0.424672,-0.227788
5911,0.703088,0.653219,1.305992,0.550018,-0.405533,0.373931,0.962301,0.086645,0.243946,0.873839,0.34389,-0.481359,0.547635,0.040568,0.104335
5912,1.077792,0.653219,0.795554,0.204255,-0.662382,1.78581,2.584975,0.277165,2.054882,0.873839,2.317516,-0.375242,-2.31029,-0.799394,0.065806
5914,-2.703744,-2.289789,-1.246755,2.456199,2.995574,-3.191196,-2.468346,-2.177866,0.986894,-1.884803,-0.642924,3.782548,0.628811,-1.643578,0.094867
5918,0.96064,0.653219,-0.078324,-0.584306,-0.47885,0.751326,0.39262,-0.029022,0.336815,1.48687,0.34389,-0.483172,-0.950033,0.085969,0.020635
5919,0.593183,0.653219,1.302147,0.495622,-0.740445,0.405732,0.820405,-0.306839,7.348386,0.567323,0.34389,-0.454036,0.356174,-0.326651,0.464149
5920,0.283461,0.653219,-0.098088,-0.646571,-0.570244,1.46397,-0.411622,0.07959,-0.731173,-0.198966,-0.642924,-0.327229,0.628811,-0.363233,0.2337
5922,0.78783,0.653219,0.412035,-0.149137,-0.468593,0.636029,0.927955,-0.105862,1.544105,0.873839,1.330703,-0.48076,-0.244142,0.142537,0.071445
5931,0.696197,0.653219,0.30125,-0.285674,-0.394816,0.245145,0.307714,0.035706,-0.406133,0.873839,-0.642924,-0.487521,0.628811,0.233489,-0.300385
5938,0.955592,0.653219,1.220639,0.586213,-0.374284,1.164064,1.800385,0.340218,0.94046,1.180354,1.330703,-0.497537,-1.037122,-0.186196,-0.633511
5946,0.830114,0.653219,0.037796,-0.414117,-0.382449,0.559583,0.360497,-0.018196,0.011775,1.640128,0.34389,-0.517425,0.490488,0.306486,-0.294973
5947,0.675173,0.653219,-0.182545,-0.484656,-0.579026,0.744728,0.863753,-0.456408,-0.313264,0.873839,-0.642924,-0.491393,0.628811,0.220904,-1.343462
5949,-0.751164,0.162718,-0.044584,-0.610572,-0.124549,0.451179,0.499605,-0.457929,-0.731173,-1.425029,-0.642924,0.52572,0.628811,0.838322,0.914479
5955,-1.03057,0.653219,-0.279185,-0.679757,0.04055,-1.485863,-1.500387,-1.629614,-0.290047,-1.731545,-0.642924,1.520862,0.628811,1.901993,-1.312071
5956,1.299014,0.653219,0.111857,-0.360127,-0.560535,0.027774,-0.037235,0.115826,0.011775,1.027096,2.317516,-0.442548,-2.56575,-0.222479,0.081588
5960,0.970645,0.653219,0.618732,-0.074826,-0.583775,0.71587,0.730662,0.00814,0.151078,1.027096,0.34389,-0.466034,-1.198108,-0.212534,-0.160235
5986,0.466481,0.653219,0.692682,0.150509,-0.612061,0.154841,0.452552,-0.161505,-0.034659,0.414065,-0.642924,-0.415812,0.628811,-0.067768,-0.129853
5993,0.81825,0.653219,1.042124,0.329301,-0.131166,0.746168,0.4055,0.298591,-0.359699,1.640128,-0.642924,-0.522304,0.628811,0.386133,-0.037652
6000,-2.367046,-2.289789,-2.407466,-1.018435,-1.424946,1.304569,-0.679877,-2.177866,-0.870475,-1.731545,-0.642924,1.520862,0.628811,-1.643578,0.094867
6011,0.653603,0.653219,1.024419,0.154353,-0.756218,0.368947,0.534025,-0.299435,0.290381,0.720581,-0.642924,-0.474077,0.628811,-0.294378,-0.322164
6030,0.68224,0.653219,1.158151,0.463861,-0.477142,0.322349,0.657603,0.029058,-0.777607,0.873839,-0.642924,-0.478126,0.628811,-0.037464,-0.420703
6031,-1.454759,-2.289789,-1.309774,2.456199,2.995574,0.227014,0.469981,-2.177866,0.290381,-1.118514,0.34389,0.107308,-1.673441,-1.643578,0.094867
6034,1.018938,0.653219,0.581037,-0.095431,-1.31814,-0.02997,0.421766,-1.078881,0.151078,-0.045709,1.330703,-0.303908,-2.500793,-1.46227,-0.248823
6035,0.847596,0.653219,0.483915,0.162772,-0.274655,0.560913,0.103423,0.304301,-0.59187,1.333612,0.34389,-0.509668,-0.010072,0.017634,-0.566029
6047,0.631457,0.653219,0.270613,-0.303265,-0.365098,0.222875,0.006462,-0.095839,1.869145,0.720581,-0.642924,-0.461945,0.628811,0.29037,-0.337724
6052,0.294759,0.653219,0.157128,-0.203903,-0.586992,-0.403385,0.091043,0.721937,-0.313264,-0.352224,-0.642924,-0.322355,0.628811,-0.963605,0.821737
6074,-1.454759,-1.799288,-0.169699,1.250513,1.523678,-1.744332,-2.125925,1.580343,0.104644,-1.425029,0.34389,0.814085,-1.826925,1.901993,0.094867
6084,0.756252,0.653219,0.669874,0.004708,-0.463087,0.367543,0.266523,-0.058758,1.311934,1.027096,0.34389,-0.495109,0.477725,0.156907,-0.28806
6092,0.749789,0.653219,1.014748,0.277962,-0.482933,0.426851,0.077346,0.05657,0.429683,0.873839,-0.642924,-0.493187,0.628811,-0.052259,0.048365
6097,0.224543,0.653219,-1.098126,-1.559987,-0.612163,0.843545,-0.185269,-0.357575,-0.452567,-0.505482,-0.642924,-0.284356,0.628811,0.049829,0.125157
6110,-0.030792,-0.818285,-0.651563,-0.282732,-0.019,-0.793379,-0.121394,1.047928,0.151078,0.107549,0.34389,-0.380989,-0.844017,-0.558199,-0.714092
6111,-0.640279,-1.799288,-0.558472,-1.136782,-0.416156,1.061283,-0.235417,-0.253918,-0.731173,0.567323,-0.642924,-0.441546,0.628811,0.360441,0.094867
6124,-0.175575,0.653219,-0.887004,-0.190551,0.972562,-0.437986,-0.310554,0.944787,-0.290047,-0.045709,0.34389,-0.183812,-1.05412,0.864265,-0.039498
6138,0.924642,0.653219,0.650008,0.095519,-0.68178,0.634057,1.021982,-0.178895,0.058209,1.027096,1.330703,-0.461704,-1.027408,-0.356332,-0.125315
6142,-0.483133,0.653219,-1.329067,-0.742113,0.235236,-0.187042,-0.388244,0.73663,-0.91691,-1.118514,-0.642924,0.170774,0.628811,0.888973,0.112586
6144,0.646286,0.653219,0.136174,-0.424672,-0.110095,0.976352,0.008313,0.086229,0.894026,0.720581,-0.642924,-0.472538,0.628811,0.540747,-0.102002
6150,-1.149401,-1.799288,-1.355898,0.725315,1.153691,-0.080129,-0.284271,2.032722,1.079763,-0.965256,-0.642924,-0.049754,0.628811,-1.052649,0.094867
6152,0.199753,0.653219,0.038963,-0.31291,-0.682947,-1.223779,-1.433744,0.446222,-0.127528,-0.045709,-0.642924,-0.300799,0.628811,-0.770822,-0.044842
6155,0.448027,0.653219,1.304601,0.319329,-0.708253,0.20595,-0.333649,0.181351,-0.91691,0.107549,-0.642924,-0.395029,0.628811,-0.596023,0.817828
6166,-1.454759,0.653219,0.322018,-0.135072,0.302857,-2.041862,-2.249965,-2.006149,-0.499001,-1.731545,-0.642924,2.79306,0.628811,1.901993,0.327742
6167,0.419554,0.162718,0.941761,0.684055,0.157668,0.358404,1.476437,1.015007,0.801157,0.414065,0.34389,-0.434675,-0.113518,0.066639,0.827185
6182,-0.712534,-1.799288,0.464744,1.285815,1.522068,-0.595601,-0.41131,1.772016,-0.081093,-0.965256,0.34389,-0.094628,-1.554065,-1.643578,0.094867
6187,0.528021,0.653219,-0.277525,-0.812439,-0.318985,0.57528,-0.229301,0.132536,-0.499001,0.720581,-0.642924,-0.444202,0.628811,0.257141,-0.113996
6189,-1.942857,-1.308786,-1.325681,2.456199,2.995574,-0.843208,-0.791288,-2.177866,0.290381,-1.578287,1.330703,0.95544,-2.440859,-1.643578,-2.795876
6209,-1.454759,-2.289789,-0.065352,2.456199,2.995574,-1.334376,-0.890334,-2.177866,-0.452567,-0.811998,-0.642924,-0.175403,0.628811,-1.643578,0.094867
6217,0.063316,-0.818285,-0.713269,-0.796813,0.20725,-0.061376,-0.577259,0.999709,1.2655,0.567323,-0.642924,-0.455216,0.628811,0.354835,1.774274
6221,0.493416,0.653219,0.44684,-0.1193,-0.77191,-0.316399,-0.263423,-0.074872,-0.59187,0.107549,0.34389,-0.384666,-0.143487,-0.576094,0.536713
6222,-0.375836,-0.818285,0.554133,0.385981,-0.319816,-0.728453,-0.529209,1.419548,1.033329,-0.811998,-0.642924,-0.175403,0.628811,-1.643578,0.775048
6227,-1.942857,-1.308786,-1.487991,-5.266505,-1.424946,1.253269,0.092189,-2.177866,-0.359699,-1.425029,-0.642924,0.390019,0.628811,-1.643578,6.002008
6238,0.248614,0.653219,-0.291073,-0.831077,-0.984222,-0.271974,-0.136641,-0.558519,-0.406133,-0.352224,-0.642924,-0.297133,0.628811,-0.872802,-0.050253
6250,-1.454759,-0.327783,0.224728,1.619183,1.435502,0.598929,0.522714,0.280996,-0.499001,-1.425029,-0.642924,1.238151,0.628811,0.572404,-3.98247
6256,-0.606381,-1.308786,0.371705,0.477323,0.048561,-0.450636,0.278272,1.75973,0.476118,-0.811998,-0.642924,-0.175403,0.628811,-1.643578,1.790896
6261,-1.454759,-2.289789,0.600674,2.456199,2.995574,-1.336026,-1.232048,-2.177866,-0.731173,-0.811998,-0.642924,-0.175403,0.628811,-1.643578,0.094867
6264,0.475557,0.653219,0.167232,-0.311129,-0.273109,0.458828,-0.783226,0.213856,-0.638304,0.567323,-0.642924,-0.423462,0.628811,0.187651,0.076981
6266,-0.751164,-1.799288,2.544587,1.839759,0.785314,-1.073376,-0.907206,2.016863,0.058209,-0.505482,-0.642924,-0.288487,0.628811,-1.643578,0.094867
6269,-0.303582,0.162718,-1.384147,-1.166798,-1.424946,0.393614,-0.173243,-2.177866,-0.731173,-0.65874,-0.642924,-0.124169,0.628811,-1.643578,-4.176212
6295,1.04662,0.653219,0.407458,0.059819,-0.331108,1.174207,1.404598,0.429,0.429683,1.640128,4.291142,-0.501027,-1.357485,-0.104566,-0.223089
6305,-0.064691,-0.818285,0.987839,0.804755,0.173479,0.483074,0.772398,1.552335,0.104644,0.260807,-0.642924,-0.411144,0.628811,-0.662888,1.260249
6308,0.510898,0.653219,0.109928,-0.543415,-0.685416,-0.712772,-0.101014,-0.538895,-0.499001,0.260807,-0.642924,-0.430579,0.628811,0.110547,0.536522
6330,0.835982,0.653219,1.415073,0.538017,-0.301471,0.359146,0.138365,0.187935,-0.638304,1.333612,0.34389,-0.506704,0.292832,0.141781,0.181593
6331,-0.100032,-0.327783,-0.114399,-0.214501,-0.278896,-0.149599,-0.475487,1.182048,-0.26683,-0.505482,-0.642924,-0.278435,0.628811,-0.934464,3.195481
6340,0.709922,0.653219,0.329341,-0.317267,-0.313383,0.061153,-0.213638,0.053519,0.476118,1.180354,-0.642924,-0.490264,0.628811,0.29037,-0.102686
6341,-0.082173,0.653219,0.387113,0.268822,0.942905,1.760286,3.194704,0.048515,-0.731173,-0.811998,-0.642924,-0.090964,0.628811,1.824916,0.542818
6344,-0.751164,-0.818285,-1.646148,-1.493519,-0.459661,-1.221664,-0.975083,0.259306,-0.731173,-0.965256,0.34389,0.028149,0.162221,0.129208,1.295428
6346,0.723425,0.653219,1.432521,0.469556,-0.505558,0.259665,0.986059,0.050941,0.94046,1.027096,-0.642924,-0.497748,0.628811,-0.05816,0.368821
6347,0.466481,0.653219,0.977071,0.204639,-0.507835,0.372407,1.305943,0.329486,0.058209,0.107549,0.34389,-0.39124,0.211639,-0.422326,0.157325
6351,-0.791679,-1.799288,-1.717719,-1.218176,-0.555849,1.115697,-0.393393,0.175683,-0.824041,-0.505482,-0.642924,-0.27721,0.628811,-0.337315,0.094867
6354,-0.751164,-0.818285,-0.128562,0.732156,0.564288,-1.357561,-0.785251,1.995836,-0.777607,-0.65874,-0.642924,-0.130169,0.628811,-1.289021,-1.223622
6355,0.484534,0.653219,0.997207,0.143122,-1.009906,-0.439058,0.234763,-0.682067,-0.824041,0.107549,0.34389,-0.365658,-0.06172,-0.680107,0.141905
6356,0.730095,0.653219,1.337596,0.558224,-0.239443,0.566298,0.248805,0.209595,-0.359699,1.027096,-0.642924,-0.492533,0.628811,0.214988,0.163592
6359,0.623942,0.653219,-0.29745,-0.801184,-0.59633,0.762188,0.098848,-0.374497,2.658527,0.567323,0.34389,-0.433581,0.038492,0.340641,0.293732
6369,0.638905,0.653219,-0.130242,-0.609229,-0.214347,0.524698,-0.678603,0.13784,-0.824041,0.414065,0.34389,-0.429133,-0.103067,0.272947,-0.537442
6390,1.199531,0.653219,0.654859,0.218672,-0.194352,1.102316,0.667821,0.48178,0.011775,1.793386,3.304329,-0.491176,-1.956314,0.169682,-0.381173
6392,0.475557,0.653219,0.187345,-0.274454,-0.318653,0.316547,-0.172183,0.079693,-0.26683,0.414065,-0.642924,-0.40926,0.628811,0.265576,-0.042124
6399,0.756252,0.653219,-0.286198,-0.667259,-0.506256,0.468527,-0.086549,-0.161127,-0.173962,0.414065,1.330703,-0.391853,-1.894673,0.073808,-0.114162
6403,0.999956,0.653219,0.320177,-0.087761,-1.013734,0.078117,-0.193308,0.20421,1.59054,-0.65874,3.304329,-0.227083,-2.821371,-1.643578,0.946529
6406,-0.237114,-0.327783,-0.714113,-0.219387,-0.103662,-1.047973,-1.029691,1.396025,-0.313264,-0.505482,-0.642924,-0.23962,0.628811,-1.083751,0.22608
6418,-1.288123,-1.799288,-2.55507,-0.010023,0.785314,-0.358207,0.36075,2.131808,-0.59187,-1.271771,-0.642924,0.16385,0.628811,-1.643578,0.094867
6424,-0.014348,0.162718,0.873741,0.741366,1.126432,0.806717,0.757362,-0.166223,-0.452567,-0.65874,-0.642924,-0.230588,0.628811,1.901993,-1.281453
6425,0.078014,0.653219,-0.443971,-1.036922,-0.662457,-0.124266,-0.358235,-0.37457,-0.173962,-0.505482,0.34389,-0.189827,-0.022711,0.00258,0.333616
6443,0.78783,0.653219,1.038872,0.292839,-0.267157,0.859878,-0.082669,0.267096,-0.638304,1.333612,-0.642924,-0.510424,0.628811,0.222512,-0.01728
6458,-0.100032,-0.327783,0.696014,0.420455,-1.053806,0.284914,0.415092,-0.980302,-0.26683,-0.352224,-0.642924,-0.314175,0.628811,-0.698092,-2.259902
6463,0.703088,0.653219,1.02216,0.27253,-0.950968,1.361858,1.279741,-0.540501,0.151078,0.107549,0.34389,-0.36639,-1.084065,-0.757185,0.053199
6482,0.593183,0.653219,-0.801827,-1.27112,-0.338402,0.369271,-0.680801,-0.433302,-0.220396,0.107549,0.34389,-0.395776,-0.436789,0.787671,-0.238607
6484,-2.703744,-2.289789,-3.713809,2.456199,2.995574,-3.191196,-2.468346,-2.177866,-0.290047,-1.884803,-0.642924,3.782548,0.628811,-1.643578,0.094867
6486,0.623942,0.653219,0.236849,-0.426374,-0.342641,0.35864,-0.294853,0.040114,-0.824041,0.873839,-0.642924,-0.472414,0.628811,0.243056,-0.228441
6496,-0.791679,0.162718,0.406862,0.468371,0.954058,-0.459313,-0.433112,0.580783,-0.91691,-1.118514,-0.642924,0.349296,0.628811,1.901993,-0.672075
6501,0.199753,0.653219,0.125066,-0.312162,-0.612322,-0.549472,0.239496,0.541812,0.847592,-0.352224,-0.642924,-0.294376,0.628811,-0.661727,0.321403
6504,1.18813,0.653219,-0.030283,-0.534413,-0.677457,1.448746,1.34174,0.089193,3.355041,1.333612,2.317516,-0.421272,-2.369907,-0.49455,-0.134542
6508,-0.175575,-0.327783,0.782528,0.509242,-0.454588,-0.479333,-0.267663,1.248786,1.126197,-0.65874,-0.642924,-0.216102,0.628811,-1.643578,1.559793
6510,0.660855,0.653219,0.45091,-0.202941,-0.297193,0.408738,0.086824,0.103692,0.61542,1.333612,-0.642924,-0.486045,0.628811,0.284715,-0.396556
6514,0.380003,0.653219,-1.29904,-0.972348,0.294401,1.800088,-1.170077,0.764651,-0.173962,0.260807,-0.642924,-0.396797,0.628811,0.632591,-0.506515
6518,0.305906,0.653219,0.547113,-0.201073,-0.612951,-0.639161,0.221826,0.176658,-0.59187,0.107549,-0.642924,-0.341023,0.628811,-0.493663,0.361554
6525,0.68224,0.653219,0.648059,-0.043486,-0.357423,0.124443,-0.455376,-0.048355,-0.406133,0.873839,-0.642924,-0.480769,0.628811,0.265576,0.10431
6537,-0.606381,0.653219,1.275494,0.589914,0.55776,0.740478,1.659057,-0.159925,0.197512,-1.731545,0.34389,1.520862,-1.75871,1.901993,-0.25365
6557,-0.100032,-0.327783,0.340621,0.630055,1.163711,0.798148,0.335229,0.327154,1.079763,-0.352224,0.34389,-0.162279,-0.506285,1.744412,-0.808507
6559,-1.367268,-2.289789,0.564543,2.456199,2.995574,-1.289188,-1.161519,-2.177866,-0.777607,-0.65874,-0.642924,-0.238227,0.628811,-0.855673,0.094867
6563,0.716701,0.653219,-0.383091,-0.838897,-0.332748,0.593187,-0.051161,-0.173945,-0.777607,0.107549,0.34389,-0.360331,-1.803166,0.30358,-0.744947
6566,-1.087862,-1.799288,-0.536844,1.498298,2.183348,-0.427436,0.271571,0.687586,-0.545436,-0.505482,-0.642924,-0.23228,0.628811,0.265576,0.094867
6572,0.812255,0.653219,1.381282,0.585322,-0.044474,0.2856,-0.643856,0.297208,-0.359699,1.48687,-0.642924,-0.515487,0.628811,0.452709,-0.039896
6579,0.653603,0.653219,0.01512,-0.511264,-0.454698,0.346983,0.504344,-0.065933,0.429683,1.027096,-0.642924,-0.484704,0.628811,0.20765,0.084416
6597,0.528021,0.653219,0.965962,0.165316,-0.709546,1.14934,1.352682,-0.343559,0.568986,0.414065,-0.642924,-0.44324,0.628811,-0.144934,0.150193
6605,0.864718,0.653219,1.253155,0.97151,-0.355557,1.521409,1.757564,1.025408,0.058209,-0.045709,4.291142,-0.325326,-2.178534,-1.133598,0.301666
6618,-1.663451,-1.799288,-1.996247,1.782417,2.406172,-1.920437,-1.498593,0.492741,-0.638304,-1.271771,-0.642924,0.264369,0.628811,1.901993,0.094867
6627,0.561241,0.653219,0.340409,-0.31924,-0.530336,0.21508,0.432965,-0.24219,0.522552,0.414065,-0.642924,-0.443287,0.628811,0.041446,-0.278914
6648,-0.675621,0.653219,0.327028,0.138445,0.570484,-1.225851,-0.436454,0.104684,-0.173962,-1.425029,0.34389,0.81058,-0.528023,1.901993,0.213703
6653,-0.237114,-0.818285,0.043724,-0.410229,-0.293489,1.311585,0.776099,0.014557,-0.731173,-0.045709,-0.642924,-0.377451,0.628811,0.409121,2.152517
6683,0.675173,0.653219,-0.240618,-0.870621,-0.458061,0.216752,-0.632484,-0.185804,-0.824041,0.720581,-0.642924,-0.476602,0.628811,0.251469,-0.020862
6693,1.387844,0.653219,1.079638,0.576081,-0.276126,0.155929,0.448894,0.84733,2.844264,0.720581,1.330703,-0.44756,-2.614026,-0.405851,1.110634
6703,0.703088,0.653219,-0.284876,-0.738013,-0.360518,0.098386,-0.317144,-0.114475,-0.406133,0.567323,0.34389,-0.405341,-0.735487,0.424672,-0.007559
6707,-0.156035,0.162718,-1.271299,-0.214695,0.732779,-0.646418,-0.487402,0.906801,-0.290047,-0.198966,0.34389,-0.120271,-1.626456,0.635718,0.032488
6717,0.134334,0.162718,-0.336992,-0.17944,-0.136497,-1.19769,-0.821221,1.188534,-0.359699,0.107549,-0.642924,-0.351312,0.628811,-0.579907,1.068597
6719,-0.195586,-1.799288,0.366519,1.143982,1.00634,-0.417397,0.215756,1.94198,1.358368,-0.045709,0.34389,-0.333721,-1.771671,-1.37766,0.094867
6728,-0.100032,-0.327783,1.82792,1.215245,-0.442608,0.431803,1.450596,1.260065,-0.59187,-0.505482,-0.642924,-0.265033,0.628811,-1.643578,0.425813
6729,-1.288123,-1.799288,-2.053729,0.024123,0.785314,0.362956,0.794476,2.131808,-0.452567,-1.271771,-0.642924,0.16385,0.628811,-1.643578,0.094867
6741,0.638905,0.653219,-0.068302,-0.636866,-0.863818,-0.350728,-0.171323,-0.566611,-0.173962,0.260807,0.34389,-0.389484,-0.453857,-0.493663,0.13423
6749,-2.703744,-2.289789,-0.665618,2.456199,2.995574,-3.191196,-2.468346,-2.177866,-0.290047,-1.884803,-0.642924,3.782548,0.628811,-1.643578,0.094867
6750,0.847596,0.653219,0.675134,0.065407,-0.606717,0.75611,1.388918,-0.080506,-0.313264,1.333612,0.34389,-0.494183,-0.238725,-0.18072,-0.086839
6756,0.769027,0.653219,0.663686,0.301373,-0.346122,0.611354,0.642821,0.985512,0.94046,0.414065,2.317516,-0.399296,-1.302647,-0.798096,0.454968
6760,-1.03057,0.653219,1.487746,0.76399,0.525753,-2.09311,-1.483422,-1.462822,-0.684738,-1.731545,-0.642924,1.520862,0.628811,1.901993,-0.568299
6770,-0.976977,-1.308786,-1.71339,0.10453,0.991263,-0.776128,-0.660369,1.497921,-0.824041,-0.965256,-0.642924,-0.037189,0.628811,0.483765,0.53267
6787,0.600981,0.653219,-0.479566,-0.896499,-0.208427,0.206141,-0.914305,-0.040624,-0.684738,0.414065,0.34389,-0.397022,-0.35733,0.731286,0.097333
6806,-0.326975,-0.818285,0.034171,0.433661,0.515021,0.136666,0.003374,1.396051,-0.545436,-0.352224,-0.642924,-0.326051,0.628811,-0.287918,2.709649
6808,0.260393,0.653219,0.250585,0.034239,-0.600083,-0.670159,-0.113786,0.775139,-0.127528,-0.352224,-0.642924,-0.308796,0.628811,-1.035766,0.071568
6812,0.965658,0.653219,1.317894,0.717193,-0.381838,1.58536,1.923836,0.313437,-0.499001,1.180354,3.304329,-0.469173,-0.934561,-0.246838,-0.470364
6824,1.160901,0.653219,0.032096,-0.261921,-0.605097,0.859831,0.966356,0.62745,1.729842,0.260807,3.304329,-0.321946,-2.889647,-1.049822,0.191926
6827,-1.367268,-2.289789,0.847977,2.456199,2.995574,-0.947724,-0.575335,-2.177866,-0.313264,-0.65874,-0.642924,-0.238227,0.628811,-1.643578,0.094867
6828,0.600981,0.653219,-0.057549,-0.540475,-0.498732,0.257014,-0.166719,0.05078,-0.91691,0.720581,-0.642924,-0.457409,0.628811,-0.104934,0.009352
6830,0.824203,0.653219,0.127953,-0.464941,-0.69793,0.159056,0.621501,-0.469203,-0.545436,1.027096,0.34389,-0.49945,-0.087027,0.065438,0.134531
6835,-0.483133,-0.818285,0.468303,0.624939,-0.129058,0.616,0.390078,1.558433,-0.684738,-0.811998,-0.642924,-0.140785,0.628811,-1.390323,0.102469
6845,0.723425,0.653219,0.20132,-0.453894,-0.290385,0.191732,-0.499455,-0.027114,-0.359699,1.027096,-0.642924,-0.494758,0.628811,0.374227,-0.031961
6854,-1.454759,-1.308786,-0.616468,0.421475,1.205998,0.44872,1.345472,0.734855,-0.220396,-1.425029,-0.642924,0.531374,0.628811,1.901993,0.785894
6863,-1.215868,-0.327783,0.898294,0.75004,0.98705,-2.182709,-1.795942,0.28091,-0.220396,-1.578287,-0.642924,1.165721,0.628811,1.901993,0.581204
6873,0.316905,0.653219,-1.551067,-0.242534,0.969566,0.402456,0.675878,1.096246,-0.290047,0.873839,1.330703,-0.363676,-1.884116,0.483765,-0.089571
6879,0.32776,0.162718,0.367155,0.063306,-0.324883,-0.359178,-0.368736,0.838973,0.476118,-0.045709,-0.642924,-0.391547,0.628811,-0.523924,1.396639
6893,-0.258684,-0.818285,0.256646,0.107438,-0.176321,-0.600883,-0.19937,1.462261,-0.173962,-0.352224,-0.642924,-0.294765,0.628811,-1.260273,1.255261
6897,-1.03057,0.653219,0.569365,0.262894,0.503151,-1.331234,-0.611588,-0.073769,-0.081093,-1.731545,-0.642924,1.520862,0.628811,1.901993,-0.063157
6902,-0.606381,0.162718,-0.262108,-0.058451,-0.53117,-0.218931,-0.12739,0.878417,-0.034659,-0.505482,0.34389,-0.206815,0.236575,-0.461721,-1.011428
6934,1.032894,0.653219,1.475158,0.59473,-0.813689,0.410126,1.379642,-0.136074,0.986894,0.720581,0.34389,-0.441111,-1.657619,-0.633387,0.352677
6939,0.638905,0.653219,-0.151746,-0.794374,-0.814937,0.047456,0.238941,-0.384792,-0.26683,0.720581,-0.642924,-0.468049,0.628811,-0.333952,-0.27303
6944,-0.834273,0.653219,-1.070712,-0.55566,0.285822,0.015462,-0.655134,0.201379,-0.499001,-1.578287,-0.642924,0.850733,0.628811,1.901993,-2.74468
6947,-1.367268,0.653219,-1.866083,-1.668474,-0.288616,-1.130991,-1.707102,-1.845256,-0.290047,-1.731545,0.34389,2.889042,-0.341356,1.901993,0.6002
6968,0.063316,-0.327783,-0.909778,-0.451651,0.052013,-0.37878,-0.727676,1.189983,-0.081093,-0.198966,-0.642924,-0.347553,0.628811,-0.354279,-0.261233
6977,-0.064691,0.653219,-0.456074,-0.430569,0.267413,0.770571,2.286567,0.464078,-0.220396,-0.352224,-0.642924,-0.173611,0.628811,0.619553,-0.71032
6987,0.147836,0.162718,1.496224,0.906027,-0.538369,-0.242176,-0.072428,0.963973,0.754723,-0.352224,-0.642924,-0.301981,0.628811,-1.236709,1.045824
6988,0.001777,-0.327783,-0.390785,-0.139003,-0.200909,-0.55953,-0.363124,1.202047,-0.127528,-0.198966,-0.642924,-0.332138,0.628811,-0.739805,0.387199
6992,-0.082173,-0.327783,1.038788,0.697053,-0.463963,-0.510086,0.059925,1.232192,-0.777607,-0.505482,-0.642924,-0.274806,0.628811,-1.643578,0.697924
6996,-1.149401,-1.308786,0.132765,-0.464426,0.205894,-0.025432,0.382937,-1.194798,-0.731173,-1.118514,-0.642924,0.13872,0.628811,1.901993,-4.310198
7005,1.393839,0.653219,0.489799,-0.166215,-0.370477,0.707158,0.621392,0.089009,-0.406133,1.333612,2.317516,-0.484557,-2.456373,0.199607,0.240721
7015,-0.21609,-0.818285,-0.103903,-0.246067,0.110338,-0.440925,0.251104,1.537106,-0.499001,-0.045709,-0.642924,-0.339342,0.628811,-0.825369,2.474492
7025,0.092456,0.653219,-0.763552,-1.069586,-0.720755,-0.873229,-0.292555,0.218328,0.661855,0.107549,-0.642924,-0.305055,0.628811,-0.523924,-0.639794
7041,-0.303582,-0.818285,-0.613508,-1.062606,-0.365975,0.746452,-0.253321,-0.282847,-0.499001,-0.352224,-0.642924,-0.279256,0.628811,0.382463,-0.653741
7043,0.577366,0.653219,-0.049173,-0.275044,0.075903,0.55417,-0.104646,0.955612,1.404803,1.640128,2.317516,-0.476901,-0.179506,0.146419,1.532528
7058,-1.942857,-0.818285,-0.569669,-1.024299,-0.144001,-2.93153,-2.287853,-2.045226,-0.290047,-1.884803,-0.642924,3.782548,0.628811,1.901993,-0.070383
7069,0.736712,0.653219,0.595648,-0.197891,-0.559472,0.60612,0.570328,-0.061006,-0.406133,0.873839,0.34389,-0.489831,0.474158,-0.026797,-0.043949
7072,-0.030792,0.653219,0.166654,-0.271676,0.49182,0.904058,1.327287,-0.264647,-0.26683,-0.811998,-0.642924,-0.117236,0.628811,1.829635,-0.257645
7091,-1.454759,-2.289789,0.800258,2.456199,2.995574,0.06774,-0.503036,-2.177866,-0.731173,-0.811998,-0.642924,-0.175403,0.628811,-1.643578,0.094867
7095,0.600981,0.653219,-0.262076,-0.838552,-0.551814,-0.035766,-0.265554,-0.341842,-0.731173,0.567323,-0.642924,-0.459825,0.628811,0.263003,0.753484
7097,0.940261,0.653219,0.975925,0.282875,-0.623414,0.642056,1.549848,0.004046,1.544105,0.720581,1.330703,-0.43373,-1.782414,-0.313989,0.04185
7113,-0.87917,-2.289789,0.282162,2.456199,2.995574,0.028383,-0.75602,-2.177866,0.336815,-0.352224,0.34389,-0.286922,-1.750448,-1.226452,0.094867
7138,1.278677,0.653219,0.320658,-0.179307,-0.727577,0.261206,0.569366,-0.024257,4.283726,0.873839,3.304329,-0.429692,-2.696861,-0.58432,-0.176646
7140,0.709922,0.653219,0.782438,0.419147,-0.525776,1.202618,1.772359,0.801764,0.429683,-0.045709,3.304329,-0.345056,-1.623468,-1.14544,0.52279
7166,0.305906,0.653219,-0.121069,-0.192261,0.170758,0.375612,-0.201346,0.747063,-0.545436,-0.198966,-0.642924,-0.355892,0.628811,0.272947,-0.70151
7175,-1.454759,-0.818285,-0.469029,0.637538,0.98322,0.04889,-0.490945,0.305607,-0.290047,-1.884803,2.317516,3.782548,-2.901309,1.901993,-1.71048
7190,-0.326975,0.653219,0.003537,0.072502,0.476374,0.479234,0.59803,0.443381,-0.220396,-0.65874,-0.642924,-0.044319,0.628811,0.546334,-0.040984
7194,0.147836,0.653219,-1.042861,-1.447815,-0.56864,0.858571,1.132266,-0.487643,0.197512,-0.505482,-0.642924,-0.277668,0.628811,0.274518,0.447389
7217,-0.175575,-0.327783,0.994244,0.415155,-0.454588,-0.102634,0.119924,1.248786,0.754723,-0.505482,-0.642924,-0.280684,0.628811,-1.643578,3.948347
7222,0.120608,-0.327783,1.64194,1.221193,-0.376009,0.53611,0.296236,1.33067,1.451237,-0.352224,0.34389,-0.266526,-0.641032,-1.583483,0.267585
7227,0.475557,0.653219,-0.246978,-0.285551,0.067897,-0.29002,-0.443762,0.908262,-0.870475,0.567323,1.330703,-0.445311,0.41648,0.109727,-0.034312
7228,-0.258684,0.162718,-0.07605,0.205327,0.908854,0.497371,1.473224,0.232494,0.894026,-0.65874,-0.642924,-0.109733,0.628811,1.901993,0.726954
7247,0.762664,0.653219,0.667743,0.010282,-0.395161,0.567645,0.389134,-0.036916,0.058209,1.180354,-0.642924,-0.506243,0.628811,0.225405,-0.397213
7253,0.001777,-0.327783,0.206002,0.210237,0.846342,0.483341,0.548215,0.387859,-0.127528,-0.505482,1.330703,-0.140838,-0.730766,1.901993,1.323839
7254,1.168772,0.653219,0.622875,-0.232905,-0.498832,0.482093,0.870363,-0.077981,0.522552,1.027096,0.34389,-0.487737,-1.705078,0.087199,0.481069
7255,0.81825,0.653219,0.983467,0.276839,-0.197794,0.211789,-0.245883,0.240402,-0.59187,1.640128,-0.642924,-0.518504,0.628811,0.283363,0.014663
7256,0.063316,0.653219,-0.302306,-0.676893,-0.589717,0.297727,0.712918,0.027354,-0.452567,-0.198966,-0.642924,-0.308674,0.628811,-0.160884,-0.302796
7257,0.294759,0.653219,0.033653,-0.551033,-0.81153,-0.656524,-0.243897,-0.391987,-0.684738,-0.198966,-0.642924,-0.329146,0.628811,-0.477911,0.297945
7267,-0.675621,-1.799288,-1.177509,-0.132395,-0.565471,1.221997,1.914465,-0.371858,1.497671,0.414065,-0.642924,-0.423067,0.628811,0.129208,0.094867
7274,0.709922,0.653219,0.587143,-0.041314,-0.289965,0.317279,0.646014,-0.025102,-0.452567,1.180354,-0.642924,-0.494589,0.628811,0.407579,0.105824
7305,-0.791679,-0.818285,-1.866302,-2.027288,-0.173645,-0.483203,-0.840731,-0.53128,-0.290047,-0.965256,-0.642924,0.098694,0.628811,1.342166,-1.094148
7332,0.824203,0.653219,1.360942,0.639819,-0.036482,0.353851,-0.142245,0.28681,-0.684738,1.027096,0.34389,-0.464332,-0.530358,0.524577,-0.169574
7355,1.004743,0.653219,0.82562,0.438544,-0.363122,1.23155,2.357886,0.412892,0.476118,1.333612,3.304329,-0.496738,-1.111677,-0.126975,-0.614063
7361,-0.640279,-0.818285,-1.278845,-0.547979,-0.047085,-0.971173,-1.546154,1.639236,-0.684738,-0.965256,-0.642924,-0.014006,0.628811,-1.335267,0.613479
7374,0.419554,0.653219,-0.0023,-0.445146,-0.487694,0.55931,0.263906,-0.049004,-0.034659,0.567323,-0.642924,-0.414641,0.628811,-0.016786,0.168026
7385,0.806215,0.653219,1.012106,0.240351,-0.37817,-0.001157,-0.223985,0.012267,-0.081093,0.873839,0.34389,-0.461048,-0.335108,0.25956,0.136046
7388,1.34778,0.653219,0.268631,-0.255772,-0.620619,1.104015,1.135797,-0.144529,0.708289,1.48687,3.304329,-0.481325,-2.321191,-0.100848,0.148138
7391,0.631457,0.653219,1.021953,0.280158,-0.692123,0.49111,1.059488,-0.102963,0.522552,0.567323,0.34389,-0.445497,0.122239,-0.225349,0.567391
7395,-0.064691,0.162718,-0.833916,-0.499057,0.634273,1.509824,2.128888,0.220881,0.754723,-0.65874,-0.642924,-0.189993,0.628811,1.901993,0.379063
7396,-0.237114,0.653219,-0.686879,-0.004813,0.388856,1.012918,1.978602,0.943587,0.058209,-0.352224,-0.642924,-0.220824,0.628811,0.222512,0.911301
7400,-0.258684,0.653219,-0.409961,-1.149016,-1.424946,0.723763,0.200885,-2.177866,-0.406133,-0.965256,-0.642924,-0.089908,0.628811,-1.643578,0.131049
7406,1.144931,0.653219,0.511358,-0.096983,-0.907718,-0.130423,0.05894,-0.175994,0.290381,0.260807,1.330703,-0.347202,-2.607559,-0.778804,-0.044246
7428,0.528021,-0.327783,0.992645,0.30121,-0.763704,-0.119882,0.547559,-0.354368,2.519224,0.720581,0.34389,-0.460547,-1.298403,-0.4008,-0.798944
7429,-1.215868,-1.308786,0.514759,0.813464,1.358029,1.354545,1.249683,0.427252,-0.731173,-1.425029,-0.642924,0.418056,0.628811,1.901993,2.361226
7433,-0.640279,0.653219,0.699981,0.313055,0.740739,0.205991,0.617908,0.209696,-0.406133,-1.271771,-0.642924,0.447737,0.628811,1.901993,0.493019
7442,-2.128155,-1.308786,-2.301192,-0.5989,0.625893,-1.466898,-1.615637,1.62464,-0.638304,-1.884803,-0.642924,3.782548,0.628811,1.901993,-3.49235
7449,0.646286,0.653219,0.808882,0.151953,-0.306618,0.584067,0.049887,0.165138,0.661855,0.720581,-0.642924,-0.472538,0.628811,0.097551,-0.354334
7458,0.283461,-0.327783,0.269813,0.217783,0.24866,0.763256,0.26223,1.004576,0.661855,0.260807,-0.642924,-0.431937,0.628811,0.178452,0.505369
7459,-0.926635,-1.799288,0.483153,1.038001,1.061597,-1.124166,-1.056022,2.011616,-0.824041,-0.65874,-0.642924,-0.210742,0.628811,-1.643578,0.094867
7460,1.140891,0.653219,0.443368,-0.043757,-0.584729,0.218676,0.252097,0.057252,2.008448,0.720581,1.330703,-0.430397,-2.237394,-0.305299,-0.404978
7467,1.077792,0.653219,1.24072,0.621838,-0.532886,0.99911,1.61548,0.228851,1.079763,0.873839,1.330703,-0.456032,-1.798807,-0.349163,0.039465
7469,-2.128155,-1.799288,-0.221052,-0.723666,1.522068,-0.778478,-1.133261,2.543146,-0.59187,-1.731545,-0.642924,1.77216,0.628811,-1.643578,0.094867
7479,0.1742,0.653219,-1.526033,-1.759222,-0.624391,-0.498842,-0.177172,-0.33268,-0.777607,-0.505482,-0.642924,-0.251904,0.628811,-0.067768,-0.276271
7483,0.631457,0.653219,0.390704,-0.15293,-0.418113,0.261102,0.026998,0.081329,-0.684738,0.873839,-0.642924,-0.471665,0.628811,0.03251,-0.134723
7484,0.914064,0.653219,1.097391,0.362492,-0.416617,1.737648,2.399248,0.098233,0.61542,1.48687,0.34389,-0.501147,-0.330383,0.072021,0.274282
7487,-1.03057,0.653219,0.11471,-0.795302,0.049009,-0.556625,-0.810219,-1.135723,-0.290047,-1.578287,-0.642924,1.243921,0.628811,1.901993,-0.851608
7514,1.055647,0.653219,-0.028037,-0.419597,-0.29686,0.106607,-0.240992,0.248331,0.011775,1.027096,1.330703,-0.453304,-1.799361,0.167747,-0.243385
7527,0.824203,0.653219,0.457192,-0.23588,-0.512542,0.716636,1.199349,-0.264745,-0.359699,1.180354,-0.642924,-0.516774,0.628811,0.167469,-0.036057
7529,0.794004,0.653219,0.516797,0.177859,-0.294163,0.330605,0.619323,0.43091,-0.081093,1.333612,1.330703,-0.491933,-0.238273,-0.029549,-0.19414
7539,-0.791679,0.162718,-0.585361,-0.778805,0.126016,-0.648944,0.10895,-0.829026,-0.452567,-1.425029,-0.642924,0.524717,0.628811,1.901993,-0.351945
7541,-0.751164,-0.818285,-0.558277,-1.182739,-1.153554,-0.654726,-0.84032,-0.951753,-0.638304,-0.811998,-0.642924,-0.130169,0.628811,-0.934464,-2.924288
7545,0.536451,0.653219,1.454879,0.641631,-0.810231,-0.10997,0.101199,-0.28113,-0.173962,0.260807,1.330703,-0.410191,0.056044,-0.594378,0.322542
7550,-0.542473,-0.327783,-0.595973,-0.15945,0.765726,0.115041,0.89561,0.51351,-0.220396,-0.965256,-0.642924,0.048758,0.628811,1.901993,0.540494
7560,-1.087862,-1.308786,-2.010269,0.880778,1.295374,1.265849,1.612013,1.962735,-0.359699,-0.811998,-0.642924,-0.071686,0.628811,-1.370842,-1.024667
7573,0.703088,0.653219,0.082818,-0.488998,-0.941927,-0.301886,-0.059298,-0.633491,-0.081093,0.260807,0.34389,-0.375813,-1.554065,-0.638999,-0.651849
7589,1.399792,0.653219,0.098752,-0.543764,-0.464516,1.201775,0.9873,-0.008628,-0.452567,1.333612,1.330703,-0.482059,-2.506818,0.072021,0.360035
7596,-1.552566,-2.289789,-0.74525,2.456199,2.995574,-0.65281,-0.684087,-2.177866,0.801157,-0.965256,-0.642924,-0.094628,0.628811,-1.643578,0.094867
7605,-0.751164,-1.799288,0.830679,1.143669,0.785314,-0.225364,-0.25528,2.016863,-0.963344,-0.505482,-0.642924,-0.288487,0.628811,-1.643578,0.094867
7606,0.092456,0.653219,-0.240851,-0.384416,-0.325217,-0.169715,0.167761,0.716709,-0.359699,-0.505482,-0.642924,-0.25215,0.628811,-0.710533,-0.703798
7611,1.099362,0.653219,-0.142905,-0.619892,-0.344864,0.301833,-0.208698,0.003863,-0.545436,1.48687,1.330703,-0.477614,-1.576366,0.238865,-0.144446
7625,-2.367046,-2.289789,-0.88497,-0.110987,0.599961,1.421996,-0.633163,-0.92395,-0.638304,-1.731545,-0.642924,1.520862,0.628811,1.901993,0.094867
7630,-0.375836,0.653219,-0.748577,-0.983492,-0.239092,-0.604195,-0.346225,0.299464,2.101316,-0.811998,0.34389,-0.007543,0.053248,0.018409,0.153857
7635,0.696197,0.653219,0.064316,-0.50121,-0.623613,-0.053573,-0.198495,-0.431232,-0.359699,0.873839,-0.642924,-0.484965,0.628811,0.024926,-0.073101
7639,0.98543,0.653219,0.499764,-0.086535,-0.651537,1.142117,1.759808,-0.029127,1.636974,1.027096,2.317516,-0.448304,-1.206736,-0.363816,0.220028
7648,0.653603,0.653219,-0.149423,-0.533421,-0.25472,1.000927,0.615176,0.215112,-0.313264,1.027096,-0.642924,-0.479036,0.628811,0.427287,-0.353556
7651,0.689248,0.653219,0.786727,0.156151,-0.415383,0.738263,0.582735,0.089865,0.151078,1.027096,-0.642924,-0.486783,0.628811,0.159255,0.6044
7653,-1.03057,0.653219,0.853413,-0.028368,0.475997,2.680322,3.977157,-0.041704,-0.499001,-1.578287,-0.642924,1.243921,0.628811,1.901993,0.636566
7655,0.536451,0.653219,-0.357624,-0.819971,-0.30845,0.908982,-0.462563,-0.005166,-0.545436,0.414065,-0.642924,-0.42903,0.628811,0.382463,-0.089025
7670,0.781609,0.653219,0.594904,-0.002131,-0.22404,0.289761,-0.726607,0.187217,-0.545436,1.48687,-0.642924,-0.513929,0.628811,0.31723,0.157979
7673,0.561241,0.653219,0.567833,0.274636,-0.002107,0.463769,0.402005,0.736817,0.661855,0.567323,-0.642924,-0.44506,0.628811,0.076551,-0.287043
7675,0.743276,0.653219,1.086484,0.310197,-0.266856,0.567778,0.596696,0.110251,-0.824041,0.873839,0.34389,-0.467872,0.113409,0.326184,0.207638
7682,0.001777,-0.818285,-0.554296,-0.048945,0.324843,0.010051,-0.64936,1.436713,0.801157,0.414065,-0.642924,-0.422571,0.628811,-0.3922,0.27535
7683,0.457306,0.162718,-0.200962,0.120346,0.018794,-0.189939,-0.284103,1.247983,-0.731173,-0.045709,1.330703,-0.332516,-1.786931,-0.528117,-0.438952
7685,0.577366,0.653219,-0.193092,-0.829777,-0.835006,-0.328991,0.393881,-0.724047,-0.59187,0.414065,-0.642924,-0.446202,0.628811,-0.232234,0.11608
7693,0.544797,0.653219,0.724277,0.016986,-0.705552,-0.073304,0.480623,-0.203546,-0.59187,0.260807,-0.642924,-0.423759,0.628811,-0.354279,-0.135188
7705,0.017594,0.162718,-0.725772,-1.00251,-0.936741,0.372191,0.811205,-0.354786,-0.173962,-0.198966,-0.642924,-0.339342,0.628811,-0.620817,1.689946
7712,0.569342,-0.327783,-0.709361,-0.366452,0.081557,-0.221558,0.174258,1.180082,-0.127528,0.873839,1.330703,-0.413875,-1.386951,-0.079355,0.807786
7716,0.561241,0.653219,0.016054,-0.353862,-0.36211,0.461343,0.133489,-0.00753,-0.081093,0.567323,-0.642924,-0.44506,0.628811,0.181865,-0.93877
7734,0.945403,0.653219,1.022976,0.465906,-0.125387,0.189018,0.466219,0.535565,2.194185,1.48687,0.34389,-0.508557,-0.701328,0.118197,0.091104
7736,-0.326975,-0.327783,-1.173003,0.026735,0.265253,-0.022952,0.167761,1.85562,-0.034659,-0.965256,1.330703,-0.013015,-1.028173,-1.643578,0.360419
7738,0.660855,0.653219,0.698085,0.000913,-0.655833,0.382105,0.810455,-0.329028,0.986894,0.873839,-0.642924,-0.480476,0.628811,-0.119604,0.149894
7748,-1.942857,-2.289789,-2.281515,-0.456683,-0.337921,0.349434,0.308621,-0.56877,1.544105,-1.578287,1.330703,0.95544,-2.440859,1.015601,0.094867
7756,0.585312,0.653219,0.651922,0.039003,-0.54667,0.211308,0.066879,-0.281221,0.522552,0.567323,-0.642924,-0.453095,0.628811,0.026932,-0.065368
7760,0.493416,0.653219,0.451536,-0.327577,-0.891399,0.526676,0.768613,-0.68099,-0.220396,-0.198966,0.34389,-0.330274,-0.627308,-0.385472,-0.044304
7761,-0.100032,-0.327783,0.777699,0.335549,-0.442608,-1.099844,-1.079387,1.260065,-0.59187,-0.505482,-0.642924,-0.273968,0.628811,-1.643578,2.278267
7793,-0.100032,-0.327783,1.30017,0.995902,-0.24614,-0.263617,-0.008656,1.479014,0.243946,-0.505482,1.330703,-0.21589,-0.690617,-1.643578,2.019881
7797,0.338475,0.653219,0.534288,-0.184801,-0.980685,-0.439317,-0.704549,-0.400501,-0.034659,-0.198966,0.34389,-0.346393,0.502897,-0.998929,0.214053
7831,-0.030792,0.653219,-0.329364,-0.631814,-0.900964,-0.926257,-1.409394,0.320254,0.290381,-0.65874,-0.642924,-0.169986,0.628811,-1.209426,0.67245
7833,-0.427753,-0.818285,1.114747,1.20955,-0.09879,1.548034,0.271282,1.63338,-0.452567,-0.965256,0.34389,-0.087448,0.017605,-1.643578,-1.402234
7841,0.646286,0.653219,0.279914,-0.286944,-0.72038,0.117942,0.573019,-0.280543,0.661855,0.873839,-0.642924,-0.473259,0.628811,-0.187361,-0.103914
7842,-2.367046,-2.289789,-1.837912,-7.083395,-0.81482,1.152858,-0.740229,-1.685273,-0.26683,-1.731545,-0.642924,1.520862,0.628811,1.901993,0.094867
7845,0.608705,0.653219,0.231482,-0.368751,-0.75864,-0.183593,0.840096,-0.60715,-0.313264,0.567323,-0.642924,-0.464657,0.628811,-0.185586,-0.662806
7856,0.283461,0.162718,0.816634,0.47853,-0.71632,0.189448,0.464935,0.546854,0.290381,-0.198966,0.34389,-0.323739,-1.142881,-1.200382,-2.051784
7867,0.638905,0.653219,0.197434,-0.38341,-0.486115,0.465524,0.041029,-0.129902,-0.638304,0.873839,-0.642924,-0.478329,0.628811,0.209063,-0.0921
7873,0.569342,0.653219,1.107863,0.395744,-1.251592,1.533064,1.819481,-0.582803,1.219066,-0.65874,1.330703,-0.158229,-2.123388,-1.643578,-0.242015
7876,-0.118283,-0.327783,-1.434704,-0.673681,-0.273559,-0.606155,-0.825426,1.192591,-0.545436,-0.505482,-0.642924,-0.264188,0.628811,-0.757185,-1.554897
7880,0.544797,0.653219,0.368018,-0.325631,-0.285527,0.051774,-0.271945,-0.105685,-0.91691,0.260807,-0.642924,-0.423759,0.628811,0.397812,0.05214
7884,0.585312,0.653219,0.453596,-0.15862,-0.616744,0.242836,0.295151,0.052225,0.104644,0.567323,-0.642924,-0.458114,0.628811,-0.109437,0.349028
7887,-0.573812,0.653219,0.592195,-0.18379,0.368905,0.520034,1.161717,-0.553165,-0.91691,-1.271771,-0.642924,0.380972,0.628811,1.901993,0.981387
7915,0.653603,0.653219,1.559273,0.747156,-0.773422,1.083936,0.738166,-0.270356,0.058209,0.720581,1.330703,-0.470534,0.37341,-0.388508,0.511046
7933,0.709922,0.653219,-0.017984,-0.749911,-1.198756,0.393826,0.632773,-0.715587,-0.313264,-0.045709,1.330703,-0.29377,-1.772412,-1.321253,0.160451
7944,-2.703744,-2.289789,0.695114,2.456199,2.995574,-3.191196,-2.468346,-2.177866,-0.290047,-1.884803,-0.642924,3.782548,0.628811,-1.643578,0.094867
7949,-0.195586,-0.327783,-1.294227,-0.492074,0.23258,-1.357719,-1.241207,1.329898,2.333487,-0.505482,0.34389,-0.220637,-0.255254,-0.13671,0.046198
7958,0.561241,0.653219,0.459536,-0.169843,-0.794913,0.427534,0.450126,-0.614561,0.894026,0.414065,-0.642924,-0.449495,0.628811,-0.204287,0.167197
7976,-2.367046,-1.799288,-0.287672,-0.48204,-0.135721,-2.335099,-2.12778,-2.038433,-0.731173,-1.884803,-0.642924,3.782548,0.628811,1.901993,0.094867
7984,-0.030792,0.653219,-0.72529,-0.943156,0.425658,0.322072,0.068867,1.380684,-0.290047,0.567323,-0.642924,-0.392293,0.628811,-0.196406,-0.268111
7985,0.853343,0.653219,0.592242,-0.232105,-0.49648,0.252182,0.717393,-0.121641,-0.127528,1.027096,0.34389,-0.474692,-0.642639,0.301562,0.512918
7993,-0.375836,0.653219,-0.27157,-1.351151,-0.129545,-0.285926,0.369915,-1.006408,-0.59187,-0.811998,0.34389,0.363515,-0.867653,1.458797,0.073357
7996,0.980531,0.653219,0.229054,-0.379006,-0.683801,-0.00102,-0.0232,-0.283252,-0.638304,0.873839,0.34389,-0.428304,-1.591653,-0.22957,-0.088595
8001,-0.326975,0.162718,-1.339152,-0.554502,0.161625,-0.68031,-0.300663,1.350085,-0.684738,-0.505482,-0.642924,-0.208663,0.628811,-0.287918,1.419486
8003,0.812255,0.653219,0.934888,0.239557,-0.869866,0.223695,0.678526,-0.184886,0.61542,0.414065,1.330703,-0.400288,-1.359433,-0.737775,0.020705
8005,-0.401389,-0.818285,-0.253018,0.224711,0.428821,0.656964,0.842013,1.923817,2.333487,-0.505482,1.330703,-0.218354,-1.149745,-1.643578,0.806519
8008,0.536451,0.653219,2.3003,1.378611,-0.652198,0.021885,0.055336,-0.060408,3.958686,0.414065,-0.642924,-0.430914,0.628811,-0.377302,-0.041435
8009,-1.552566,-1.308786,0.767576,0.988962,1.30368,-2.310973,-1.647222,0.771633,-0.452567,-1.578287,-0.642924,1.013136,0.628811,1.901993,1.33964
8017,-0.064691,0.162718,-0.621203,-0.789358,-1.108252,-0.183901,0.070783,-1.003071,0.197512,0.107549,-0.642924,-0.394763,0.628811,-0.889201,-1.663776
8032,0.409841,-0.327783,0.278187,0.205511,0.19921,0.099704,0.287013,0.950157,-0.26683,0.720581,-0.642924,-0.479269,0.628811,0.255835,0.235121
8039,-1.454759,0.653219,2.509682,1.945644,1.279504,-1.064712,-2.150745,-0.890124,-0.91691,-1.731545,-0.642924,2.79306,0.628811,1.901993,-0.945806
8041,-1.791457,-0.818285,-0.946276,-0.07885,0.896884,-1.858759,-2.380587,1.368817,-0.777607,-1.731545,-0.642924,2.335069,0.628811,1.901993,-0.811128
8043,-1.454759,-0.818285,-1.374611,-0.775569,0.325137,-2.733456,-2.061521,0.88695,-0.684738,-1.731545,-0.642924,1.520862,0.628811,1.901993,0.341085
8047,-0.401389,-1.799288,0.68623,1.301918,1.239687,-0.093217,0.31906,1.739129,0.011775,0.720581,-0.642924,-0.472529,0.628811,-0.271099,0.094867
8050,0.897939,0.653219,0.633613,-0.01058,0.012434,0.571836,-0.534656,0.124338,-0.638304,1.180354,0.34389,-0.462421,-0.927282,0.735687,0.017033
8079,0.623942,0.653219,0.020503,-0.484261,-0.436596,-0.080558,0.124723,-0.080278,-0.684738,0.720581,-0.642924,-0.467846,0.628811,0.210528,-0.369018
8088,0.528021,0.653219,0.123498,-0.184287,-0.181263,0.547601,-0.171285,0.155203,-0.26683,1.027096,-0.642924,-0.441317,0.628811,0.366798,0.104583
8089,-0.136945,0.653219,-0.863877,-1.018887,-0.119736,1.183993,1.978774,0.270998,-0.406133,-0.965256,-0.642924,-0.01914,0.628811,0.170435,0.090468
8091,-0.976977,-1.799288,-0.817312,-0.620521,0.151757,0.406368,-0.051871,-1.379453,-0.499001,-1.118514,0.34389,0.083435,-0.94286,1.901993,0.094867
8092,-0.401389,-0.327783,0.452654,0.387708,0.872048,0.454575,1.17783,0.251501,-0.313264,-0.965256,-0.642924,-0.086559,0.628811,1.901993,0.225021
8102,0.756252,0.653219,0.774457,0.040775,-0.296542,0.389438,0.130651,-0.016174,-0.731173,1.027096,-0.642924,-0.496765,0.628811,0.350806,0.007496
8104,0.631457,0.653219,0.958238,0.411595,-0.741774,1.572458,1.704589,0.79142,-0.127528,-0.352224,0.34389,-0.238394,-1.728695,-1.611345,0.428388
8125,0.569342,0.653219,1.28916,0.530129,-0.84596,0.406705,-0.098861,-0.526102,0.568986,0.414065,0.34389,-0.446049,0.439981,-0.461721,-0.533881
8127,0.794004,0.653219,1.029402,0.308988,-0.334761,0.363283,0.030882,-0.00203,0.94046,1.180354,-0.642924,-0.509063,0.628811,0.261505,-0.223152
8133,-1.552566,-2.289789,-0.989029,2.456199,2.995574,-0.613928,-0.020227,-2.177866,0.336815,-0.965256,-0.642924,-0.094628,0.628811,-1.643578,0.094867
8136,-0.326975,0.653219,-1.617669,-1.042115,0.270976,0.06897,1.040805,0.17451,-0.290047,-0.505482,-0.642924,-0.083448,0.628811,1.067741,-1.07946
8145,-2.703744,-2.289789,-0.794856,2.456199,2.995574,-3.191196,-2.468346,-2.177866,-0.220396,-1.884803,-0.642924,3.782548,0.628811,1.901993,0.094867
8149,0.703088,0.653219,0.034421,-0.409095,-0.219339,-0.196121,-0.280691,0.063461,-0.731173,0.414065,1.330703,-0.315502,-1.655023,0.424672,0.135749
8150,0.623942,0.653219,1.158901,0.530432,-0.448278,0.681358,1.148441,0.171067,0.104644,1.180354,-0.642924,-0.476222,0.628811,0.047887,-0.295461
8153,0.897939,0.653219,0.42825,-0.217477,-0.571507,1.095274,1.145862,0.068156,-0.452567,0.720581,0.34389,-0.420132,-1.516982,-0.174032,0.550635
8157,1.095092,0.653219,0.717872,-0.118212,-0.693149,0.984692,1.065189,0.153376,0.058209,0.720581,2.317516,-0.411368,-2.337929,-0.522957,0.511452
8165,0.338475,0.653219,-0.925504,-1.269322,-0.476565,0.311001,0.235052,-0.348273,-0.59187,-0.198966,-0.642924,-0.338764,0.628811,0.244324,-0.197902
8193,0.369814,0.653219,-0.311034,-0.862008,-0.677846,0.558217,-0.537776,-0.145211,-0.499001,0.260807,-0.642924,-0.383195,0.628811,-0.269669,-0.118744
8201,-1.942857,-1.799288,-1.814444,-2.017353,-0.492412,-1.730768,-1.970928,-1.947915,-0.91691,-1.578287,-0.642924,0.95544,0.628811,1.901993,0.094867
8207,1.285511,0.653219,0.364491,-0.214102,-0.855672,1.079927,1.360247,-0.249393,2.008448,0.720581,3.304329,-0.411658,-2.606577,-0.636811,0.012256
8208,0.585312,0.653219,0.793592,0.11078,-0.853014,0.467799,0.347885,-0.606338,7.952031,0.414065,-0.642924,-0.443058,0.628811,-0.177621,-0.222518
8221,-1.367268,-1.308786,-0.894178,0.780568,1.184887,0.639177,0.358968,0.364756,-0.684738,-1.271771,-0.642924,0.431902,0.628811,0.720136,-5.746943
8222,-0.512273,0.653219,-0.083515,-0.553631,-0.112062,-0.503007,-0.794432,-0.693807,-0.870475,-1.271771,-0.642924,0.282984,0.628811,1.114089,-0.380356
8233,0.305906,0.653219,-0.909353,-1.082487,-0.604537,-0.471286,0.115275,0.072052,0.476118,0.107549,-0.642924,-0.3625,0.628811,-0.349924,0.276079
8235,0.762664,0.653219,-0.000615,-0.529949,-0.367678,0.380572,0.362724,-0.20757,-0.59187,0.873839,1.330703,-0.463839,-0.22061,0.527741,-0.302381
8242,0.703088,0.653219,0.885857,0.157922,-0.780728,0.306143,0.596958,-0.607011,0.011775,0.720581,-0.642924,-0.478846,0.628811,-0.166257,-0.051291
8244,0.769027,0.653219,0.707509,0.047881,-0.213553,0.272247,-0.59988,0.251153,-0.684738,1.333612,-0.642924,-0.503682,0.628811,0.183755,-0.069723
8246,0.544797,0.653219,0.191351,-0.298729,-0.842954,-0.071953,0.200086,-0.424229,-0.359699,0.567323,-0.642924,-0.439451,0.628811,-0.497535,-0.486612
8260,0.561241,0.653219,-0.579476,-0.923532,-0.366707,0.549442,-0.614571,-0.071972,0.058209,0.567323,-0.642924,-0.446834,0.628811,0.392493,-0.059254
8269,-2.703744,-2.289789,-0.725436,2.456199,2.995574,-3.191196,-2.468346,-2.177866,-0.290047,-1.884803,-0.642924,3.782548,0.628811,-1.643578,0.094867
8277,1.095092,0.653219,0.147627,-0.363445,-0.270344,0.709234,0.694406,0.172137,-0.359699,1.333612,0.34389,-0.496374,-1.350598,0.340472,0.580632
8288,0.260393,0.653219,-0.704322,-1.196673,-0.408758,0.085535,0.152962,-0.675192,-0.684738,-0.352224,-0.642924,-0.299565,0.628811,0.838322,-0.009146
8303,-0.258684,0.653219,0.149322,-2.320623,-0.807706,0.395994,0.555406,-0.387529,-0.034659,-0.198966,-0.642924,-0.268332,0.628811,-0.30201,-0.428081
8308,-1.288123,-1.799288,-2.207399,-1.75336,-0.710465,1.091339,0.25787,-0.3897,0.104644,-1.118514,-0.642924,0.073383,0.628811,-0.225349,0.094867
8311,0.646286,0.653219,0.093508,-0.434309,-0.651652,-0.062175,0.496944,-0.377601,-0.452567,0.720581,-0.642924,-0.479028,0.628811,-0.029077,-0.30819
8317,0.646286,0.653219,1.063961,0.251988,-0.738958,0.875685,1.186846,-0.479587,-0.499001,0.873839,-0.642924,-0.476865,0.628811,-0.124047,0.497997
8336,-2.703744,-2.289789,-2.616431,2.456199,2.995574,-3.191196,-2.468346,-2.177866,-0.731173,-1.884803,-0.642924,3.782548,0.628811,-1.643578,0.094867
8345,0.147836,-0.327783,-0.279365,-0.757225,-0.514445,0.684338,0.458747,0.023096,-0.081093,0.414065,-0.642924,-0.430838,0.628811,-0.074227,-1.539789
8355,-0.542473,0.653219,1.330578,1.054771,0.99818,1.19059,1.964548,-0.151694,0.151078,-1.118514,-0.642924,0.303031,0.628811,1.901993,-0.363391
8357,-0.791679,-1.799288,1.147857,1.410535,1.134303,-1.148325,-0.606425,1.969993,-0.127528,-0.352224,-0.642924,-0.30227,0.628811,-1.27036,0.094867
8365,1.278677,0.653219,0.903647,0.216863,-0.516425,1.359569,1.799997,0.280296,2.565659,1.180354,3.304329,-0.468632,-2.288593,-0.27537,0.37468
8377,-0.512273,0.653219,-0.984128,-0.777799,0.426421,-0.119333,0.011314,0.896054,0.011775,-0.65874,-0.642924,-0.08931,0.628811,0.457501,0.176552
8378,0.528021,0.653219,1.497372,0.704453,-1.010997,0.442731,0.688071,-0.704079,-0.824041,0.260807,0.34389,-0.407665,0.334404,-0.766323,0.007183
8392,-0.118283,-0.818285,-0.256749,0.063089,0.360182,0.08432,0.463749,1.51144,0.383249,0.260807,-0.642924,-0.390356,0.628811,-0.273698,2.667172
8396,0.248614,-0.327783,-0.188522,0.102422,-0.050883,-0.116748,0.269585,1.390571,-0.359699,-0.045709,0.34389,-0.325636,-1.504548,-0.821416,1.993102
8397,0.675173,0.653219,-0.107449,-0.457685,-0.408693,-0.128001,-0.205036,0.224294,-0.081093,0.873839,0.34389,-0.486015,0.46237,-0.054184,-0.434268
8426,0.106651,-0.327783,0.922901,0.708225,-0.281708,-0.236489,-0.139858,1.433938,-0.173962,-0.505482,0.34389,-0.208347,-1.254601,-1.643578,0.497482
8435,0.762664,0.653219,0.051927,-0.53094,-0.33153,-0.122421,-0.899607,-0.078582,-0.731173,1.027096,0.34389,-0.473624,0.124707,0.362831,0.066462
8441,-0.258684,-0.327783,-0.52935,-0.94987,-0.848969,-0.491039,0.489038,-0.315108,-0.824041,-0.505482,-0.642924,-0.255115,0.628811,-0.685315,0.423075
8444,-0.326975,-0.327783,-1.036547,-0.564152,0.186391,-0.474065,0.663149,1.024155,-0.824041,-0.811998,-0.642924,-0.122578,0.628811,0.129208,-0.066581
8449,0.260393,0.653219,1.508789,0.569103,-1.298645,-0.114025,0.040069,-0.805748,-0.638304,-0.505482,-0.642924,-0.288487,0.628811,-1.643578,-0.225056
8450,0.001777,-0.327783,-0.321606,-0.208579,-0.306686,-0.926286,-0.207667,1.136933,-0.406133,-0.352224,-0.642924,-0.318226,0.628811,-0.878847,0.364971
8453,0.294759,0.653219,-0.857534,-0.956731,-0.587338,0.985529,0.118023,-0.149224,-0.26683,0.414065,-0.642924,-0.407237,0.628811,-0.089355,-2.007207
8458,-0.976977,0.162718,-1.355305,-1.637753,-0.243971,-1.30894,-0.727249,-1.94056,-0.290047,-1.578287,-0.642924,0.807174,0.628811,1.901993,-0.941
8464,0.294759,0.653219,-0.752042,-1.150353,-0.789462,0.179387,-0.225431,-0.454628,-0.359699,-0.045709,-0.642924,-0.368191,0.628811,-0.380772,-1.192899
8466,-0.064691,0.653219,-0.763155,-1.228638,-0.381605,0.290253,1.81082,-0.318378,-0.173962,-0.811998,0.34389,-0.116275,-1.736877,0.468677,0.481169
8474,1.144931,0.653219,0.156978,-0.357959,-0.528221,0.182442,-0.157518,0.304133,0.94046,0.873839,2.317516,-0.469691,-2.022273,-0.329122,0.033102
8491,0.660855,0.653219,1.455182,0.743898,-0.0567,0.553491,-0.009404,0.381508,1.59054,1.180354,0.34389,-0.485349,0.139024,0.346918,-0.641858
8532,0.134334,0.162718,0.739793,0.139466,-1.146686,-0.631197,0.004231,-1.106341,-0.59187,-0.505482,-0.642924,-0.288487,0.628811,-0.934464,-1.253571
8543,1.156937,0.653219,0.2014,-0.292863,-0.182218,0.937302,0.026702,0.252013,1.59054,1.333612,1.330703,-0.468778,-2.031267,0.214438,-0.192922
8548,0.078014,-0.818285,-1.006875,-1.160221,-0.496964,0.165265,-0.62587,-0.305936,-0.545436,0.260807,-0.642924,-0.435035,0.628811,0.319149,-0.938979
8552,-0.030792,0.653219,-1.859781,-1.511606,0.421547,-0.279701,-0.052741,1.439161,-0.290047,-0.198966,0.34389,-0.27172,-0.844017,-0.413482,-0.072103
8558,0.689248,0.653219,1.22324,0.337568,-0.761046,0.889857,0.775723,-0.346306,0.104644,0.720581,1.330703,-0.441952,-0.139444,-0.231359,0.607018
8560,-0.303582,0.653219,0.849004,0.433646,0.761507,0.94214,1.730732,0.250334,-0.684738,-1.118514,-0.642924,0.075229,0.628811,1.598087,0.096505
8581,0.316905,-0.327783,0.666303,0.125375,-0.508577,0.054196,0.021412,0.030386,-0.545436,0.414065,-0.642924,-0.450524,0.628811,-0.178075,-0.906188
8582,-0.834273,0.653219,-1.299827,-1.475471,-0.561139,-1.687262,-2.2158,0.364305,-0.731173,-1.425029,-0.642924,0.655278,0.628811,-0.067768,0.92999
8584,0.660855,0.653219,0.275429,-0.268694,-0.144235,0.578859,0.239593,0.213018,-0.545436,1.333612,-0.642924,-0.486045,0.628811,0.471324,-0.029252
8585,-1.663451,-0.818285,-1.956218,-0.297602,0.637611,0.408837,-0.648262,1.213268,-0.824041,-1.731545,-0.642924,1.77216,0.628811,1.901993,1.191121
8586,0.212241,-0.327783,0.09098,-0.006365,-0.420282,0.499499,0.83403,1.275143,0.104644,-0.505482,0.34389,-0.204998,-1.644267,-1.643578,0.343484
8610,-2.128155,-2.289789,0.22467,0.84695,0.206574,-0.594427,-1.09394,0.438803,-0.127528,-1.578287,-0.642924,0.766966,0.628811,0.720136,0.094867
8611,0.369814,0.653219,0.980778,0.152844,-1.014191,-1.165115,-0.730987,-0.468467,-0.173962,-0.198966,-0.642924,-0.353511,0.628811,-1.023103,0.826834
8619,1.028268,0.653219,0.265725,-0.38166,-0.496639,0.609025,0.056783,0.212232,0.290381,1.180354,1.330703,-0.423029,-1.900091,-0.229333,0.381585
8623,0.338475,0.653219,-0.963777,-1.027923,-0.106132,1.652638,0.18074,0.655533,1.311934,0.567323,-0.642924,-0.422685,0.628811,0.152231,0.832501
8634,-0.351046,0.162718,-0.060816,-0.124788,0.751468,1.629385,2.130776,0.204498,-0.638304,-1.118514,-0.642924,0.044224,0.628811,1.901993,0.536281
8636,0.950513,0.653219,0.961175,0.552602,-0.196095,0.604564,0.904859,0.356794,2.890698,1.48687,1.330703,-0.526066,-0.111915,0.107321,-0.691381
8637,-1.367268,0.162718,-0.747379,-0.527571,0.30506,-2.691206,-2.298479,0.644549,0.383249,-1.731545,-0.642924,1.77216,0.628811,1.901993,0.516126
8644,0.775342,0.653219,1.005724,0.273196,-0.366368,0.531697,0.463114,0.059853,0.383249,1.027096,0.34389,-0.494373,0.409009,0.115675,-0.20881
8652,1.278677,0.653219,1.025551,0.354342,-0.606168,1.281688,0.865143,0.194449,3.726515,0.873839,3.304329,-0.455237,-2.351339,-0.437201,-0.553941
8655,-0.21609,0.653219,0.193917,0.370485,0.101831,-0.100628,0.136043,1.216963,-0.870475,-0.352224,-0.642924,-0.279863,0.628811,-0.461721,1.111386
8658,0.187075,0.653219,0.141922,-0.258507,0.256664,0.800247,-0.102184,-0.027898,-0.59187,0.414065,-0.642924,-0.343262,0.628811,1.292598,0.390843
8666,0.55306,0.653219,-0.095162,-0.598825,-0.723426,-0.259036,0.257096,-0.120017,-0.638304,0.720581,-0.642924,-0.454947,0.628811,-0.331717,-0.118488
8677,0.653603,0.653219,0.316904,-0.166402,-0.368074,-0.200559,-0.187608,0.172293,-0.406133,1.027096,0.34389,-0.466992,0.45803,0.050766,0.062968
8691,0.419554,0.653219,-0.121534,-0.769615,-0.395377,0.576708,0.678155,-0.097561,-0.452567,0.107549,-0.642924,-0.389598,0.628811,0.316914,0.380604
8693,0.017594,-0.327783,0.05767,0.036464,-0.329292,-0.849407,-0.951745,1.127564,-0.359699,-0.352224,-0.642924,-0.322613,0.628811,-1.029921,0.341514
8694,0.716701,0.653219,1.512192,0.65243,-0.561149,-0.090682,0.767903,0.071741,0.522552,0.873839,1.330703,-0.475208,0.23877,-0.277661,-0.038396
8696,0.608705,0.653219,0.206668,-0.426913,-0.244158,-0.080159,-1.00446,-0.233366,-0.824041,0.414065,-0.642924,-0.455175,0.628811,0.576546,0.078162
8703,0.970645,0.653219,1.250497,0.461173,-0.383859,0.888548,-0.35973,0.239813,-0.173962,0.873839,1.330703,-0.454543,-1.357095,-0.10574,0.467734
8712,0.475557,0.653219,-0.028112,-0.639963,-0.145082,0.243249,-1.160143,-0.086608,-0.359699,0.260807,-0.642924,-0.40926,0.628811,0.577274,0.114767
8732,1.064576,0.653219,0.828318,0.115383,-0.458857,0.805091,0.701821,0.134721,1.869145,1.027096,1.330703,-0.477236,-1.566274,-0.042352,0.18009
8735,-0.675621,0.653219,-1.169377,-0.144563,0.795964,0.057677,0.532092,0.194618,-0.290047,-0.65874,-0.642924,0.100299,0.628811,1.096182,-0.614732
8751,0.033116,-1.308786,-0.421005,-0.664461,-0.259802,0.414187,-0.231145,-0.051946,-0.359699,0.720581,-0.642924,-0.488005,0.628811,0.363349,-1.394537
8757,0.305906,0.653219,-0.719041,-1.185601,-1.047882,0.041236,0.90791,-1.156044,-0.777607,-0.045709,-0.642924,-0.357544,0.628811,-0.44575,0.557525
8769,0.569342,0.653219,0.110327,-0.36351,-0.259839,0.100746,-0.324034,0.061622,-0.731173,0.720581,-0.642924,-0.447788,0.628811,0.442052,-0.13142
8777,-2.703744,-2.289789,-0.155458,2.456199,2.995574,-3.191196,-2.468346,-2.177866,-0.59187,-1.884803,-0.642924,3.782548,0.628811,1.901993,0.094867
8783,-0.118283,0.162718,-0.222689,-0.67401,0.225275,0.824789,-0.162608,-0.543718,-0.545436,-0.505482,-0.642924,-0.222132,0.628811,1.901993,-0.340856
8784,0.283461,0.653219,-0.282129,-0.111292,0.385491,0.261314,0.117557,0.879521,-0.313264,0.414065,-0.642924,-0.404015,0.628811,0.52316,-0.212463
8806,-0.014348,0.653219,-0.677414,-1.067825,-0.373968,-0.161792,1.002133,-0.097517,-0.963344,-0.811998,-0.642924,-0.147358,0.628811,0.412853,0.169839
8812,-0.606381,0.653219,-0.696489,-0.878471,0.107827,-0.989388,-1.292518,-0.950187,-0.777607,-1.425029,-0.642924,0.484256,0.628811,1.901993,-1.182778
8814,-0.542473,-1.308786,-0.24795,0.494778,-0.459102,0.359828,0.348126,0.545032,-0.173962,0.107549,0.34389,-0.392873,-0.068676,-0.689001,-2.897557
8831,0.305906,0.653219,-0.710469,-1.002747,-0.079728,0.860486,-0.817421,-0.434584,-0.731173,0.260807,-0.642924,-0.360848,0.628811,1.135383,0.149237
8843,0.475557,0.653219,1.381072,0.96983,-0.689627,0.813474,0.547387,0.609493,1.079763,0.260807,2.317516,-0.411445,-0.181366,-0.864331,0.444286
8850,0.781609,0.653219,0.806506,0.180933,-0.18559,0.816471,0.229536,0.406122,-0.731173,1.48687,-0.642924,-0.51289,0.628811,0.209789,-0.111937
8852,0.260393,0.162718,1.742533,1.126575,-0.443016,-0.193987,0.027852,1.079829,1.869145,0.107549,-0.642924,-0.384493,0.628811,-1.086417,0.689753
8876,0.147836,0.653219,-0.298075,-0.755348,-0.889431,-0.701385,-0.065483,-0.635376,-0.452567,-0.352224,-0.642924,-0.284962,0.628811,-0.422971,0.107269
8880,0.475557,0.653219,1.559246,0.650832,-0.997527,0.114095,0.204687,-0.419341,2.240619,0.260807,-0.642924,-0.40926,0.628811,-0.825369,-0.26341
8883,-1.791457,-1.308786,-2.488922,0.721604,1.601155,0.063698,-1.878853,1.354712,-0.824041,-1.578287,-0.642924,1.249459,0.628811,0.483765,-3.511009
8889,-1.552566,-2.289789,-3.804302,-2.456031,-1.284254,0.777267,-0.913431,-1.489309,-0.59187,-0.965256,-0.642924,-0.094628,0.628811,-1.137068,0.094867
8906,-0.100032,-0.327783,0.72013,0.143025,-0.598669,-0.13085,0.086051,0.599384,1.033329,-0.198966,-0.642924,-0.340981,0.628811,-0.776883,0.894456
8913,0.749789,0.653219,0.038283,-0.502219,-0.433148,0.46876,0.393671,-0.071344,-0.545436,1.180354,-0.642924,-0.502162,0.628811,0.282756,0.222668
8922,0.55306,0.653219,-0.385633,-0.753419,-0.731308,0.120736,0.3771,-0.463098,-0.545436,0.567323,-0.642924,-0.449519,0.628811,-0.225349,-0.433973
8928,0.033116,-0.327783,-0.688414,-0.875792,-0.90236,-0.642473,-0.800457,-0.797494,-0.545436,-0.352224,-0.642924,-0.326974,0.628811,-0.372524,-2.070576
8933,1.090801,0.653219,0.09911,-0.392657,-0.322919,0.896057,0.721324,0.08834,-0.173962,0.873839,0.34389,-0.465476,-1.697956,0.258473,-0.56818
8941,0.236666,-0.327783,-0.414621,-0.284851,0.113211,0.008615,-0.70052,1.018062,1.358368,0.107549,-0.642924,-0.416049,0.628811,-0.079355,0.094002
8942,0.283461,0.653219,-0.369399,-0.221488,-0.142512,-0.642038,-0.185698,0.986026,-0.081093,0.107549,-0.642924,-0.355151,0.628811,-0.363233,-0.135083
8959,1.268318,0.653219,0.309505,-0.072509,-0.305897,0.492329,0.513738,0.41213,3.447909,1.48687,2.317516,-0.467716,-2.325494,0.099413,-0.180526
8966,0.212241,0.162718,0.787296,0.409774,-0.220613,-0.16376,0.194431,1.282358,0.429683,0.414065,-0.642924,-0.393991,0.628811,-0.891487,1.379623
8969,-0.675621,-1.308786,-0.285986,0.161626,0.182516,-0.333059,-0.032897,1.848226,0.986894,-0.811998,0.34389,-0.142692,0.202609,-1.643578,2.270225
8971,0.716701,0.653219,1.243991,0.482507,-0.394917,0.198455,0.517434,0.065986,-0.638304,1.027096,-0.642924,-0.486757,0.628811,0.071084,-0.168344
8972,-0.326975,0.162718,0.533587,0.655827,-0.384823,0.385182,0.691147,1.342849,1.033329,-0.811998,-0.642924,-0.013015,0.628811,-1.643578,0.960888
8987,0.675173,0.653219,0.008851,-0.449539,-0.14262,0.134521,-0.784685,0.211633,-0.26683,1.180354,-0.642924,-0.479964,0.628811,0.404295,0.067498
8989,-0.047568,0.653219,-0.461256,-0.931202,-0.330863,0.115546,-0.31447,-0.571365,-0.638304,-0.811998,-0.642924,-0.163623,0.628811,0.720136,-1.037599
9000,-1.942857,-2.289789,0.124123,2.456199,2.995574,0.129577,-0.130472,-2.177866,-0.359699,-1.425029,-0.642924,0.390019,0.628811,1.901993,0.094867
9011,-0.030792,0.653219,-1.140061,-1.568263,-1.334731,-0.623869,0.144971,-1.009719,-0.359699,-0.811998,-0.642924,-0.117236,0.628811,-1.643578,-0.043496
9012,0.660855,0.162718,-0.208056,-0.161902,0.293706,0.159889,-0.045879,0.935687,-0.26683,0.720581,2.317516,-0.443582,-1.454294,0.37802,0.535469
9026,-0.326975,0.162718,-0.332741,-0.359453,-0.09225,-0.588294,-1.339103,0.90173,-0.359699,-0.505482,-0.642924,-0.208663,0.628811,-0.183637,1.290433
9028,0.887012,0.653219,0.485458,-0.062393,-0.368416,0.507198,0.160748,0.250672,-0.684738,1.180354,1.330703,-0.486309,-0.542957,-0.059889,-0.028024
9031,0.638905,0.653219,1.017555,0.466603,-0.736596,0.333743,0.503858,0.270489,-0.545436,0.260807,1.330703,-0.399029,-0.779136,-0.876968,-0.16166
9033,-2.703744,-2.289789,-2.180863,2.456199,2.995574,-3.191196,-2.468346,-2.177866,-0.91691,-1.884803,-0.642924,3.782548,0.628811,-1.643578,0.094867
9037,0.294759,-0.327783,0.44071,0.455229,0.028643,-0.01226,-0.05697,1.32483,-0.452567,0.260807,0.34389,-0.398749,-0.43293,-0.623619,2.234978
9052,-0.573812,0.162718,-0.481883,-0.176491,0.657076,0.405821,1.243811,0.159825,-0.638304,-1.271771,-0.642924,0.207274,0.628811,1.901993,-0.510523
9063,0.419554,0.653219,0.248938,-0.28632,-0.575211,-0.040631,0.311537,-0.220509,-0.220396,0.414065,-0.642924,-0.427162,0.628811,-0.058499,-0.630353
9067,0.32776,0.653219,-0.299175,-0.793136,-0.560096,-0.492366,0.329414,-0.317012,-0.545436,-0.352224,1.330703,-0.1848,-1.051429,0.17586,0.239615
9069,0.187075,0.162718,0.950365,1.023156,-0.112604,-0.041101,0.348231,1.587598,0.197512,-0.505482,1.330703,-0.248289,-0.716568,-1.643578,-1.033931
9087,0.134334,-0.327783,0.073924,0.169783,-0.257627,-0.391663,-0.383172,1.036398,-0.824041,-0.045709,-0.642924,-0.381468,0.628811,-0.757185,-1.081973
9097,0.660855,0.653219,1.937869,1.018165,-0.551723,0.521796,0.645917,0.306007,0.383249,0.720581,0.34389,-0.459593,0.216876,-0.430619,0.276783
9102,-2.128155,-2.289789,-0.688026,2.456199,2.995574,-0.073005,-0.842175,-2.177866,-0.173962,-1.578287,-0.642924,0.766966,0.628811,1.901993,0.094867
9116,0.063316,0.653219,-0.699438,-1.291432,-0.557678,0.739994,1.459707,0.059198,-0.173962,-0.65874,0.34389,-0.1083,-0.715552,-0.225349,0.151432
9117,1.090801,0.653219,-0.19419,-0.657432,-0.707321,0.568419,0.458427,-0.352789,0.894026,1.027096,0.34389,-0.487072,-1.602828,-0.018524,0.134106
9121,-0.237114,0.162718,-0.371802,-0.328621,0.708124,1.124823,2.763275,0.10038,-0.220396,-0.965256,-0.642924,-0.051668,0.628811,1.901993,0.425042
9127,1.018938,0.653219,0.256752,-0.255892,-0.47723,0.267006,-0.238793,0.174917,-0.081093,1.333612,0.34389,-0.479726,-1.24058,-0.152826,-0.097658
9143,-0.976977,-1.308786,-1.611693,0.351024,0.637964,-0.144812,0.277807,2.044735,-0.452567,-0.965256,-0.642924,-0.037189,0.628811,-1.643578,-3.107581
9144,0.955592,0.653219,0.272195,-0.311115,-0.277526,1.009092,-0.298662,0.319917,-0.359699,1.48687,0.34389,-0.480172,-1.02751,0.161836,0.289756
9145,1.250762,0.653219,0.613735,-0.069053,-0.62768,1.090703,1.020103,-0.112558,3.865818,1.180354,1.330703,-0.489614,-1.984295,-0.137091,0.469413
9184,0.794004,0.653219,0.6702,0.155673,-0.567346,1.261987,1.735152,0.141649,-0.313264,0.873839,1.330703,-0.455154,-0.66443,-0.294144,0.030341
9188,1.207046,0.653219,0.391967,-0.097416,-0.559686,0.938021,0.683747,0.090143,3.912252,1.333612,2.317516,-0.444366,-2.387599,-0.183637,-0.167314
9198,-2.128155,-1.308786,-2.860056,2.456199,2.995574,1.542578,0.115948,-2.177866,0.243946,-1.731545,0.34389,1.77216,-1.554065,1.901993,10.9666
9201,0.120608,0.162718,-0.304679,-0.104231,0.021239,0.097205,0.149025,1.083189,-0.452567,-0.045709,-0.642924,-0.341894,0.628811,-0.321501,-0.959054
9205,-2.703744,-2.289789,-2.64558,2.456199,2.995574,-3.191196,-2.468346,-2.177866,-0.824041,-1.884803,-0.642924,3.782548,0.628811,1.901993,0.094867
9226,0.608705,0.653219,-0.973657,-1.362157,-0.472839,-0.114189,-0.722547,-0.046136,-0.081093,0.414065,0.34389,-0.436211,0.191244,0.278321,0.211541
9234,0.419554,-0.327783,0.480024,0.475451,0.163292,0.243974,0.893598,1.153334,2.240619,1.027096,0.34389,-0.482256,0.294355,0.108351,0.676989
9243,0.1742,0.653219,-0.148203,-0.545725,-0.659674,0.129155,0.350215,-0.611176,-0.731173,-0.505482,-0.642924,-0.279256,0.628811,0.101068,-0.599493
9252,0.870348,0.653219,0.256724,-0.318598,-0.736688,0.504457,1.218133,-0.379019,-0.220396,0.720581,1.330703,-0.460534,-0.795832,-0.244645,-0.508732
9253,0.561241,0.653219,-0.238965,-0.800174,-0.579954,0.14456,0.081407,-0.266561,-0.26683,0.567323,-0.642924,-0.446834,0.628811,0.041446,0.01485
9255,0.502203,0.653219,-0.09021,-0.459487,-0.08753,0.510042,-0.148035,0.474924,0.011775,0.414065,-0.642924,-0.448003,0.628811,0.166927,-0.039048
9258,-0.976977,0.653219,-1.861846,-0.603443,0.699448,1.6243,2.418578,0.69024,-0.290047,-0.811998,-0.642924,0.083435,0.628811,0.720136,-0.304236
9273,-1.03057,0.653219,-1.199697,-1.083551,0.030537,-2.693309,-2.053243,0.147657,-0.59187,-1.731545,-0.642924,1.520862,0.628811,1.901993,0.112141
9285,1.344616,0.653219,0.761159,0.041786,-0.715893,0.845636,1.071718,-0.013087,2.379922,0.873839,2.317516,-0.460143,-2.494816,-0.475305,0.24566
9286,0.769027,0.653219,0.4664,-0.128982,-0.282219,0.393827,-0.61612,0.042159,-0.638304,1.333612,-0.642924,-0.5085,0.628811,0.37467,-0.054691
9309,0.631457,0.653219,1.4389,0.810189,-0.638802,0.861215,0.792983,0.224489,-0.081093,0.414065,1.330703,-0.420076,-0.342118,-0.547674,0.013653
9314,1.184294,0.653219,0.22525,-0.598148,-0.384386,0.311862,0.466151,0.061508,-0.731173,1.640128,0.34389,-0.50646,-1.719345,0.203417,0.082808
9324,0.349053,0.653219,0.023401,-0.419287,-0.465417,0.490325,0.319609,-0.092,-0.173962,0.260807,-0.642924,-0.403281,0.628811,0.038296,-0.920489
9334,0.536451,0.653219,0.29615,-0.282953,-0.188283,0.190594,-0.261221,0.094076,0.104644,0.567323,-0.642924,-0.431856,0.628811,0.454821,-0.070718
9347,0.033116,-0.327783,-0.460352,-0.159767,0.697896,1.165968,-0.172368,0.650663,-0.638304,-0.045709,-0.642924,-0.352739,0.628811,1.366813,0.117197
9360,0.908723,0.653219,0.814044,0.135604,-0.692195,0.552811,0.930638,-0.0195,0.801157,0.567323,0.34389,-0.433366,-1.52498,-0.423349,0.188365
9362,1.582714,0.653219,0.157169,-0.284889,-0.724233,1.266572,0.690559,0.12694,5.258845,1.48687,4.291142,-0.43066,-3.103946,-0.59417,-0.269549
9384,-0.976977,-1.308786,-2.509325,-2.631541,-0.540842,-0.745004,-0.169531,1.207747,-0.59187,-1.118514,-0.642924,0.043227,0.628811,-1.643578,1.388464
9410,0.794004,0.653219,0.925725,0.204098,-0.321954,0.383975,0.439859,0.058565,1.404803,1.333612,0.34389,-0.511582,0.556052,0.261505,-0.093783
9419,-1.454759,-2.289789,0.466421,2.456199,2.995574,-0.995123,-0.390779,-2.177866,-0.684738,-0.811998,-0.642924,-0.175403,0.628811,-1.643578,0.094867
9426,-0.751164,0.162718,0.205384,0.390639,0.744724,0.97377,1.842134,0.528172,0.708289,-1.271771,-0.642924,0.344785,0.628811,1.192879,-1.522817
9427,0.409841,0.653219,0.124959,-0.213381,-0.592027,-0.249125,0.24904,0.487937,-0.545436,0.567323,0.34389,-0.398494,0.4005,-0.546139,0.532748
9432,-1.367268,-2.289789,-1.324218,2.456199,2.995574,-1.086338,-1.653602,-2.177866,-0.777607,-1.118514,0.34389,0.096837,-1.554065,-0.855673,0.094867
9449,-1.367268,-1.799288,-2.005301,1.964062,2.504405,-0.016002,-1.327464,0.547811,-0.824041,-0.811998,-0.642924,-0.126539,0.628811,-1.249626,0.094867
9458,0.569342,0.653219,-1.059625,-1.436032,-0.597329,0.323985,-0.723406,-0.39806,-0.684738,0.414065,-0.642924,-0.44344,0.628811,0.26825,0.021672
9461,0.91937,0.653219,1.092955,0.299304,-0.833704,1.437761,2.430161,-0.095758,0.568986,0.720581,1.330703,-0.429303,-1.492309,-0.666273,0.089294
9467,-0.156035,-0.327783,0.682875,0.653699,-0.103564,0.318972,-0.03579,1.345945,2.333487,-0.352224,-0.642924,-0.279256,0.628811,-0.883813,1.647318
9473,0.743276,0.653219,1.513797,0.749945,-0.193555,0.275451,-0.111793,0.279224,0.429683,1.333612,-0.642924,-0.499783,0.628811,0.241766,-0.058088
9487,1.077792,0.653219,0.462658,0.048945,-0.245892,1.376226,1.489396,0.619756,-0.499001,1.640128,4.291142,-0.419816,-1.639037,-0.274124,-0.377642
9493,0.502203,0.653219,0.42814,-0.125779,-0.416046,0.422444,0.242234,0.382822,-0.731173,0.414065,-0.642924,-0.418311,0.628811,-0.021668,0.58637
9494,0.616359,0.653219,-0.39821,-0.987339,-0.53031,0.169238,-0.411478,-0.221973,-0.731173,0.567323,-0.642924,-0.460053,0.628811,0.129208,-0.02746
9500,-2.703744,-2.289789,0.686054,2.456199,2.995574,-3.191196,-2.468346,-2.177866,-0.290047,-1.884803,-0.642924,3.782548,0.628811,-1.643578,0.094867
9502,0.775342,0.653219,0.035749,-0.230587,-0.726955,0.385342,0.574838,0.171758,0.151078,0.414065,2.317516,-0.37945,-1.278996,-0.80455,-0.564853
9513,0.033116,-0.327783,-0.314228,0.018635,0.560455,0.955044,1.552106,1.104689,0.754723,0.720581,-0.642924,-0.433254,0.628811,0.430247,0.277201
9514,0.224543,-0.327783,-0.476405,-0.726796,-0.406348,0.06552,-0.259249,-0.286234,0.754723,0.107549,0.34389,-0.371014,-1.156781,0.5261,0.271646
9521,0.577366,0.653219,0.469345,-0.246022,-0.501541,-0.026622,0.072106,0.053821,-0.545436,0.873839,-0.642924,-0.464109,0.628811,0.077573,0.307735
9528,0.762664,0.653219,0.499392,-0.167933,-0.343402,0.396448,0.004817,0.132865,-0.59187,0.873839,0.34389,-0.492652,0.478878,0.115465,0.242175
9535,-0.454981,0.162718,0.597895,0.691423,0.987208,0.162391,1.184874,0.191484,-0.313264,-1.271771,0.34389,0.243453,-0.282235,1.901993,0.627326
9545,0.390069,0.653219,-0.116324,-0.472441,-0.165009,0.027432,-0.39758,0.264206,-0.638304,-0.198966,-0.642924,-0.36141,0.628811,0.172446,-0.10659
9550,0.493416,-0.327783,1.073141,0.861443,-0.094036,0.480532,0.326096,1.593477,1.776277,-0.352224,3.304329,-0.129445,-2.940793,-1.605453,0.722768
9555,-0.976977,0.653219,0.780496,0.354596,0.550615,-0.504702,0.589288,-0.489905,-0.824041,-1.578287,-0.642924,1.249459,0.628811,1.901993,-0.317053
9561,0.853343,0.653219,0.492574,0.014224,-0.719132,0.808168,1.51304,-0.349751,6.605438,0.567323,0.34389,-0.448952,-1.030611,-0.166257,-1.123026
9566,0.272007,0.653219,0.413675,-0.220184,-0.748069,-0.301071,0.229144,-0.216694,0.104644,-0.198966,-0.642924,-0.318188,0.628811,-0.445075,0.228477
9570,-0.542473,0.653219,-0.945605,0.080066,1.039173,-0.540297,-0.603157,0.532043,-0.290047,-0.505482,0.34389,0.021993,-0.068676,0.67468,-0.543986
9571,0.769027,0.653219,1.149133,0.376536,-0.235962,0.244139,-0.10735,0.204834,-0.452567,1.180354,-0.642924,-0.503147,0.628811,0.183755,0.027348
9576,0.78783,0.653219,0.246281,-0.415453,-0.511044,0.504611,0.265908,-0.224506,-0.452567,1.027096,-0.642924,-0.505821,0.628811,0.222512,0.162315
9581,0.593183,0.653219,1.113331,0.296631,-0.830177,-0.009993,0.567947,-0.381306,-0.127528,0.720581,-0.642924,-0.455678,0.628811,-0.461721,-0.047127
9598,1.11204,0.653219,0.014497,-0.534778,-0.77104,0.060366,0.382628,-0.167812,0.011775,0.720581,1.330703,-0.412956,-2.258414,-0.419726,-0.568391
9605,0.593183,0.653219,-0.451978,-0.945749,-0.352897,0.494159,-0.959274,-0.01267,-0.731173,0.567323,-0.642924,-0.449113,0.628811,0.281161,-0.143794
9608,0.638905,0.653219,0.400049,-0.214202,-0.46442,0.019529,-0.184052,-0.099259,-0.081093,0.567323,-0.642924,-0.461441,0.628811,0.113237,-0.006584
9615,-0.258684,-0.818285,-0.178301,-0.362366,-0.343038,0.450389,-0.447493,0.141273,-0.081093,-0.045709,-0.642924,-0.367456,0.628811,0.081295,-1.443332
9620,0.369814,0.653219,-0.390815,-0.667188,-0.333382,0.43099,0.498694,0.024389,1.172631,-0.198966,0.34389,-0.322412,-0.15549,0.217847,-0.143701
9623,0.493416,0.653219,1.022829,0.229232,-0.523257,-0.051428,0.023972,0.062147,-0.91691,0.567323,-0.642924,-0.418137,0.628811,-0.156725,0.222097
9634,1.440307,0.653219,0.233596,-0.269098,-0.497752,0.213895,0.346847,0.287223,0.290381,1.640128,1.330703,-0.48765,-2.59695,-0.130962,0.142535
9635,0.638905,0.653219,0.893749,0.181683,-0.367228,0.130033,-0.339898,0.094518,0.058209,0.720581,-0.642924,-0.464378,0.628811,0.113237,0.219168
9637,-2.703744,-2.289789,-5.182217,2.456199,2.995574,-3.191196,-2.468346,-2.177866,-0.290047,-1.884803,-0.642924,3.782548,0.628811,-1.643578,0.094867
9648,0.646286,0.653219,-0.167848,-0.711008,-0.139568,0.298783,-0.443268,0.104703,-0.313264,1.027096,-0.642924,-0.471095,0.628811,0.572404,-0.049293
9649,0.001777,-0.327783,1.416976,0.832427,-0.4715,0.262568,-0.012845,1.218793,-0.127528,-0.505482,1.330703,-0.283444,0.254927,-1.643578,1.465193
9657,-2.703744,-2.289789,-1.503429,2.456199,2.995574,-3.191196,-2.468346,-2.177866,0.058209,-1.884803,-0.642924,3.782548,0.628811,-1.643578,0.094867
9660,0.161123,-0.818285,0.065201,0.332571,0.2473,-0.07491,0.167429,1.489443,-0.359699,0.414065,0.34389,-0.434873,-0.099477,-0.671405,0.519414
9663,-2.367046,-2.289789,-0.002272,1.405059,1.062175,1.94296,-0.425917,-0.973127,-0.127528,-1.731545,-0.642924,1.520862,0.628811,1.901993,0.094867
9666,0.668045,0.653219,0.594195,0.284865,-0.118804,0.30594,0.310781,0.923003,-0.359699,0.720581,0.34389,-0.455228,0.067288,-0.225349,1.237267
9682,-0.712534,-1.799288,-0.722886,-0.665074,-0.530035,0.318576,-0.299157,0.16947,-0.731173,-0.352224,-0.642924,-0.320284,0.628811,-0.124047,0.094867
9683,0.519504,0.653219,0.416962,0.052619,0.013981,-0.014288,-0.716046,0.814177,0.336815,0.414065,-0.642924,-0.430628,0.628811,0.055342,-0.10152
9689,-0.401389,-1.799288,-0.25169,-0.267599,-0.598898,0.104125,0.195319,-0.298465,-0.777607,0.720581,-0.642924,-0.472529,0.628811,-0.042352,0.094867
9692,-0.512273,-0.327783,-0.782063,0.193951,0.393162,-0.084374,-1.585992,1.408399,-0.359699,-0.65874,-0.642924,-0.05208,0.628811,-0.330403,2.565908
9694,0.519504,0.653219,-0.326881,-0.822293,-0.380871,0.079321,-0.799108,-0.326758,-0.452567,0.720581,-0.642924,-0.439463,0.628811,0.461605,-0.069222
9717,-0.030792,0.653219,0.426462,-0.165609,0.414312,0.73686,2.22335,-0.990667,-0.638304,-0.965256,-0.642924,-0.094628,0.628811,1.901993,-0.538255
9725,1.095092,0.653219,1.200418,0.486673,-0.047875,0.419954,0.245182,0.187084,0.336815,1.48687,1.330703,-0.498802,-1.345324,0.597664,-0.281906
9726,0.999956,0.653219,0.772543,-0.127524,-0.611417,0.55168,1.141167,-0.101841,0.383249,0.873839,1.330703,-0.449704,-1.584207,-0.07693,0.281454
9727,0.723425,0.653219,1.1988,0.579347,-0.22161,0.956361,0.335244,0.30472,0.197512,1.333612,0.34389,-0.489376,0.319754,0.230098,0.274447
9733,1.423185,0.653219,0.516148,-0.004917,-0.265905,1.545253,1.795541,0.344187,1.544105,1.640128,4.291142,-0.458062,-2.747784,0.147739,-0.287849
9753,-0.082173,-1.308786,-1.415821,-0.417119,0.419063,-0.055716,0.526452,1.737128,1.683408,0.107549,0.34389,-0.313284,-1.808356,-0.795724,1.955205
9759,0.616359,0.653219,0.275547,-0.332709,-0.836326,0.499967,0.948061,-0.454942,-0.499001,0.567323,-0.642924,-0.45695,0.628811,-0.396062,0.303485
9761,1.077792,0.653219,1.206812,0.641371,0.043566,1.06175,1.004366,0.575537,0.243946,1.640128,1.330703,-0.491235,-1.506217,0.401222,-0.414024
9763,-0.303582,0.653219,0.757848,0.340545,0.945043,1.084669,2.034764,-0.211849,-0.127528,-1.271771,-0.642924,0.16385,0.628811,1.901993,-0.090928
9765,-0.606381,-1.308786,0.501192,0.666416,0.048561,-0.752501,-0.400012,1.75973,0.011775,-0.811998,-0.642924,-0.175403,0.628811,-1.643578,0.03411
9780,0.716701,0.653219,0.651871,-0.034931,-0.918435,0.611854,1.119212,-0.800393,-0.452567,0.567323,0.34389,-0.429622,-0.369059,-0.393909,-0.01711
9794,-2.703744,-2.289789,-4.706124,2.456199,2.995574,-3.191196,-2.468346,-2.177866,0.058209,-1.884803,-0.642924,3.782548,0.628811,-1.643578,0.094867
9807,0.380003,0.653219,0.578465,-0.106394,-0.891912,-0.752135,-1.068617,-0.737609,-0.731173,-0.198966,-0.642924,-0.358189,0.628811,-0.417948,-0.504421
9830,-0.351046,-0.818285,0.871531,1.254692,0.853495,0.354197,0.542209,1.800726,0.801157,0.260807,0.34389,-0.371146,0.340166,-0.569162,-4.882134
9864,-2.703744,-2.289789,-1.558042,2.456199,2.995574,-3.191196,-2.468346,-2.177866,-0.684738,-1.884803,-0.642924,3.782548,0.628811,-1.643578,0.094867
9891,0.806215,0.653219,0.507796,0.042346,-0.26685,0.30075,-0.169375,0.483153,0.708289,0.720581,0.34389,-0.442462,-1.09987,-0.079355,-0.099132
9893,-0.483133,0.653219,1.400086,0.505645,0.629749,-0.98207,-0.398279,-1.490715,0.801157,-1.425029,-0.642924,0.390019,0.628811,1.901993,-0.156385
9919,0.349053,0.653219,-1.134234,-1.596429,-0.700691,0.164912,0.432251,-0.592017,-0.406133,-0.045709,-0.642924,-0.370568,0.628811,0.129208,-0.013662
9922,0.544797,0.162718,-0.209456,-0.3132,-0.088103,-0.091646,0.487176,0.82718,-0.26683,0.720581,-0.642924,-0.476373,0.628811,-0.031955,0.122447
9924,-1.149401,-1.308786,-1.363898,-0.374868,0.048561,1.280669,1.551719,1.848226,-0.406133,-1.425029,-0.642924,0.390019,0.628811,-1.643578,-0.587756
9936,0.749789,0.653219,1.113337,0.426933,-0.080446,0.351073,0.159654,0.313646,-0.731173,1.333612,-0.642924,-0.501601,0.628811,0.422345,-0.287331
9942,0.950513,0.653219,1.38053,0.887355,-0.075235,1.58043,2.115718,0.628922,3.540778,1.48687,3.304329,-0.498144,-1.006475,0.085435,-0.178998
9946,-0.976977,-0.327783,-2.33823,-1.823725,-0.384978,-1.396272,-0.871806,1.12014,0.429683,-1.118514,-0.642924,0.204058,0.628811,-0.461721,1.304831
9951,0.224543,0.653219,-0.015107,-0.044778,-0.397445,-0.494815,0.041386,1.005505,0.568986,-0.045709,-0.642924,-0.338769,0.628811,-0.849793,0.451488
9960,0.429154,-0.327783,-0.571199,-0.252045,0.325526,0.001422,-0.098409,1.642713,0.058209,0.260807,1.330703,-0.387321,-1.740595,-0.654116,1.169431
9966,0.078014,-0.818285,-0.643597,-0.965831,-0.754951,0.498928,0.344775,-0.017258,0.290381,-0.045709,0.34389,-0.316758,-1.297563,-0.630558,0.477979
9969,1.257829,0.653219,1.533486,0.724636,-0.689519,0.974003,1.076695,-0.056054,-0.26683,1.027096,2.317516,-0.486991,-1.940006,-0.376225,-0.531046
9998,0.96064,0.653219,0.549905,-0.138171,-0.678846,0.227745,0.417474,-0.107883,-0.359699,0.567323,1.330703,-0.395382,-1.91896,-0.389656,0.145107
