"AGENCY_ID","log_n_train_rows","n_train_years_active","n_train_rows","has_trend_support","n_years_for_trend","mean_log_wp_train","median_log_wp_train","mean_log_prev_wp_train","median_log_prev_wp_train","mean_log_prev_poly_train","median_log_prev_poly_train","sd_log_wp_train","iqr_log_wp_train","sd_log_prev_poly_train","mean_active_producers_train","agency_appointment_year","mean_max_age_train","mean_min_age_train","n_products_train","n_states_train","n_vendors_train","top_product_share","product_hhi","top_state_share","state_hhi","top_vendor_share","vendor_hhi","pl_share_train","cl_share_train","slope_mean_log_wp_by_year"
3,5.59842195899838,7,269,TRUE,7,8.6279505465729,8.42132965854034,8.76074184448355,8.56939467327667,2.59739667466119,2.19722457733622,2.09217357125644,2.59223531063735,3.04729545330134,14,1957,85,48,21,4,1,0.0780669144981413,0.0555686073990133,0.50185873605948,0.415071654620583,1,1,0.509293680297398,0.490706319702602,-0.0389741806365355
11,3.58351893845611,4,35,TRUE,4,6.63985510028577,6.21660610108486,6.97209924830511,6.80350525760834,1.00174888288234,0,1.45019012422269,2.3402255547088,1.73351339245946,56,1998,87,36,10,1,1,0.114285714285714,0.108571428571429,1,1,1,1,0.257142857142857,0.742857142857143,-0.365406108424912
12,3.3322045101752,5,27,TRUE,5,7.96458315183509,6.88044574523855,8.82206974093962,8.86162509424911,6.28812042592592,5.51745289646471,2.81376263498842,5.45703005116778,3.31772598571612,29,2005,71,29,5,2,1,0.296296296296296,0.212620027434842,0.851851851851852,0.747599451303155,1,1,1,0,-0.184589479149607
14,0.693147180559945,1,1,FALSE,1,7.85399308722424,7.85399308722424,11.5129254649702,11.5129254649702,11.5129254649702,11.5129254649702,NA,0,NA,99999,99999,99999,99999,1,1,1,1,1,1,1,1,1,0,1,NA
16,4.94875989037817,7,140,TRUE,7,7.68348877238279,7.71739049775042,7.84397642315541,7.73380125684598,2.47933406479176,2.38108696739888,1.85599643330012,2.27697966799272,3.05671666782849,45,1998,74,29,19,2,1,0.1,0.0640816326530612,0.771428571428571,0.64734693877551,1,1,0.5,0.5,0.0293201690470322
32,4.35670882668959,5,77,TRUE,5,8.07491662941775,7.77708856622995,8.35484761802769,8.18025924822495,3.42260212558975,3.66356164612965,1.87622770195997,2.09801397345162,2.9510530607168,49,1963,95,38,18,2,1,0.103896103896104,0.0588632147073706,0.948051948051948,0.901501096306291,1,1,0.662337662337662,0.337662337662338,-0.327524276652621
36,4.30406509320417,7,73,TRUE,7,7.44524663770262,7.54231950210978,7.55372092792362,7.68790091978162,0.586978751115442,0,1.10414309953521,1.92454319826635,1.36366267233105,9,2000,77,47,11,1,1,0.0958904109589041,0.0921373616063051,1,1,1,1,0.164383561643836,0.835616438356164,-0.0731021003492638
37,2.39789527279837,7,10,TRUE,7,8.010101544521,7.94378262949524,8.11236495872543,8.03228150449864,3.88239393959397,4.11087386417331,0.288883193503325,0.256816236391101,0.707048352144873,15,2004,72,39,2,1,1,0.7,0.58,1,1,1,1,1,0,-0.020889197473665
46,4.87519732320115,7,130,TRUE,7,8.99112537139496,9.00427853842008,9.09410146985669,9.05658120630203,2.67383551703302,2.56494935746154,1.90911370676435,3.05213615810196,2.91844183369656,50,1985,70,27,20,1,1,0.0538461538461538,0.0527810650887574,1,1,1,1,0.515384615384615,0.484615384615385,-0.0370962364068743
61,3.58351893845611,5,35,TRUE,5,8.69933480555604,8.50426194203683,9.25277657348966,9.59512646887595,2.30258509299405,0,1.53321564364792,2.27727209782011,4.67240250415067,7,2008,69,32,7,1,1,0.142857142857143,0.142857142857143,1,1,1,1,0,1,0.103001600763423
84,3.25809653802148,5,25,TRUE,5,7.94678444603094,7.93951526066241,8.64382281558507,8.6298109097604,5.61496428585767,4.35670882668959,2.02774917469867,3.52092801446885,3.36176162845429,17,2008,73,28,5,1,1,0.2,0.2,1,1,1,1,1,0,0.168448466467262
87,4.56434819146784,7,95,TRUE,7,7.78747416647476,7.32778053842163,7.99101939703737,7.50598720174579,3.62112796332834,3.43398720448515,2.05999692601088,1.41293342536272,3.34709112649721,66,1986,79,26,21,1,1,0.0736842105263158,0.0610526315789474,1,1,1,1,0.652631578947368,0.347368421052632,-0.121794797910121
96,4.43081679884331,7,83,TRUE,7,7.85800750073861,7.68754335124385,7.99480903481661,7.83212131762323,1.673850806702,0,1.32292054906385,1.62661004629286,2.11091837385723,24,1960,96,42,12,1,1,0.0843373493975904,0.0834663957032951,1,1,1,1,0.409638554216867,0.590361445783133,-0.0946537496943762
102,4.36944785246702,4,78,TRUE,4,7.22296142177043,7.03231966694537,8.79370321436018,8.91229740493757,5.47142142072747,3.06778244554087,2.24541092954918,2.19355037209584,5.17460575692738,13,2009,66,36,18,3,1,0.115384615384615,0.074293228139382,0.653846153846154,0.491452991452991,1,1,0.435897435897436,0.564102564102564,0.492967340922519
111,0.693147180559945,1,1,FALSE,1,7.2283884515736,7.2283884515736,6.50279004591562,6.50279004591562,0,0,NA,0,NA,8,1976,93,49,1,1,1,1,1,1,1,1,1,0,1,NA
148,4.46590811865458,7,86,TRUE,7,8.20653477526825,8.38452233404757,8.21724781528501,8.54622474243709,1.03821224565485,0,1.53348158160329,2.62094204762694,2.0624238086652,43,1992,67,28,16,1,1,0.0813953488372093,0.0754461871281774,1,1,1,1,0.267441860465116,0.732558139534884,0.0202091919923652
152,4.84418708645859,7,126,TRUE,7,7.92036331568167,7.80486067678433,8.02260274901266,7.8543703686782,2.64361292122317,0,2.05828332443738,2.47165036967567,3.13844617950523,19,1964,82,40,21,1,1,0.0555555555555556,0.0534139581758629,1,1,1,1,0.5,0.5,-0.0767624860520432
153,2.19722457733622,2,8,FALSE,2,8.26239135934445,8.19078066441596,8.61004042357022,8.27604163848902,5.02320682683404,4.90937316204052,2.77473915524521,4.24191499024317,2.09766799460188,5,2002,49,47,6,1,1,0.25,0.1875,1,1,1,1,1,0,NA
156,5.28320372873799,7,196,TRUE,7,8.57028741469833,8.28017123475005,8.6133669254508,8.71881720511626,1.8702343034277,0,2.26557284984965,4.04843740101489,2.90039217696077,30,2000,75,46,22,4,1,0.0918367346938776,0.0582049146189088,0.647959183673469,0.478082049146189,1,1,0.372448979591837,0.627551020408163,-0.0234146704147696
160,0.693147180559945,1,1,FALSE,1,7.80501404652311,7.80501404652311,9.20265289892803,9.20265289892803,4.24849524204936,4.24849524204936,NA,0,NA,15,1998,69,43,1,1,1,1,1,1,1,1,1,1,0,NA
163,2.77258872223978,1,15,FALSE,1,7.12524593680176,7.22329567956231,11.5129254649702,11.5129254649702,11.5129254649702,11.5129254649702,2.0883953546235,2.98305756720807,0,14,2012,75,39,10,3,1,0.2,0.128888888888889,0.666666666666667,0.502222222222222,1,1,0.666666666666667,0.333333333333333,NA
164,1.6094379124341,1,4,FALSE,1,6.61487315479222,7.41124511666161,11.5129254649702,11.5129254649702,11.5129254649702,11.5129254649702,1.86579879486465,1.27710476071271,0,18,2006,66,22,4,1,1,0.25,0.25,1,1,1,1,1,0,NA
166,4.58496747867057,7,97,TRUE,7,9.17081654311085,9.681343501555,9.29264786813291,9.77299154845513,1.10185701796584,0,1.80985184458448,2.94751306747216,1.9961208389569,40,1996,67,28,16,2,1,0.0824742268041237,0.0702518864916569,0.989690721649485,0.979594005739186,1,1,0.268041237113402,0.731958762886598,0.058423300474887
173,4.74493212836325,7,114,TRUE,7,8.27404389256257,8.01295440458086,8.37961932932925,8.02425488161099,2.47772047614843,0,2.22150956710536,3.19197574225678,3.09837582699889,10,1982,93,28,18,1,1,0.0614035087719298,0.059248999692213,1,1,1,1,0.464912280701754,0.535087719298246,-0.0679901299369587
184,5.01727983681492,7,150,TRUE,7,7.73955905833053,7.79975331828725,7.96456813501895,7.97016429137867,3.22557975126651,2.56494935746154,2.30237259911362,2.73076357931045,3.17770367685533,11,1978,82,38,20,2,1,0.0933333333333333,0.0641777777777778,0.766666666666667,0.642222222222222,1,1,0.64,0.36,0.012508587985492
188,4.65396035015752,7,104,TRUE,7,7.45561745501874,7.10906213568717,7.67692493765378,7.11010356874833,2.9012991778412,2.75469416831399,2.34269604345412,2.17671188718782,3.01383077104919,12,1963,80,47,18,1,1,0.0673076923076923,0.0606508875739645,1,1,1,1,0.605769230769231,0.394230769230769,-0.161216057281747
204,4.66343909411207,7,105,TRUE,7,8.06767532458777,8.55352512066363,8.11279928907597,8.55352512066363,1.86056161728931,0,1.79808444706586,2.41631584682065,2.59869311848905,4,1982,80,60,16,1,1,0.0666666666666667,0.065578231292517,1,1,1,1,0.4,0.6,0.0205484814191057
242,4.83628190695148,7,125,TRUE,7,8.67076475488791,8.35202369343985,8.75807843169125,8.40508328309873,2.68564285217312,0,2.14724273062802,2.80092557072749,3.14108120755572,18,1977,80,25,20,1,1,0.056,0.054208,1,1,1,1,0.496,0.504,0.0374525693742292
245,5.09375020080676,7,162,TRUE,7,8.4781263589091,8.78749861513635,8.7517731554299,9.15889698969055,0.714981454810664,0,2.3330247621378,3.57054304452122,2.00562365964945,98,2001,82,31,14,4,1,0.12962962962963,0.0852766346593507,0.512345679012346,0.380506020423716,1,1,0.141975308641975,0.858024691358025,-0.250784577553199
251,4.12713438504509,6,61,TRUE,6,7.76107066770674,8.00670084544037,7.97333702572316,8.38913252134872,1.70185794842215,0,2.0365332434479,3.13129848532335,2.73399593600551,14,1999,72,51,14,1,1,0.0983606557377049,0.0782047836603064,1,1,1,1,0.377049180327869,0.622950819672131,0.077560388680566
263,4.58496747867057,7,97,TRUE,7,7.52271638257066,7.36290538886835,7.71354973387704,7.90116259545047,1.72258838785342,0,2.20556142022717,3.48693684192913,2.63386754438018,16,1965,93,38,16,2,1,0.134020618556701,0.0717398235731746,0.907216494845361,0.831650547348284,1,1,0.350515463917526,0.649484536082474,-0.0886730537856669
291,2.39789527279837,6,10,TRUE,6,6.89055498219676,6.72325136643322,7.36310326857017,6.87314840247097,3.74196106137626,3.61091791264422,1.12758746786367,1.55624159129674,0.656981235399091,99999,99999,99999,99999,2,1,1,0.6,0.52,1,1,1,1,1,0,-0.477945425147354
292,4.38202663467388,6,79,TRUE,6,7.5518813466942,7.59538727885397,7.87595898866902,7.851571679721,1.84423281732992,0,1.96938357187723,3.30305921090744,2.30582059106498,24,1986,87,39,16,1,1,0.0759493670886076,0.064252523634033,1,1,1,1,0.443037974683544,0.556962025316456,-0.226993834863948
294,4.53259949315326,7,92,TRUE,7,8.39046786283483,8.29016385010568,8.37042262253168,8.42992445007396,1.76248794507427,0,1.74671808026518,2.71451569529404,2.88123504752374,9,1998,75,52,17,1,1,0.0760869565217391,0.070179584120983,1,1,1,1,0.33695652173913,0.66304347826087,0.0348445790918715
301,4.55387689160054,7,94,TRUE,7,7.45159000908194,7.12262954463259,7.95798114769129,7.66366256274466,2.83486632587374,0,2.06775191467638,2.5869663668135,3.88854655814601,17,2005,73,30,20,1,1,0.074468085106383,0.0613399728383884,1,1,1,1,0.468085106382979,0.531914893617021,0.000664720499430835
307,3.29583686600433,7,26,TRUE,7,7.76265827969177,7.85116574282191,9.71111608737941,9.36673922974981,7.57581148011915,5.26220672078954,1.33401986706951,1.73397854295796,3.77916027328346,99999,99999,99999,99999,14,1,1,0.269230769230769,0.162721893491124,1,1,1,1,0.653846153846154,0.346153846153846,-0.291193733094882
313,2.19722457733622,4,8,TRUE,4,6.17725348284496,5.99073902097432,7.46900652597913,6.6894258368364,2.87823136624256,0,0.828604289675057,1.4927624113571,5.32944890132634,5,2006,63,59,2,1,1,0.5,0.5,1,1,1,1,0,1,0.159548664282218
326,4.56434819146784,7,95,TRUE,7,7.58889496658305,7.09090982207998,7.68748079049596,7.06731984865348,2.9325798488734,2.56494935746154,2.0108991042508,2.81003682679493,3.05718639017378,4,1993,70,69,17,1,1,0.0736842105263158,0.0692520775623269,1,1,1,1,0.6,0.4,0.128597326437858
330,2.77258872223978,1,15,FALSE,1,8.33325902976751,9.09290727508409,11.5129254649702,11.5129254649702,11.5129254649702,11.5129254649702,1.95026489685388,2.67398257847741,0,26,2012,69,26,9,2,1,0.133333333333333,0.12,0.533333333333333,0.502222222222222,1,1,0,1,NA
348,0.693147180559945,1,1,FALSE,1,4.84055846371874,4.84055846371874,11.5129254649702,11.5129254649702,11.5129254649702,11.5129254649702,NA,0,NA,99999,99999,99999,99999,1,1,1,1,1,1,1,1,1,0,1,NA
351,4.63472898822964,6,102,TRUE,6,7.15431610405852,7.50312719450405,8.32978077840923,8.30302691537994,4.76222068331698,3.4811217321331,1.98199313702267,2.94978033656112,4.64358402209759,15,2007,75,39,19,2,1,0.107843137254902,0.0718954248366013,0.745098039215686,0.620146097654748,1,1,0.53921568627451,0.46078431372549,0.135770810527479
372,4.24849524204936,6,69,TRUE,6,6.06799450660781,6.2841341610708,7.177971249629,6.95749737087695,3.37968792981935,2.56494935746154,1.51700333238715,2.15259242331545,4.20523481032907,4,2007,52,38,13,1,1,0.0869565217391304,0.079605124973745,1,1,1,1,0.507246376811594,0.492753623188406,-0.0152286489745695
375,4.85981240436167,7,128,TRUE,7,8.9608374512527,8.72850347873281,9.13088641760797,8.82576449551636,3.08357085753477,2.56494935746154,1.99772527086225,2.67576390550146,3.39270832064559,26,1959,88,31,22,1,1,0.0546875,0.052490234375,1,1,1,1,0.515625,0.484375,0.00623347081739869
390,2.07944154167984,1,7,FALSE,1,6.02290869653131,5.38875204401924,6.99827577863444,7.44014668066269,1.8533825338583,1.09861228866811,1.92927387890077,2.07387975704085,2.07709502233065,22,2005,80,42,7,1,1,0.142857142857143,0.142857142857143,1,1,1,1,0.571428571428571,0.428571428571429,NA
401,4.20469261939097,7,66,TRUE,7,8.05263704383611,8.26809837077061,8.00500869733144,8.26809837077061,2.61325744108172,2.56494935746154,2.19763038237987,3.01865200456422,2.85160043026006,11,1999,68,31,11,1,1,0.106060606060606,0.0955004591368228,1,1,1,1,0.53030303030303,0.46969696969697,-0.0735800064324768
426,2.39789527279837,6,10,TRUE,6,5.98564034376368,6.05745542463608,6.28839965715867,6.05745542463608,2.87580177512539,2.6020033435384,0.962748578784135,1.94630521940531,0.404503662908828,99999,99999,99999,99999,2,1,1,0.6,0.52,1,1,1,1,1,0,-0.384439418596747
448,4.14313472639153,7,62,TRUE,7,9.12300535488241,9.03951091737738,9.30378835826005,9.36435514416688,0.371384692418394,0,1.30869277152658,1.8051237474615,2.05076338029154,17,2005,72,46,10,1,1,0.112903225806452,0.106659729448491,1,1,1,1,0,1,-0.0550637597917639
456,5.37989735354046,7,216,TRUE,7,8.02558093912104,8.05698071802325,8.0889936575498,8.11331809317473,2.23037082991214,0,2.19460063107649,2.62475902196222,2.76543143874513,18,1997,81,35,20,3,1,0.0972222222222222,0.0637431412894376,0.578703703703704,0.428369341563786,1,1,0.472222222222222,0.527777777777778,-0.0268184231191263
457,4.02535169073515,5,55,TRUE,5,7.15527644505524,7.31620260252877,7.76523133756648,7.58654995331768,2.23881444713453,0,2.01823684702103,3.06259567010394,3.6686786342242,12,2005,84,41,13,1,1,0.0909090909090909,0.0790082644628099,1,1,1,1,0.363636363636364,0.636363636363636,-0.503297232933252
462,2.07944154167984,7,7,TRUE,7,6.91257057737668,6.90575327631146,6.82219260500391,6.85540879860993,3.24007868274224,3.2188758248682,0.133536180145181,0.146167133608939,0.0560974890185551,99999,99999,99999,99999,1,1,1,1,1,1,1,1,1,1,0,0.0610142888037046
469,5.41164605185504,7,223,TRUE,7,8.24743527872211,7.73948979929813,8.34857528468175,7.93307977188041,2.80889874823126,2.56494935746154,2.03200956767631,2.42563642791158,2.97999415877153,69,1998,74,32,20,3,1,0.0672645739910314,0.0566872448671801,0.524663677130045,0.496993705885902,1,1,0.542600896860987,0.457399103139013,-0.014720427414982
470,5.27811465923052,7,195,TRUE,7,8.50125268290421,8.16448181074394,8.72555562903916,8.37286082052632,2.471242139757,2.56494935746154,2.56815732102978,4.44258910173176,3.02046856419992,10,1981,81,32,22,4,1,0.0769230769230769,0.0542537804076266,0.702564102564103,0.570545693622617,1,1,0.507692307692308,0.492307692307692,-0.072269057841288
477,1.94591014905531,1,6,FALSE,1,8.49804823833238,8.28594226438832,11.5129254649702,11.5129254649702,11.5129254649702,11.5129254649702,1.08968107903784,1.45910036271784,0,8,2012,76,30,6,1,1,0.166666666666667,0.166666666666667,1,1,1,1,0,1,NA
483,4.90527477843843,7,134,TRUE,7,8.83783495442178,8.97708050058024,8.98768052081116,9.00788677648974,3.01384843452902,1.97562185929071,2.12271527756586,2.5018585474532,3.32057675823018,19,1974,74,44,22,1,1,0.0522388059701493,0.0506794386277567,1,1,1,1,0.529850746268657,0.470149253731343,-0.107202266589348
506,4.34380542185368,6,76,TRUE,6,7.89680483919403,7.60950574172234,8.58379127595491,9.25496277319939,3.37866242484091,0,1.91464618288774,2.83440904239635,4.71523189220823,21,2006,80,40,18,1,1,0.0789473684210526,0.0630193905817174,1,1,1,1,0.315789473684211,0.684210526315789,-0.0568212465519896
507,4.76217393479776,7,116,TRUE,7,8.87878738188915,9.21770389780976,9.12299104632159,9.3788012675851,2.01092224281921,0,2.18167572866286,3.57494411131195,2.90686972095092,16,2002,75,34,19,2,1,0.0689655172413793,0.058858501783591,0.991379310344828,0.982907253269917,1,1,0.387931034482759,0.612068965517241,-0.124113121774476
512,4.75359019110636,7,115,TRUE,7,8.21440073914037,8.15794350710504,8.50478762111949,8.49148351178849,3.15238991893442,2.56494935746154,2.10432641734609,2.18565386024937,3.37994068833165,12,1985,99,41,21,1,1,0.0608695652173913,0.0573913043478261,1,1,1,1,0.521739130434783,0.478260869565217,-0.0518020211127752
526,1.79175946922805,2,5,FALSE,2,6.73825177109046,7.39773921581641,9.53778152016928,11.5129254649702,7.82878931617976,11.5129254649702,1.4406907958154,2.78206978754061,5.08614837406023,7,2009,70,36,3,1,1,0.4,0.36,1,1,1,1,1,0,NA
541,4.7361984483945,7,113,TRUE,7,7.56702597934424,7.06438288868429,7.68508068886876,7.18118882154358,2.17732688371412,2.30258509299405,1.50665166946732,2.27397022513844,2.3670962538342,20,1985,84,27,15,2,1,0.123893805309735,0.0776098363223432,0.849557522123894,0.744380922546793,1,1,0.504424778761062,0.495575221238938,-0.024715391053406
548,1.09861228866811,2,2,FALSE,2,7.31784264868714,7.31784264868714,5.75646273248511,5.75646273248511,5.75646273248511,5.75646273248511,1.81475113152208,1.28322283126523,8.14086766757574,11,1991,66,45,1,1,1,1,1,1,1,1,1,0,1,NA
553,4.75359019110636,7,115,TRUE,7,9.11628348315102,9.90898242801809,9.21817034617617,10.07069547152,1.79252173060015,0,2.19632596908035,3.95717132908515,2.86760054942137,20,1999,55,25,19,3,1,0.104347826086957,0.0616257088846881,0.956521739130435,0.916219281663516,1,1,0.347826086956522,0.652173913043478,-0.00152248477078948
562,5.40267738187228,7,221,TRUE,7,8.85004174727863,8.38335546616238,9.11898176502096,8.70126987374254,2.47875152922607,0,2.57271067172514,3.44544358786912,3.45389995464553,22,1980,83,27,21,4,1,0.081447963800905,0.0587006818042219,0.610859728506787,0.461067545709547,1,1,0.384615384615385,0.615384615384615,-0.122574563850302
563,4.64439089914137,7,103,TRUE,7,7.08988340953399,7.27410526836173,7.33317170372268,7.42186550253934,2.21348044517059,2.56494935746154,2.06984641440843,3.01348396118236,2.43909273577177,8,1978,66,37,18,1,1,0.0679611650485437,0.0628711471392214,1,1,1,1,0.533980582524272,0.466019417475728,-0.0185362286411495
564,4.12713438504509,7,61,TRUE,7,7.10692449843687,7.0352685992811,7.25277121560852,7.10727804309587,2.57261839059625,2.56494935746154,2.38052579851138,3.05597682478598,2.92035272487268,15,2001,73,31,9,1,1,0.114754098360656,0.111529158828272,1,1,1,1,0.540983606557377,0.459016393442623,-0.0504046763739009
578,4.58496747867057,7,97,TRUE,7,8.02595149039957,7.57763383260273,8.03247163681745,7.6303641696917,4.08236720889368,4.11087386417331,1.96694497752117,1.31451840638289,2.71824068313521,15,1966,89,35,16,2,1,0.144329896907216,0.0783292592198958,0.927835051546392,0.866085662663407,1,1,0.793814432989691,0.206185567010309,0.0632080839103526
581,3.2188758248682,7,24,TRUE,7,7.2564483970313,6.9226502783894,8.11136484044336,7.75239340328705,4.41934424813831,3.40119738166216,2.32647521045472,1.71262461545194,4.23414310029764,28,2006,59,27,6,1,1,0.291666666666667,0.215277777777778,1,1,1,1,0.541666666666667,0.458333333333333,0.0306989717382056
586,4.91998092582813,7,136,TRUE,7,9.17909857616761,9.32212612820867,9.33067865836376,9.46951394127946,3.57941477630994,3.17718502039868,2.31312458076494,2.12081243782292,3.77966973276283,22,1961,90,31,23,1,1,0.0514705882352941,0.049848615916955,1,1,1,1,0.536764705882353,0.463235294117647,-0.0806999376342679
599,3.93182563272433,7,50,TRUE,7,7.8435626660622,7.7778261032338,8.1317714406061,8.10366998757402,4.65032006113405,4.10260921319771,2.53074554416324,4.8452906023481,2.2171783920459,6,2005,59,57,8,1,1,0.14,0.1376,1,1,1,1,1,0,-0.098672571355692
604,5.68697535633982,7,294,TRUE,7,8.30445186680699,8.4680675430103,8.4522601931328,8.60914982855921,2.39082976507366,0,2.29342901096576,3.21377724438575,3.32082925572108,34,1990,86,31,22,5,1,0.0918367346938776,0.0618260909806099,0.414965986394558,0.307719005969735,1,1,0.401360544217687,0.598639455782313,-0.0304869080252278
609,1.79175946922805,1,5,FALSE,1,8.46421159900042,7.79893331004122,11.5129254649702,11.5129254649702,11.5129254649702,11.5129254649702,2.10918183601799,2.18376638148671,0,10,2011,55,39,5,1,1,0.2,0.2,1,1,1,1,1,0,NA
620,3.98898404656427,7,53,TRUE,7,6.21901505749856,6.25332868653379,5.81404435826781,6.75911604983603,3.9215886703714,2.99573227355399,1.81662191950797,3.07812360416149,4.43162902187287,99999,99999,99999,99999,16,2,1,0.132075471698113,0.0836596653613386,0.905660377358491,0.829120683517266,1,1,0.528301886792453,0.471698113207547,0.0693510903206174
625,1.94591014905531,3,6,TRUE,3,5.80714260758566,6.77047448382006,8.57708158589044,7.44784480888102,5.81328383031355,3.2188758248682,2.63622325227235,1.13795362048639,4.4208299471577,5,2009,54,32,2,1,1,0.5,0.5,1,1,1,1,1,0,-1.91362058603044
626,4.74493212836325,7,114,TRUE,7,7.21440433346595,7.22822106209676,7.20824686813401,7.25930928218591,2.69249447920367,2.56494935746154,1.89737940496585,2.66978624414937,2.19689360954731,31,1958,90,29,13,2,1,0.12280701754386,0.0854108956602031,0.754385964912281,0.629424438288704,1,1,0.692982456140351,0.307017543859649,0.0208541908516015
633,3.76120011569356,6,42,TRUE,6,7.33226705285808,7.47858335508627,8.22640966447466,8.58534176800637,2.46705545677933,0,1.55862155812119,2.46834897194564,4.78131486286245,14,2007,71,37,9,1,1,0.142857142857143,0.131519274376417,1,1,1,1,0.0476190476190476,0.952380952380952,0.437579298985397
643,4.84418708645859,7,126,TRUE,7,7.46833204181336,7.21366994276584,7.66521359432007,7.52023708366766,2.95117081676334,3.2188758248682,1.91684277342625,2.04380913828963,2.77821666483035,14,1970,89,32,19,2,1,0.111111111111111,0.0686570924666163,0.825396825396825,0.711766187956664,1,1,0.650793650793651,0.349206349206349,-0.144761718523342
650,4.969813299576,7,143,TRUE,7,8.82594675868064,9.13792235565774,9.0509880098813,9.33228097518086,3.2677811799706,3.25809653802148,2.19736041713026,2.52528945190037,3.44728668947857,11,1973,80,31,24,2,1,0.0769230769230769,0.0494400704190914,0.972027972027972,0.94562081275368,1,1,0.531468531468531,0.468531468531469,-0.0601552434267896
652,3.52636052461616,4,33,TRUE,4,8.2730172330973,8.22322205083499,9.49112003043787,10.3903664279858,4.69342323643097,0,1.81491625602446,3.52417040110295,5.61899949860948,104,2006,79,28,13,1,1,0.121212121212121,0.0853994490358127,1,1,1,1,0.181818181818182,0.818181818181818,1.07311790608266
663,4.00733318523247,4,54,TRUE,4,6.8204687321499,6.77062725065696,8.77305599183857,8.73031221015309,5.52276374529148,3.23848618144484,1.7255499077714,2.48658447438983,5.34397347497857,22,2008,62,33,12,3,1,0.166666666666667,0.107681755829904,0.592592592592593,0.445130315500686,1,1,0.314814814814815,0.685185185185185,0.455930169873716
668,4.07753744390572,6,58,TRUE,6,8.11465526351735,8.53408195349893,8.81670652905807,8.71595175905895,3.23457649694308,0,1.98909981110594,3.0937356981708,4.65516054269108,41,2007,64,33,14,1,1,0.103448275862069,0.079667063020214,1,1,1,1,0.327586206896552,0.672413793103448,-0.0537752490843051
678,4.36944785246702,6,78,TRUE,6,8.89827841972541,8.21931644562081,9.58640645998514,10.3346415474273,4.00565341802366,2.30258509299405,2.27442996499966,4.06322058509537,4.56767921539769,29,2007,68,32,13,2,1,0.0897435897435897,0.0775805391190007,0.961538461538462,0.92603550295858,1,1,0.384615384615385,0.615384615384615,-0.176240382178686
683,4.64439089914137,7,103,TRUE,7,9.16538148055565,9.63272814728026,9.37165036030359,9.95370479318546,2.03755556288573,0,2.15196979050246,3.48260331791475,3.15305955717589,96,2000,83,24,17,2,1,0.0776699029126214,0.0655104156847959,0.990291262135922,0.980771043453671,1,1,0.339805825242718,0.660194174757282,-0.0474341431343393
684,4.68213122712422,7,107,TRUE,7,8.27830280292062,8.26478044592002,8.37168373532953,8.30421034486466,2.11662314135401,0,1.82827130583833,2.387783002184,2.99466520728276,3,1973,90,55,18,1,1,0.0654205607476635,0.0626255568171893,1,1,1,1,0.392523364485981,0.607476635514019,0.0252429678338115
685,2.56494935746154,2,12,FALSE,2,5.72996578326099,5.38184665887456,7.74188702093393,6.60681907658996,4.39212475577742,3.19846482760807,2.1154165526481,2.21438372108573,4.04521114713061,18,1989,78,43,12,2,1,0.0833333333333333,0.0833333333333333,0.833333333333333,0.722222222222222,1,1,0.583333333333333,0.416666666666667,NA
690,4.92725368515721,7,137,TRUE,7,8.88209355169373,8.73192546692423,9.02963895871627,8.79614072863574,2.80402680647255,3.2188758248682,1.95573700158881,2.71089400374769,2.90358209189344,36,1965,91,29,20,2,1,0.0802919708029197,0.0527998295061005,0.970802919708029,0.94331077841121,1,1,0.54014598540146,0.45985401459854,-0.100164561758137
692,4.77068462446567,7,117,TRUE,7,8.017319805899,7.90322680873073,8.23993894641977,7.98432302914812,2.76503805351095,0,1.88176538793144,2.00734425571541,3.2777707649313,28,1963,80,35,20,1,1,0.0598290598290598,0.0569070056249543,1,1,1,1,0.478632478632479,0.521367521367521,-0.0327442745598484
693,4.87519732320115,7,130,TRUE,7,9.06423841939653,9.0522911341311,9.33375227838885,9.34741982055811,2.92748896312334,2.89191259116487,2.12020299736688,2.83154496751084,3.19827827786314,59,1958,95,31,19,2,1,0.0615384615384615,0.0536094674556213,0.992307692307692,0.984733727810651,1,1,0.507692307692308,0.492307692307692,-0.267887843412353
702,2.70805020110221,6,14,TRUE,6,6.0503736060765,6.47985812384463,6.1313202137271,7.27965107753804,2.48760703616068,2.38108696739888,2.31343551643519,2.50451918758272,1.88603163588461,99999,99999,99999,99999,8,2,1,0.5,0.285714285714286,0.857142857142857,0.755102040816326,1,1,0.785714285714286,0.214285714285714,0.100816776464617
703,4.33073334028633,6,75,TRUE,6,7.53480171552654,7.35897101591396,8.52683273668959,8.22282213081366,4.88788991394627,4.69134788222914,2.12932793218284,2.18176008444198,4.29002965216015,24,2007,74,37,14,2,1,0.133333333333333,0.0826666666666667,0.893333333333333,0.809422222222222,1,1,0.613333333333333,0.386666666666667,-0.158512982308163
716,4.36944785246702,7,78,TRUE,7,8.24899354813852,8.62026887053895,8.57937015222056,8.77092426390008,1.47656719080291,0,1.56958120288194,2.27127069261969,3.47701145263375,25,2004,71,30,11,3,1,0.102564102564103,0.0913872452333991,0.923076923076923,0.856344510190664,1,1,0.0897435897435897,0.91025641025641,-0.0915990573943552
726,4.23410650459726,7,68,TRUE,7,7.55136951468265,7.64939185299452,7.64519240024799,7.71846732612616,2.09433633565744,0,1.7595863637503,2.502623844489,2.37748332530292,6,1966,93,46,11,1,1,0.102941176470588,0.0990484429065744,1,1,1,1,0.485294117647059,0.514705882352941,0.048229863101379
754,0.693147180559945,1,1,FALSE,1,4.26267987704132,4.26267987704132,11.5129254649702,11.5129254649702,11.5129254649702,11.5129254649702,NA,0,NA,48,1983,90,33,1,1,1,1,1,1,1,1,1,0,1,NA
756,1.09861228866811,1,2,FALSE,1,4.13968036720777,4.13968036720777,11.5129254649702,11.5129254649702,11.5129254649702,11.5129254649702,0.173349893665892,0.12257688532912,0,12,2008,69,43,2,1,1,0.5,0.5,1,1,1,1,0,1,NA
770,4.60517018598809,7,99,TRUE,7,7.73488173992477,7.61540676174489,8.00364231197491,7.89058253465654,3.33488210197202,2.56494935746154,2.0262787805586,2.48448691169768,3.48842911243111,12,1974,83,49,19,1,1,0.0707070707070707,0.0645852464034282,1,1,1,1,0.575757575757576,0.424242424242424,0.0492023478140783
772,5.3890717298165,7,218,TRUE,7,8.37641068223441,8.26489738071614,8.89387143294472,9.10851482747729,2.90548094741814,0,2.75885280399448,3.68025556037365,4.08490019944945,301,1993,92,25,21,6,1,0.0963302752293578,0.0648514434811885,0.55045871559633,0.363058665095531,1,1,0.311926605504587,0.688073394495413,-0.0509196925013181
778,4.24849524204936,7,69,TRUE,7,8.60755566987823,8.69316127423802,8.72322220833626,8.90682562154103,0.499533584144496,0,1.49024018276798,1.51876799442519,1.69545762509677,38,1999,73,32,11,1,1,0.101449275362319,0.0980886368409998,1,1,1,1,0.115942028985507,0.884057971014493,-0.0742389998266507
780,3.97029191355212,7,52,TRUE,7,6.42873250347639,6.4739353742115,6.92197540988518,6.58772388740439,2.33270462365521,0,1.94165416130127,3.38424608243237,3.09707047189281,22,2003,85,37,10,1,1,0.134615384615385,0.11094674556213,1,1,1,1,0.461538461538462,0.538461538461538,-0.0981539683605181
787,3.09104245335832,5,21,TRUE,5,6.32305103431417,6.94601399109923,5.39039045276071,6.58892647753352,0.548234545950963,0,1.86709365752057,2.31437103521313,2.51232630541003,21,2003,79,35,9,1,1,0.238095238095238,0.151927437641723,1,1,1,1,0,1,0.265900303158561
791,5.04342511691925,7,154,TRUE,7,8.62485505999254,9.06445484149498,9.06644227432111,9.73126450143221,2.59891733615888,0,2.30193620328194,3.41278360778523,4.15656697460336,12,2004,70,32,16,3,1,0.0974025974025974,0.0764884466183167,0.538961038961039,0.443329397874852,1,1,0.292207792207792,0.707792207792208,-0.11193643366042
803,4.35670882668959,7,77,TRUE,7,7.81625289396404,7.67925142595306,8.40993129415052,8.67963001754362,3.65040296619549,2.56494935746154,1.74730163273972,2.79166862750523,4.12228056668947,11,2006,69,32,13,1,1,0.0909090909090909,0.0834879406307978,1,1,1,1,0.519480519480519,0.480519480519481,0.123232213135696
805,4.26267987704132,6,70,TRUE,6,6.58451970631216,6.62372997436536,7.70241653794463,7.52199345546066,3.81021372257657,1.93560050545395,1.721141953853,1.86425172765449,4.67716612586669,11,2007,56,35,15,2,1,0.142857142857143,0.0861224489795918,0.871428571428571,0.775918367346939,1,1,0.442857142857143,0.557142857142857,-0.0104830225342744
806,4.95582705760126,7,141,TRUE,7,7.97436450077296,8.00969535774292,8.07679244897429,8.14330232890666,2.65813695662008,2.56494935746154,2.15992721721781,2.32256289529724,2.94508542353565,12,1966,77,40,22,2,1,0.0638297872340425,0.0493435943866003,0.985815602836879,0.972033599919521,1,1,0.539007092198582,0.460992907801418,-0.0696561017256813
808,3.93182563272433,7,50,TRUE,7,7.84785256415985,6.62946978681557,8.4060894912233,7.43847783256947,5.03983968961692,4.40013232565517,2.37778704617454,4.56075549237929,2.97756433162158,11,2005,83,49,8,2,1,0.28,0.1672,0.86,0.7592,1,1,0.94,0.06,-0.187626014884524
810,4.63472898822964,7,102,TRUE,7,7.94770969325237,7.74305263999477,7.97477644795689,7.79365429844381,2.05680181028334,0,1.84225452518532,2.48233701829336,2.53674459282289,12,1997,73,39,16,1,1,0.0686274509803922,0.0647827758554402,1,1,1,1,0.480392156862745,0.519607843137255,-0.0422672434064079
811,5.71373280550937,7,302,TRUE,7,8.25825024698375,8.12814165030976,8.41060419677802,8.18615831195366,2.31574760491101,0,2.08771851541784,2.91390816363442,3.14268244543166,91,1989,83,27,21,4,1,0.0728476821192053,0.0577825533967808,0.417218543046358,0.342901627121617,1,1,0.427152317880795,0.572847682119205,0.0419748178092824
817,4.57471097850338,7,96,TRUE,7,8.19909946481087,7.91151180735143,8.27438009581025,7.9769021432008,3.0162978593545,3.2188758248682,1.74063015615121,1.23493115300947,2.78375214110398,9,1982,91,47,15,1,1,0.0729166666666667,0.0705295138888889,1,1,1,1,0.604166666666667,0.395833333333333,-0.00631271096530425
831,1.38629436111989,1,3,FALSE,1,5.60670053759616,5.69035945432406,11.5129254649702,11.5129254649702,11.5129254649702,11.5129254649702,1.89579512525664,1.89441021064229,0,22,2012,69,33,3,1,1,0.333333333333333,0.333333333333333,1,1,1,1,1,0,NA
834,4.9416424226093,7,139,TRUE,7,8.3109271466025,8.34267788640156,8.52198437340183,8.55358104966852,3.03865245149533,2.56494935746154,2.3402016332338,3.04383318163692,3.15399000402809,9,1980,77,36,23,1,1,0.0503597122302158,0.0488069975674137,1,1,1,1,0.575539568345324,0.424460431654676,-0.075051533309349
847,4.54329478227,7,93,TRUE,7,8.42428047391214,8.48838210956212,8.51690475310688,8.6372154958157,1.37573346985822,0,1.39846742326137,2.06194864431545,2.40130194496406,12,1988,88,34,15,1,1,0.0752688172043011,0.0720314487223957,1,1,1,1,0.290322580645161,0.709677419354839,-0.00797516989245541
851,3.73766961828337,5,41,TRUE,5,7.29240684726972,7.71970719530733,7.66448340554652,7.88031291630959,2.00186837293551,0,1.54946318646652,2.44619602107655,3.18806731819837,8,2003,74,50,12,1,1,0.121951219512195,0.0945865556216538,1,1,1,1,0.317073170731707,0.682926829268293,-0.00269288923382016
859,4.78749174278205,7,119,TRUE,7,8.90330959041198,9.20713524102723,8.90124080372155,8.81393955874286,2.22274262919287,0,2.07192646870063,3.15015982159597,2.85420339984109,67,1979,78,28,18,1,1,0.0588235294117647,0.0579761316291222,1,1,1,1,0.420168067226891,0.579831932773109,0.0179026024128682
864,4.31748811353631,7,74,TRUE,7,7.79260093242258,7.59758269807645,8.15519715070481,7.75989238078579,2.46831126849202,0,2.07860115925605,3.36404378889659,3.64769802520932,4,1979,61,58,15,1,1,0.0945945945945946,0.0814463111760409,1,1,1,1,0.391891891891892,0.608108108108108,-0.0756671442267715
865,4.06044301054642,2,57,FALSE,2,8.07717820002839,8.02943284058124,7.69928591797497,8.02943284058124,0.992805444373179,0,2.29121293033293,3.05378990805903,1.96297647279013,24,2001,74,44,15,4,1,0.12280701754386,0.0834102800861804,0.508771929824561,0.354262850107725,1,1,0.228070175438596,0.771929824561403,NA
877,5.26785815906333,7,193,TRUE,7,7.81046386103514,7.87674851184564,7.84121559729867,8.00703401219341,2.70608783930668,2.56494935746154,2.12018033299238,3.14407166210354,2.88568561007625,19,1985,73,39,21,3,1,0.10880829015544,0.0689682944508577,0.569948186528497,0.437729871942871,1,1,0.559585492227979,0.440414507772021,-0.00811228917233709
884,4.90527477843843,7,134,TRUE,7,7.93752408293875,7.88105649242,8.31043416612779,8.21513906120333,2.73741300518067,1.73286795139986,1.61008237440867,2.17931168926278,3.55035436985155,11,2003,59,36,22,2,1,0.0970149253731343,0.0566941412341279,0.895522388059702,0.812875918912898,1,1,0.5,0.5,0.0324679198272442
885,4.53259949315326,7,92,TRUE,7,7.98623715486383,8.15505322713918,8.12940295693243,8.15505322713918,2.07655667227264,0,1.78456237050198,2.59061904484566,3.47177648294883,6,2005,59,57,17,1,1,0.0760869565217391,0.0697069943289225,1,1,1,1,0.326086956521739,0.673913043478261,0.0219578139499651
886,5.4510384535657,7,232,TRUE,7,9.04550116659271,9.09328784400428,9.17442803073934,9.34324177991007,3.11940261392358,2.69908135075888,2.3668593037519,3.75069592325561,3.39097768341391,28,1965,83,41,23,2,1,0.0603448275862069,0.0527645659928656,0.603448275862069,0.521403091557669,1,1,0.525862068965517,0.474137931034483,-0.0188321800353964
891,1.09861228866811,2,2,FALSE,2,7.9053347972654,7.9053347972654,8.15885220035511,8.15885220035511,2.8518912373281,2.8518912373281,0.561082180354908,0.39674501453189,0.518994580881106,9,2003,72,46,1,1,1,1,1,1,1,1,1,1,0,NA
897,4.77068462446567,7,117,TRUE,7,8.28816797560986,7.84571747901633,8.42671632787358,7.84031298332016,2.33654209528535,0,2.08846467636413,3.17958772618465,2.8980647071114,29,1972,89,40,18,1,1,0.0598290598290598,0.0585141354372124,1,1,1,1,0.461538461538462,0.538461538461538,-0.0807001980132051
915,4.89034912822175,7,132,TRUE,7,7.94346525739816,7.83297709828385,8.03997032716138,7.94076766595956,2.47112740138436,2.56494935746154,1.96120699257677,2.53122078104201,2.7467211876562,19,1997,79,30,19,2,1,0.106060606060606,0.0643939393939394,0.810606060606061,0.692952249770431,1,1,0.522727272727273,0.477272727272727,0.0252821450004349
928,4.29045944114839,7,72,TRUE,7,7.09053083695613,6.71888988660691,7.21248175742542,6.77126330183644,2.09557048898482,0,2.00748171284175,1.4538899462003,2.93034039965788,9,2000,63,30,13,1,1,0.0972222222222222,0.0910493827160494,1,1,1,1,0.402777777777778,0.597222222222222,-0.0232474740423681
949,4.85203026391962,7,127,TRUE,7,8.20334328227226,8.12145957833724,8.35198296338734,8.15671674520093,3.26435740755684,3.80666248977032,1.86475593598046,1.84801447484028,3.24247612775756,8,1975,76,39,22,1,1,0.0551181102362205,0.0528861057722115,1,1,1,1,0.582677165354331,0.417322834645669,0.0333988388661102
955,4.45434729625351,7,85,TRUE,7,6.73077068233792,6.95749737087695,6.87620612557055,7.01499402965174,1.10951375903362,0,1.385755174162,1.85365385314031,1.77321998138372,11,2002,74,52,11,2,1,0.117647058823529,0.0961937716262976,0.858823529411765,0.757508650519031,1,1,0.305882352941176,0.694117647058824,0.0277163050743343
972,5.00394630594546,7,148,TRUE,7,7.48835851594708,7.3855905067129,7.60295395740966,7.46285553816036,2.48635129854657,2.56494935746154,2.12421849296054,2.90624050810605,2.86187512735998,16,1978,89,34,17,2,1,0.0945945945945946,0.0693024105186267,0.709459459459459,0.587746530314098,1,1,0.52027027027027,0.47972972972973,-0.0474206481774309
976,2.19722457733622,1,8,FALSE,1,5.9372261537284,6.33491905390438,11.5129254649702,11.5129254649702,11.5129254649702,11.5129254649702,1.63543060856458,2.48565125115096,0,58,2010,70,26,8,1,1,0.125,0.125,1,1,1,1,0.25,0.75,NA
983,5.43372200355424,7,228,TRUE,7,8.4317577843619,8.48905641015688,8.74532966557808,8.95182596003087,1.37302230147665,0,2.025129096726,2.59836038871693,2.78334356635702,52,1999,86,36,17,4,1,0.100877192982456,0.0718682671591259,0.425438596491228,0.358995075407818,1,1,0.236842105263158,0.763157894736842,-0.124154026558167
993,4.18965474202643,7,65,TRUE,7,7.46212828107052,6.61638641867236,8.03050890139331,7.85164172244709,4.80884716764147,4.40671924726425,2.22859282198096,2.94554114405738,2.49560907044388,47,2004,76,32,14,1,1,0.107692307692308,0.0977514792899408,1,1,1,1,0.923076923076923,0.0769230769230769,-0.15013358810633
1009,4.75359019110636,7,115,TRUE,7,9.46402548369104,10.3516257408478,9.4041536704593,10.3516257408478,1.51916055962668,0,2.43114068557974,3.44160044757815,2.8704082228478,20,2001,75,33,17,2,1,0.121739130434783,0.0729678638941399,0.878260869565217,0.786162570888469,1,1,0.269565217391304,0.730434782608696,-0.0157664854315445
1010,4.38202663467388,7,79,TRUE,7,7.6336659668996,7.72709448477984,7.84468896430919,7.78613643778307,2.29098377302129,0,1.51157414782645,1.94707466604183,2.8046699519536,12,1985,64,39,13,1,1,0.0886075949367089,0.0866848261496555,1,1,1,1,0.468354430379747,0.531645569620253,-0.103624651830614
1020,3.36729582998647,7,28,TRUE,7,6.75928432734466,6.03040781643652,6.97807195257305,6.06097581643238,3.20138745350545,2.56494935746154,2.21448840520051,3.66725879669768,1.97785936716838,10,1989,94,34,9,1,1,0.25,0.165816326530612,1,1,1,1,0.857142857142857,0.142857142857143,0.296725341536507
1022,3.58351893845611,4,35,TRUE,4,9.68068512040481,10.0787794591337,10.1274462583005,10.961642363573,3.61834800327636,0,1.81331947665653,2.59008142188337,5.42268248366246,16,2009,73,26,9,2,1,0.142857142857143,0.113469387755102,0.942857142857143,0.892244897959184,1,1,0,1,0.897092635312902
1031,1.38629436111989,1,3,FALSE,1,6.23232698350616,5.4971682252932,7.99818625276406,6.58479139238572,4.69807375257565,3.80666248977032,3.18298965186945,3.11866627327694,1.76609020037369,32,2004,80,42,3,1,1,0.333333333333333,0.333333333333333,1,1,1,1,1,0,NA
1049,4.61512051684126,7,100,TRUE,7,7.4234054536675,7.28751196765982,7.39056639091472,7.34598214252823,2.0189479841119,1.70059869083108,1.62024461796381,2.51307469427433,2.52708722220789,13,2004,64,25,14,3,1,0.14,0.0892,0.8,0.6762,1,1,0.52,0.48,0.100589990544768
1057,4.52178857704904,7,91,TRUE,7,8.39288080359334,8.65265721530529,8.37496322663481,8.27942826689668,0.619250648404495,0,1.85798852041768,2.78512018621009,1.14302008546099,18,2000,72,35,13,1,1,0.0769230769230769,0.0769230769230769,1,1,1,1,0.230769230769231,0.769230769230769,0.0270468437692288
1062,4.35670882668959,7,77,TRUE,7,6.66023220371981,6.29156913955832,6.94041459754567,6.32750812043764,2.08486183624535,0,1.5018005778395,1.61015450150095,2.79215072156318,21,2003,56,41,13,1,1,0.0909090909090909,0.0824759655928487,1,1,1,1,0.454545454545455,0.545454545454545,-0.0212183097786351
1074,2.19722457733622,1,8,FALSE,1,8.62671125599126,9.09775277211874,11.5129254649702,11.5129254649702,11.5129254649702,11.5129254649702,1.73267372399681,2.76222237821719,0,18,2012,65,29,8,1,1,0.125,0.125,1,1,1,1,0,1,NA
1075,0.693147180559945,1,1,FALSE,1,8.10638181746315,8.10638181746315,11.5129254649702,11.5129254649702,11.5129254649702,11.5129254649702,NA,0,NA,4,2012,55,36,1,1,1,1,1,1,1,1,1,1,0,NA
1079,4.71849887129509,7,111,TRUE,7,8.6706389583932,9.2456109860581,8.62658971360912,9.26213079277592,1.39320309091779,0,2.09289689804816,3.88432876913525,2.44567637727361,29,1952,91,39,18,2,1,0.0810810810810811,0.0645239834429024,0.936936936936937,0.881827773719666,1,1,0.315315315315315,0.684684684684685,0.179919383466813
1100,4.4188406077966,7,82,TRUE,7,7.26334172445242,6.87131577977182,7.56703006361622,6.99604672755179,3.78276331110221,4.18202100596103,2.65068689314392,3.02265153717681,3.304549234409,14,1996,57,36,15,3,1,0.146341463414634,0.0865556216537775,0.939024390243902,0.88429506246282,1,1,0.670731707317073,0.329268292682927,0.0811128943289188
1102,3.55534806148941,4,34,TRUE,4,8.00511502109426,7.99561153387175,9.11232973632932,8.69129711281341,3.72477000337272,0,1.12904768734884,1.59361023555843,5.46700568071691,21,2009,68,29,11,1,1,0.117647058823529,0.107266435986159,1,1,1,1,0.0882352941176471,0.911764705882353,0.158029133340163
1126,4.76217393479776,7,116,TRUE,7,7.59402178833743,7.41672154582142,7.645568160714,7.4329197230183,2.71401636844217,3.06778244554087,2.18574966727862,2.54447859811848,2.99263635863508,5,1963,94,50,18,1,1,0.0603448275862069,0.0590071343638526,1,1,1,1,0.517241379310345,0.482758620689655,0.0463161117774884
1135,4.40671924726425,7,81,TRUE,7,8.77597678952956,9.03850523993514,9.16201046071838,9.28877532636831,1.25967010310631,0,1.45719386710389,2.30172442914228,2.81133320625966,42,1998,71,34,12,2,1,0.0987654320987654,0.0879439109891785,0.950617283950617,0.906111873190063,1,1,0.172839506172839,0.827160493827161,-0.0448152291027788
1136,4.62497281328427,7,101,TRUE,7,7.45833806816679,7.64300363556072,7.53908513075566,7.66669020008009,2.4260223390877,2.07944154167984,2.11812207031076,2.59717870947439,2.85919864784199,25,1953,92,34,17,1,1,0.0693069306930693,0.0653857464954416,1,1,1,1,0.514851485148515,0.485148514851485,0.0745849778297993
1162,5.57215403217776,7,262,TRUE,7,7.45280744361507,7.23741726430366,7.63923781933621,7.36234752007475,3.06132906945214,2.56494935746154,2.35205557606837,3.7452281274039,3.04937756583321,21,1973,68,46,22,3,1,0.0801526717557252,0.0577472175281161,0.511450381679389,0.383835440825127,1,1,0.614503816793893,0.385496183206107,0.0387136773870594
1163,3.63758615972639,7,37,TRUE,7,6.38145569525783,6.65157187358973,7.22989190257744,6.82833321200465,3.10684836439963,2.56494935746154,1.56210515671884,1.38741215720564,4.26214836180827,14,2006,69,47,7,2,1,0.162162162162162,0.14682249817385,0.675675675675676,0.56172388604821,1,1,0.486486486486487,0.513513513513513,0.117326820010235
1170,3.97029191355212,7,52,TRUE,7,7.77662662520561,8.01583503186382,8.03391132985202,8.18080074098469,1.78629989830975,0,1.3187129536945,2.00572030390267,3.71473099204708,14,2005,68,32,11,1,1,0.134615384615385,0.100591715976331,1,1,1,1,0.211538461538462,0.788461538461538,0.161201384692555
1183,3.87120101090789,6,47,TRUE,6,7.62797580058322,8.0546814279288,8.51316743440133,8.40789827949519,2.44955860956813,0,1.42602164038771,1.77573414095997,4.7627601393731,26,2006,74,34,10,1,1,0.127659574468085,0.110004526935265,1,1,1,1,0,1,-0.0168039202275102
1184,1.79175946922805,2,5,FALSE,2,7.05772763195657,7.16956554386635,9.40662163027478,11.5129254649702,7.62445906667336,11.5129254649702,0.810947718252521,1.22877273896304,5.32450190112016,31,2011,83,32,3,1,1,0.4,0.36,1,1,1,1,1,0,NA
1186,2.94443897916644,3,18,TRUE,3,7.69433321376927,7.68656941610099,8.87993521609387,8.4658711759822,3.83764182165674,0,1.03366664723338,1.18953666155226,5.58458914728654,30,2007,84,27,6,1,1,0.166666666666667,0.166666666666667,1,1,1,1,0,1,0.230999358093131
1189,4.95582705760126,7,141,TRUE,7,7.85748345109314,7.72401791918759,8.18951169883376,7.94001762910856,2.83191023428037,2.56494935746154,2.27244437292094,2.1921521909719,3.37662563736961,34,1976,87,38,18,3,1,0.099290780141844,0.06513756853277,0.780141843971631,0.653940948644434,1,1,0.475177304964539,0.524822695035461,-0.198183974013436
1191,4.70048036579242,7,109,TRUE,7,8.03023199445697,7.89562220934551,8.16800346238048,8.09864284375942,3.2268633328913,3.58351893845611,2.10843678899187,1.94004192166072,3.38183054827318,26,1943,91,32,19,1,1,0.0642201834862385,0.060685127514519,1,1,1,1,0.541284403669725,0.458715596330275,-0.0627469335732044
1193,4.81218435537242,7,122,TRUE,7,8.30535201097373,8.3017336496579,8.50145404700571,8.47027005472544,2.80633273193375,0,2.03638726304626,2.28619047804399,3.4596928639392,4,1974,81,41,22,3,1,0.0737704918032787,0.0563020693361999,0.959016393442623,0.920854608976082,1,1,0.459016393442623,0.540983606557377,-0.107336916542243
1207,4.85203026391962,7,127,TRUE,7,7.91385722111351,8.23418816451542,7.99407100374191,8.27148700749288,2.81329556927203,2.56494935746154,2.31472583626008,2.65682285831937,3.01485480844653,3,1952,74,60,20,1,1,0.0551181102362205,0.054002108004216,1,1,1,1,0.559055118110236,0.440944881889764,0.0156228641791674
1210,4.85203026391962,7,127,TRUE,7,7.88676212096158,8.14119853213201,7.8021808234886,8.59157312658467,2.11061754281867,0,1.85058393778543,2.93400353546202,3.60113232752858,37,2005,72,28,15,2,1,0.110236220472441,0.0905821811643623,0.590551181102362,0.516399032798066,1,1,0.299212598425197,0.700787401574803,0.154003867076051
1214,3.25809653802148,3,25,TRUE,3,8.66586863303207,8.91610353055373,9.46409731076741,9.33864563212911,4.60517018598809,0,1.77176679177443,2.96671949889581,5.75646273248511,10,2010,49,49,10,1,1,0.12,0.1104,1,1,1,1,0,1,1.2582255439665
1246,4.59511985013459,6,98,TRUE,6,7.89974940161481,8.17286901368311,8.54209715486142,8.6430301098814,2.58879856614483,0,1.72033946308721,3.01679701141987,3.88776623715333,13,2005,59,37,17,3,1,0.112244897959184,0.070387338608913,0.826530612244898,0.698250728862974,1,1,0.36734693877551,0.63265306122449,-0.132987614840908
1247,4.31748811353631,5,74,TRUE,5,8.13095080364693,8.44428748059996,9.08707033522562,10.0582453997341,3.11160147701898,0,2.61027242254746,4.47339155578616,5.14778358690708,10,2008,70,32,10,5,1,0.175675675675676,0.118334550766983,0.621621621621622,0.451789627465303,1,1,0,1,0.230707467352338
1262,5.04342511691925,7,154,TRUE,7,8.98350484673964,9.10988386332632,9.34827109998386,9.58102388111826,3.35976872899989,0.80471895621705,2.43319070265282,3.52028685734411,3.96284932785228,16,1997,73,24,24,4,1,0.0909090909090909,0.0564176083656603,0.824675324675325,0.701214370045539,1,1,0.474025974025974,0.525974025974026,0.00462627915608302
1286,4.77068462446567,7,117,TRUE,7,7.63683012059936,7.13286489632131,7.67392462895051,7.39018142822643,1.82584885332433,0,2.01833306807114,3.48459902984815,2.36108749714385,12,1982,90,47,19,1,1,0.0598290598290598,0.0563225947841332,1,1,1,1,0.452991452991453,0.547008547008547,-0.177765409854194
1296,4.14313472639153,7,62,TRUE,7,7.24531454689151,7.38114367853301,7.54646517265271,7.65058539891045,2.27318559408578,1.28247467873077,1.6317965724219,2.7840150847041,2.7409754670279,20,1960,95,36,12,1,1,0.112903225806452,0.0993756503642039,1,1,1,1,0.5,0.5,0.00563921567518932
1297,4.72738781871234,7,112,TRUE,7,9.29379463568699,9.31496525400729,9.45800840989647,9.37021238608409,2.81633153767684,0,1.85984334932702,2.28025828392157,3.80235516059107,29,2005,68,32,20,1,1,0.0625,0.0577168367346939,1,1,1,1,0.446428571428571,0.553571428571429,0.0752328192128537
1299,0.693147180559945,1,1,FALSE,1,4.22624963310204,4.22624963310204,11.5129254649702,11.5129254649702,11.5129254649702,11.5129254649702,NA,0,NA,9,1987,80,62,1,1,1,1,1,1,1,1,1,0,1,NA
1315,5.4249500174814,7,226,TRUE,7,8.37963687199839,8.08948775774584,8.77194184332614,8.67978375708203,2.83073278617467,0,2.3269454322607,3.69667858626683,3.81933735188172,83,1990,82,25,23,4,1,0.0929203539823009,0.0577962252329861,0.584070796460177,0.405748296655964,1,1,0.380530973451327,0.619469026548673,-0.117621819459678
1342,3.63758615972639,5,37,TRUE,5,6.34568500198287,6.2841341610708,6.87387188496689,6.42842832227552,1.40868943054776,0,1.41632496361612,1.83166300931125,1.99582298798232,18,2002,77,52,10,1,1,0.135135135135135,0.111760409057706,1,1,1,1,0.351351351351351,0.648648648648649,-0.0957353982320038
1348,1.38629436111989,1,3,FALSE,1,8.27102659793448,8.90805620598018,8.26389067458033,8.99612435140567,4.82362980338312,5.28320372873799,1.88371702295832,1.80112042391336,1.39378058882454,8,2004,67,57,3,1,1,0.333333333333333,0.333333333333333,1,1,1,1,1,0,NA
1360,2.99573227355399,2,19,FALSE,2,8.7999531832447,9.25703309996817,10.2000539958092,11.5129254649702,6.05943445524749,11.5129254649702,1.3985479195469,2.11750934106351,5.90600614811468,26,2010,78,22,10,1,1,0.105263157894737,0.102493074792244,1,1,1,1,0,1,NA
1378,4.80402104473326,7,121,TRUE,7,8.44967815007234,8.83901433733317,8.62214319070281,8.85582594957192,2.45654174221292,0,2.19682088657752,3.70409558601999,3.00281806346711,43,1999,84,24,20,1,1,0.0578512396694215,0.0553923912301072,1,1,1,1,0.479338842975207,0.520661157024793,-0.0527373877782988
1395,1.94591014905531,6,6,TRUE,6,7.13278355699489,7.30248543850773,7.24008806709308,7.35202663692671,3.09599114547725,3.2188758248682,0.355409098580056,0.544374216269194,0.262285512718534,19,2003,80,41,1,1,1,1,1,1,1,1,1,1,0,-0.160384779444583
1407,1.38629436111989,2,3,FALSE,2,8.20210047487042,8.62079796666352,10.5488829655347,11.5129254649702,9.0170675402252,11.5129254649702,1.15246574882729,1.0939362915612,4.32295273413181,50,2007,82,33,2,1,1,0.666666666666667,0.555555555555556,1,1,1,1,1,0,NA
1411,2.39789527279837,5,10,TRUE,5,6.72340587360604,6.5562527943345,8.38468423729238,8.14577164201585,4.98985845631376,2.6020033435384,1.70761563095448,2.03333460452885,4.54665173051882,13,2008,69,33,3,1,1,0.4,0.36,1,1,1,1,1,0,-0.812826930266595
1414,5.5834963087817,7,265,TRUE,7,8.2293923531124,8.22684089040858,8.65139985426283,8.41825644355621,2.58069065795408,0,2.29166595011227,3.18007969519584,3.48666964717699,91,1992,85,34,22,5,1,0.0905660377358491,0.0615592737629049,0.490566037735849,0.34689925240299,1,1,0.415094339622642,0.584905660377358,0.0536069925723213
1447,4.02535169073515,5,55,TRUE,5,8.16233218668574,8.12740456269308,9.06916179032926,9.11286865773859,3.14356780280666,0,1.94368468946115,2.21434116390166,4.80775270697167,15,2008,69,30,13,1,1,0.0909090909090909,0.084297520661157,1,1,1,1,0.236363636363636,0.763636363636364,-0.0589544728034159
1448,4.82028156560504,7,123,TRUE,7,8.57353791616821,8.43706714693695,8.69374878477198,8.44142815478151,3.22032411645922,2.83321334405622,2.09014656443798,2.24337472895842,3.33447879795128,13,1962,85,28,22,1,1,0.0569105691056911,0.0532090686760526,1,1,1,1,0.560975609756098,0.439024390243902,0.0976165453463906
1456,5.59471137960184,7,268,TRUE,7,7.98040633030996,8.18380336230614,8.07074863607606,8.22515064741609,2.29494359160142,0,2.47331779371605,3.05855898733362,3.13892827921379,7,1976,69,61,21,3,1,0.0783582089552239,0.0583927378035197,0.462686567164179,0.388755847627534,1,1,0.399253731343284,0.600746268656716,-0.014313379785201
1469,4.21950770517611,6,67,TRUE,6,8.65369219581362,8.90951902271704,8.97316164825928,9.038133488966,1.11640117940348,0,1.29484872960613,1.92229775647104,1.98152739130964,8,1991,88,60,12,1,1,0.0895522388059701,0.0848741367787926,1,1,1,1,0.253731343283582,0.746268656716418,-0.362362324869991
1478,3.93182563272433,7,50,TRUE,7,7.09765052815148,7.24871896925397,7.68393789904076,7.44899469982679,2.4993368238215,0,1.99621723905219,3.85045715271325,3.32028629879254,2,1971,54,54,11,1,1,0.14,0.116,1,1,1,1,0.46,0.54,-0.0924130255522787
1485,3.68887945411394,5,39,TRUE,5,7.11463883220623,7.53602788194386,8.09987511654008,7.87207397986687,2.65682895345467,0,1.47471386340414,1.61539140481648,4.91409415389993,12,2008,68,37,9,1,1,0.128205128205128,0.120315581854043,1,1,1,1,0.0256410256410256,0.974358974358974,0.0258110373563635
1486,4.45434729625351,7,85,TRUE,7,7.77017551776167,7.4822315298244,8.04747622982214,7.54697411751653,3.3352330616532,3.25809653802148,2.21904138279811,2.55674410285376,3.26609832573122,16,1953,87,43,15,1,1,0.0823529411764706,0.078477508650519,1,1,1,1,0.611764705882353,0.388235294117647,-0.0525664972447915
1489,4.39444915467244,7,80,TRUE,7,7.98288834628373,8.00458088588412,8.59540035185799,8.80383917351239,3.45976542787868,0.972955074527657,1.77246345716154,2.91457572114985,4.30395697648083,18,2005,79,31,14,1,1,0.0875,0.0809375,1,1,1,1,0.4,0.6,0.107110679179106
1490,3.04452243772342,7,20,TRUE,7,7.23170872644996,7.39595639559671,7.50088167676295,7.31772527598064,3.98417378259562,3.2188758248682,0.826357952988271,1.43902917490233,2.74590909508413,8,2004,68,32,4,1,1,0.35,0.31,1,1,1,1,1,0,0.0917079013301937
1500,4.35670882668959,5,77,TRUE,5,7.95398206022096,7.84939791825919,9.0319105548942,10.2528055000213,3.28940727570578,0,2.31887916119207,4.06185271051226,5.23511491780848,26,2008,69,31,10,3,1,0.12987012987013,0.111823241693372,0.61038961038961,0.475796930342385,1,1,0,1,0.385212557763266
1502,2.39789527279837,2,10,FALSE,2,5.7517605968948,6.02020282420806,6.90089749791913,6.74121994272928,1.01420712883382,0,1.90106530133557,2.13833022813482,1.70314673614928,6,2003,89,54,7,1,1,0.2,0.16,1,1,1,1,0.3,0.7,NA
1504,4.52178857704904,7,91,TRUE,7,7.76201439212072,8.14160042862286,7.95519365535456,8.1833498960986,2.13751416962331,0,1.83095075340944,3.09540026313457,2.90312443289457,13,2000,69,42,17,1,1,0.0769230769230769,0.0701606086221471,1,1,1,1,0.450549450549451,0.549450549450549,0.0691547135328083
1512,5.4249500174814,7,226,TRUE,7,7.6731562018947,7.83492675674705,7.81038552258419,7.97930773577201,2.37468433249973,0,2.34905027001835,2.98243962636295,3.06581053602238,15,1995,84,27,21,3,1,0.0929203539823009,0.0623776333307229,0.526548672566372,0.389341373639283,1,1,0.469026548672566,0.530973451327434,0.010904562415593
1525,4.87519732320115,7,130,TRUE,7,7.65065440630919,7.40913644392013,7.85539872945053,7.46808029371781,2.82120362038469,2.56494935746154,2.24548069532703,2.23872579249562,3.26277144599638,16,1970,86,35,20,2,1,0.107692307692308,0.0640236686390533,0.892307692307692,0.807810650887574,1,1,0.515384615384615,0.484615384615385,-0.0622551978381358
1536,4.96284463025991,7,142,TRUE,7,7.99786178184257,8.04779314778826,8.31360432959247,8.21581092067207,2.57743365966017,0,2.17134227788444,2.48654780505529,3.27216970903142,22,1985,73,42,19,3,1,0.0985915492957746,0.0645705217218806,0.78169014084507,0.650366990676453,1,1,0.464788732394366,0.535211267605634,0.0254173270779214
1541,4.58496747867057,7,97,TRUE,7,7.30150183851782,7.62070508683826,7.59658036707355,7.91315518592807,1.44181977937975,0,1.80275559895172,2.83616376456853,2.0318263138355,2,2000,68,68,12,2,1,0.123711340206186,0.100860877882878,0.639175257731959,0.538739504729514,1,1,0.360824742268041,0.639175257731959,-0.331069087787198
1542,1.6094379124341,4,4,TRUE,4,5.511021943204,6.71754070906366,7.9331159864338,6.76248821112193,4.71001218930738,2.56494935746154,2.45792247725664,1.27444491846049,4.53858714154521,16,2005,87,37,1,1,1,1,1,1,1,1,1,1,0,-1.48378052067821
1544,1.38629436111989,3,3,TRUE,3,7.42286052552206,7.76578110272432,9.05092161759411,7.87405828508777,5.89208008966829,3.2188758248682,0.68985428653339,0.622658048166844,4.86972852891818,2,2007,65,55,1,1,1,1,1,1,1,1,1,1,0,-0.622658048166936
1566,4.00733318523247,7,54,TRUE,7,7.62999523585393,8.09996903845117,8.54476849636899,8.38238793580937,6.10394192268725,5.04934210089969,2.39779032712583,4.78455262573668,3.41476520238348,16,2006,72,52,14,1,1,0.12962962962963,0.111796982167353,1,1,1,1,0.888888888888889,0.111111111111111,0.050636637706296
1569,4.89783979995091,7,133,TRUE,7,7.82678611148168,7.67229245562876,7.88546743375898,7.81907768916055,2.78368892192562,2.56494935746154,2.29081574795834,2.64884335029416,3.07806724962727,16,1971,72,36,21,2,1,0.0526315789473684,0.0513878681666572,0.992481203007519,0.985075470631466,1,1,0.518796992481203,0.481203007518797,-0.0462269638626136
1580,3.8286413964891,4,45,TRUE,4,7.72212222611135,8.00836557031292,8.77383039696558,9.11111985676594,3.48546083850556,0,1.62339121563357,2.93067657035478,4.99856725063536,22,2008,76,30,12,1,1,0.0888888888888889,0.0844444444444444,1,1,1,1,0.222222222222222,0.777777777777778,-0.0610932722682127
1582,3.29583686600433,7,26,TRUE,7,7.26008612805382,7.28347052949858,7.53757656976661,7.96265163266713,2.26861989948684,3.19846482760807,1.1813436163037,1.64304415987868,1.87204450621502,25,1996,74,38,8,1,1,0.269230769230769,0.180473372781065,1,1,1,1,0.615384615384615,0.384615384615385,-0.10416694069364
1588,4.85203026391962,7,127,TRUE,7,8.38462972836413,8.20101013037406,8.53317204934336,8.24871487416208,2.59301692324525,2.56494935746154,2.11501931641621,3.10606947033291,2.94254535517653,12,1982,74,49,21,1,1,0.0551181102362205,0.0533821067642135,1,1,1,1,0.519685039370079,0.480314960629921,-0.0719903508887861
1603,4.91998092582813,7,136,TRUE,7,9.25706066957341,9.17587689434948,9.43801724443268,9.26386384424065,3.46105188297506,3.43346664223094,1.95108312471669,2.16562064442463,3.36704707230082,6,1983,60,43,23,1,1,0.0514705882352941,0.049848615916955,1,1,1,1,0.588235294117647,0.411764705882353,-0.0829431349163814
1604,4.80402104473326,7,121,TRUE,7,7.98629091793913,7.86441990499457,8.22616954874329,8.16479480424477,2.36885145472335,0,1.86957928588023,2.38214141117742,3.03343726158599,9,1970,81,50,22,1,1,0.0578512396694215,0.0525237347175739,1,1,1,1,0.487603305785124,0.512396694214876,0.050889935304333
1606,1.09861228866811,1,2,FALSE,1,4.55610466363545,4.55610466363545,6.75135310698263,6.75135310698263,1.94591014905531,1.94591014905531,2.02512437076357,1.43197917531306,2.75193252395347,22,1941,79,48,2,2,1,0.5,0.5,0.5,0.5,1,1,0.5,0.5,NA
1609,3.71357206670431,6,40,TRUE,6,7.0634243729836,6.20435366010642,8.02239660232087,6.87161283687232,4.45393494966176,3.67557911321535,2.33030805756433,3.21817526419203,4.18776725513425,31,2006,67,31,8,1,1,0.15,0.13,1,1,1,1,0.625,0.375,-0.164794116540579
1613,4.77912349311153,7,118,TRUE,7,8.24102377075796,8.31421735632209,8.46074432906307,8.41603029037836,3.05767571551652,2.56494935746154,2.03235200733249,2.57661345234922,3.26444972542859,13,1994,74,47,21,1,1,0.0593220338983051,0.0563056592933065,1,1,1,1,0.559322033898305,0.440677966101695,-0.0483380471093833
1617,1.09861228866811,1,2,FALSE,1,5.56459412364814,5.56459412364814,11.5129254649702,11.5129254649702,11.5129254649702,11.5129254649702,0.709575938817903,0.50174595810495,0,9,2011,68,39,2,1,1,0.5,0.5,1,1,1,1,1,0,NA
1620,3.66356164612965,5,38,TRUE,5,7.33605932221971,6.76204675960075,8.63945492286424,8.13997225578379,6.05221505709027,4.11087386417331,2.41062075898105,3.54595757281229,3.60594897936359,36,2008,68,29,8,2,1,0.210526315789474,0.150969529085873,0.868421052631579,0.771468144044321,1,1,1,0,0.173844015233702
1625,3.46573590279973,3,31,TRUE,3,7.32436307231233,7.81837395511884,8.25977729623858,8.75378037085025,1.60718328548232,0,1.85510099756222,2.72421752088664,2.86658267690037,4,2002,68,68,12,1,1,0.0967741935483871,0.0863683662851197,1,1,1,1,0.258064516129032,0.741935483870968,-1.40839692979131
1640,0.693147180559945,1,1,FALSE,1,2.43361335540045,2.43361335540045,5.33271879326537,5.33271879326537,1.6094379124341,1.6094379124341,NA,0,NA,10,2005,75,65,1,1,1,1,1,1,1,1,1,1,0,NA
1644,4.85981240436167,7,128,TRUE,7,8.785436425469,8.66010580263992,8.98020810196767,8.95263916789267,3.42686863137245,2.69908135075888,2.09786371492222,2.46137828982057,3.54397057583018,8,1978,77,50,22,1,1,0.0546875,0.052490234375,1,1,1,1,0.5703125,0.4296875,-0.134904108307718
1653,1.94591014905531,6,6,TRUE,6,6.34960511771864,6.59453588071788,6.51636911392925,6.72743172485086,3.45710348290547,3.61091791264422,0.493247228542149,0.816885905014232,0.311110571729732,99999,99999,99999,99999,1,1,1,1,1,1,1,1,1,1,0,-0.23629895732504
1660,5.02388052084628,7,151,TRUE,7,8.43635596838876,8.43686127525929,8.84754468496059,9.2130746304821,2.93391819128366,0,2.63495838082705,3.71696156158392,3.54218035192299,20,1954,85,25,23,4,1,0.0596026490066225,0.0497785184860313,0.874172185430464,0.770887241787641,1,1,0.456953642384106,0.543046357615894,-0.117664421485236
1662,4.87519732320115,7,130,TRUE,7,8.76484551782666,8.38947969890716,8.9820345730764,8.57916982368934,3.56829861006492,4.01601765719941,1.97927645992141,2.42623851745633,3.48435732113752,14,1966,66,40,23,1,1,0.0538461538461538,0.0510059171597633,1,1,1,1,0.592307692307692,0.407692307692308,-0.115504648901945
1668,4.59511985013459,7,98,TRUE,7,8.67915276209114,8.75120366267662,8.85197266986429,8.85847903554127,1.68694963901464,0,1.87134172925038,2.79465770965824,3.21726928340917,18,2000,75,26,18,2,1,0.0816326530612245,0.0670553935860058,0.989795918367347,0.979800083298626,1,1,0.295918367346939,0.704081632653061,0.0315693113167994
1673,4.9416424226093,7,139,TRUE,7,8.61735189196288,8.83975918286288,8.80427293171731,8.91770471743673,3.30285308884471,3.2188758248682,2.3550434373199,2.87917323508373,3.32129977081225,13,1971,69,35,23,1,1,0.0503597122302158,0.0488069975674137,1,1,1,1,0.575539568345324,0.424460431654676,-0.0720488488279368
1676,3.2188758248682,2,24,FALSE,2,6.63294489965608,6.3533150794112,7.11463302988268,7.12688387334967,3.42355848346233,3.80567385870181,1.86173641173259,2.36460855010641,2.10674968651692,26,1997,81,40,10,2,1,0.166666666666667,0.125,0.666666666666667,0.555555555555556,1,1,0.791666666666667,0.208333333333333,NA
1678,2.94443897916644,3,18,TRUE,3,7.71164311519188,7.81540674598015,8.83204779767279,8.5555629763895,4.47724879193287,0,1.65314505894596,2.31456364083727,5.77524406373069,10,2010,66,64,7,1,1,0.166666666666667,0.154320987654321,1,1,1,1,0,1,0.694081091878889
1684,3.09104245335832,7,21,TRUE,7,8.77099391759459,9.56724179026766,8.76428426619844,9.56724179026766,4.71477276611588,5.66642668811243,1.81422238747734,4.00460934241975,1.5624045923096,3,2003,80,60,3,1,1,0.333333333333333,0.333333333333333,1,1,1,1,1,0,0.0182554255428791
1700,4.99043258677874,7,146,TRUE,7,8.00014733993005,7.86074796446394,8.62673821389905,8.36987467637117,2.89264552149655,0,1.84550881465387,2.51367948056035,4.44098225608671,38,2006,78,32,16,3,1,0.102739726027397,0.0762807280915744,0.650684931506849,0.50150121974104,1,1,0.273972602739726,0.726027397260274,0.120360721371778
1703,3.66356164612965,4,38,TRUE,4,6.52857801071793,6.27617245941276,6.74743708090549,6.31965427529185,1.92586111666382,0,1.66228332517923,1.34636101048918,2.22891591343335,2,1976,67,54,10,1,1,0.105263157894737,0.102493074792244,1,1,1,1,0.473684210526316,0.526315789473684,-0.000496979321692593
1712,2.19722457733622,1,8,FALSE,1,6.737751195737,7.21765825902449,6.71350769544447,6.64455463036609,2.49998320165193,0.972955074527657,1.89676457299025,2.48419997275369,3.92481797581594,8,2004,66,40,8,1,1,0.125,0.125,1,1,1,1,0.375,0.625,NA
1717,5.06259503302697,7,157,TRUE,7,8.86012116967192,9.23410670204079,9.06914644020331,9.38866980416726,3.07894276470225,0,2.7386595259595,3.16738813748585,3.64065476242756,16,1956,85,40,23,3,1,0.101910828025478,0.0560266136557264,0.872611464968153,0.770862915331251,1,1,0.471337579617834,0.528662420382166,0.058663512083491
1722,4.77912349311153,7,118,TRUE,7,8.92540583923936,8.62945704105069,8.98160207926705,8.73199010539108,1.17192427943965,0,2.38443208652335,4.36978823984066,2.3649543241648,29,1990,81,23,16,4,1,0.144067796610169,0.0745475438092502,0.822033898305085,0.687302499281816,1,1,0.271186440677966,0.728813559322034,-0.0363152620571244
1724,4.44265125649032,7,84,TRUE,7,6.64905850476176,6.3469188175272,6.81391319945551,6.5012960620262,2.57759710879383,2.56494935746154,2.19262444524988,2.12774515672428,2.41938428724324,17,1981,73,41,16,1,1,0.0833333333333333,0.0736961451247165,1,1,1,1,0.619047619047619,0.380952380952381,-0.0135731462696813
1728,4.65396035015752,7,104,TRUE,7,8.08055116895074,8.47064407852655,8.61038571767764,9.16854495527838,2.43940824160466,0,2.25418327865731,3.07885330626363,3.69619029973285,43,1988,76,31,16,3,1,0.0865384615384615,0.0706360946745562,0.903846153846154,0.821560650887574,1,1,0.298076923076923,0.701923076923077,0.0605893863346354
1729,4.35670882668959,4,77,TRUE,4,6.21796921422128,6.17974746628619,6.66243572930422,6.66606581038083,1.48511689941709,0,2.06130746748689,2.49211010256188,2.34090488137982,7,1972,85,39,16,3,1,0.116883116883117,0.0750548153145556,0.584415584415584,0.436329903862371,1,1,0.337662337662338,0.662337662337662,0.150682854834819
1732,0.693147180559945,1,1,FALSE,1,10.1084671332227,10.1084671332227,11.5129254649702,11.5129254649702,11.5129254649702,11.5129254649702,NA,0,NA,99999,99999,99999,99999,1,1,1,1,1,1,1,1,1,0,1,NA
1744,4.97673374242057,7,144,TRUE,7,8.13812227647215,8.00401819674141,8.12576496429734,8.01452852656308,2.07856848234381,0.693147180559945,2.23500567864644,3.70332678319336,2.57753716743199,80,1994,71,27,17,3,1,0.131944444444444,0.0733989197530864,0.729166666666667,0.588638117283951,1,1,0.5,0.5,0.135443790371409
1745,3.8286413964891,6,45,TRUE,6,7.21622357399565,7.33092277120331,8.52802406614902,7.93200315236138,5.43184946737598,4.78749174278205,2.45184037280197,2.57501046248782,4.42423953535694,13,2006,73,41,12,1,1,0.133333333333333,0.094320987654321,1,1,1,1,0.6,0.4,-0.116538853830197
1761,4.77068462446567,7,117,TRUE,7,8.03870466817671,8.0099943163726,8.18578236873728,8.10057107471206,3.14079001146519,2.56494935746154,2.15266864289336,2.2844243486369,3.42843597683169,7,1969,91,25,22,1,1,0.0598290598290598,0.0555920812331069,1,1,1,1,0.564102564102564,0.435897435897436,0.0555942599364508
1763,2.70805020110221,7,14,TRUE,7,6.61841806011785,6.62140565176413,6.766102346837,6.62538445260079,3.13269512882485,3.2188758248682,0.733176342236195,0.277078324014232,0.569272059789802,99999,99999,99999,99999,3,1,1,0.5,0.377551020408163,1,1,1,1,1,0,-0.174964874231134
1771,5.12989871492307,7,168,TRUE,7,7.40443783974806,7.38180499317654,7.71815057202363,7.51757518366218,2.42209060357927,2.56494935746154,2.06993638668699,2.98579832840506,2.95110620672538,22,1972,72,20,21,2,1,0.0833333333333333,0.0566893424036281,0.773809523809524,0.649943310657596,1,1,0.505952380952381,0.494047619047619,-0.0067217024524038
1779,5.06890420222023,7,158,TRUE,7,7.8702332543613,7.72728159670321,7.92206799874687,7.89065709646655,2.93422711034429,3.2188758248682,1.77604548920191,1.98399634973368,3.03610706826424,18,1977,98,39,20,2,1,0.0886075949367089,0.061368370453453,0.772151898734177,0.648133311969236,1,1,0.575949367088608,0.424050632911392,-0.00976995866596016
1786,5.75890177387728,7,316,TRUE,7,8.61018808795315,8.27682712322748,8.7072788699045,8.38392801910588,2.33030764878739,0,2.38311730296963,3.89298185255306,3.12508766457451,46,1963,96,34,23,3,1,0.0664556962025316,0.0542581317096619,0.430379746835443,0.349082679057843,1,1,0.430379746835443,0.569620253164557,-0.0278640137038837
1794,4.9416424226093,7,139,TRUE,7,8.61557433383297,8.48032171664033,8.86202393784023,8.70280931515962,2.80623430666974,2.484906649788,2.16131368788395,3.27444256501715,3.34453998812324,21,1995,74,29,22,2,1,0.100719424460432,0.0586408570984939,0.848920863309353,0.743491537705088,1,1,0.532374100719424,0.467625899280576,0.0333909822306088
1815,4.82028156560504,7,123,TRUE,7,8.90417820369957,9.01606606482463,9.01801635137811,9.02809281244436,2.48597769660243,0,1.94100760020574,2.76868564497859,2.92374242932501,13,1978,74,61,20,1,1,0.0569105691056911,0.0554564082226188,1,1,1,1,0.48780487804878,0.51219512195122,-0.038899481995373
1821,1.94591014905531,2,6,FALSE,2,7.0078035008168,6.84068177777403,9.90007468007069,11.5129254649702,8.41375310978737,11.5129254649702,0.909980818830601,1.34816412002845,4.80868772697218,12,2011,64,25,4,1,1,0.333333333333333,0.277777777777778,1,1,1,1,1,0,NA
1826,3.66356164612965,5,38,TRUE,5,6.6579319827435,6.48981343369305,7.83639770816368,7.89014463636292,2.94446286638834,2.56494935746154,1.90289897668068,2.36220748282042,3.61385555954171,34,2004,83,34,13,2,1,0.157894736842105,0.0983379501385041,0.763157894736842,0.638504155124654,1,1,0.552631578947368,0.447368421052632,-0.493519364445338
1829,4.18965474202643,7,65,TRUE,7,7.01018254913533,7.00033446027523,8.03953013634627,7.81619124277691,5.76642585638141,3.55534806148941,1.708909492364,1.75317850237386,4.78833163125233,5,1984,55,55,17,2,1,0.153846153846154,0.0821301775147929,0.507692307692308,0.500118343195266,1,1,0.538461538461538,0.461538461538462,0.0632244408341552
1832,4.0943445622221,3,59,TRUE,3,7.42037195108282,7.3934107761661,7.71258608807694,7.49790027195238,1.7772785488037,0,2.4538733193654,2.60717504643138,2.44689037504227,43,1988,82,35,15,2,1,0.101694915254237,0.0761275495547257,0.694915254237288,0.575983912668773,1,1,0.406779661016949,0.593220338983051,-0.532716497019437
1836,4.35670882668959,7,77,TRUE,7,8.45594438621357,8.31758060262839,8.58645780544919,8.31758060262839,1.91512608436051,0,1.82824174048666,2.65165532651355,3.75095901115895,15,2005,72,45,14,1,1,0.0909090909090909,0.0807893405296003,1,1,1,1,0.220779220779221,0.779220779220779,0.572052134769718
1839,4.86753445045558,7,129,TRUE,7,8.1965727702223,8.08671792030391,8.33539576849942,8.15056891662384,3.1149735270073,3.2188758248682,2.02531421218474,2.16094945855443,3.18564775057682,7,1955,85,48,21,1,1,0.0542635658914729,0.0531819001261943,1,1,1,1,0.565891472868217,0.434108527131783,-0.0425906445154004
1845,4.85203026391962,7,127,TRUE,7,7.92586785574972,7.4890319106373,8.18534757627451,7.7756369740486,2.82607423556767,2.56494935746154,1.84265875525324,1.62842281500905,3.3133205657708,5,1966,90,45,23,1,1,0.0551181102362205,0.0510261020522041,1,1,1,1,0.511811023622047,0.488188976377953,-0.10046510165748
1847,4.60517018598809,7,99,TRUE,7,7.2381196207779,6.97428244645119,7.44876166112139,7.11639414409346,1.58232992435493,0,1.98359885545185,2.73422552009402,2.05743036351616,26,1963,86,37,15,1,1,0.0707070707070707,0.0700948882767064,1,1,1,1,0.424242424242424,0.575757575757576,-0.218970239780524
1850,4.969813299576,7,143,TRUE,7,9.42912735561584,9.64528660940652,9.53400619578339,9.70056994576945,3.41010504848333,3.61091791264422,2.23460589976595,3.06836134247693,3.53770373947123,29,1972,85,35,23,1,1,0.048951048951049,0.0480708103085725,1,1,1,1,0.559440559440559,0.440559440559441,-0.0474413703856899
1865,4.29045944114839,5,72,TRUE,5,7.01572877658875,6.68013540612584,7.95485901007208,7.00754942482847,4.35867326025459,3.2188758248682,2.11375682691406,1.90699586880295,4.34905216551562,24,2008,82,26,15,2,1,0.125,0.0729166666666667,0.944444444444444,0.895061728395062,1,1,0.569444444444444,0.430555555555556,0.00778507340889191
1876,4.60517018598809,7,99,TRUE,7,8.25964960557809,8.36194190614495,8.71569241071122,8.74973246437081,2.56693616591328,0,2.04709257869603,2.87191773425217,3.38550215534908,10,1998,82,45,18,1,1,0.0707070707070707,0.064993368023671,1,1,1,1,0.454545454545455,0.545454545454545,-0.116206570272642
1882,3.55534806148941,3,34,TRUE,3,7.01372278168137,6.93549912179071,9.22821907258438,11.5129254649702,7.32176519618413,11.5129254649702,1.68543869727627,2.44183387550157,4.95928697931394,20,2010,64,28,18,2,1,0.147058823529412,0.0743944636678201,0.941176470588235,0.889273356401384,1,1,0.588235294117647,0.411764705882353,0.0934993512282265
1886,0.693147180559945,1,1,FALSE,1,4.61512051684126,4.61512051684126,11.5129254649702,11.5129254649702,11.5129254649702,11.5129254649702,NA,0,NA,8,1978,99,74,1,1,1,1,1,1,1,1,1,0,1,NA
1901,5.04985600724954,7,155,TRUE,7,8.0115083706707,7.98221830741724,7.92016066625594,7.88795933659994,2.8421683595375,2.56494935746154,2.44495743842435,3.77201079857952,3.42239912624015,66,1988,91,35,20,3,1,0.0774193548387097,0.054318418314256,0.851612903225806,0.739771071800208,1,1,0.451612903225806,0.548387096774194,0.1732475503183
1906,1.94591014905531,6,6,TRUE,6,6.92087416589945,6.91421655053929,6.88687797006851,6.87452124823022,2.56494935746154,2.56494935746154,0.0869135152337955,0.134192480368847,0,99999,99999,99999,99999,1,1,1,1,1,1,1,1,1,1,0,0.0455823501899704
1917,0.693147180559945,1,1,FALSE,1,7.30773872352106,7.30773872352106,11.5129254649702,11.5129254649702,11.5129254649702,11.5129254649702,NA,0,NA,7,2012,68,39,1,1,1,1,1,1,1,1,1,1,0,NA
1926,3.93182563272433,7,50,TRUE,7,6.73414136078656,6.96833134480775,6.4996785484472,7.54838436641294,4.87509489682293,3.17718502039868,1.37482311151433,2.01245574308575,5.19275208758787,99999,99999,99999,99999,14,2,1,0.14,0.0896,0.88,0.7888,1,1,0.3,0.7,0.0521872557150579
1938,5.0998664278242,7,163,TRUE,7,8.25419551267619,8.06768841763183,8.42466723691778,8.22371032685477,2.45704714961399,0,2.34313130532663,3.82098789198564,3.17470389311173,73,1989,79,26,19,3,1,0.098159509202454,0.0656780458428996,0.723926380368098,0.587940833301969,1,1,0.47239263803681,0.52760736196319,0.00561237959311811
1939,5.01063529409626,7,149,TRUE,7,8.42623658092966,8.10860822159679,8.52650752113619,8.13056259507278,2.239828478083,2.56494935746154,2.06213922433428,3.34435072937253,2.46612061152472,12,2001,68,39,19,2,1,0.0939597315436242,0.0613936309175262,0.825503355704698,0.711904869150038,1,1,0.530201342281879,0.469798657718121,0.00809837333517095
1951,5.03695260241363,7,153,TRUE,7,9.53289143005544,10.162669836793,9.74906446524021,10.275844931739,3.26356260720064,2.56494935746154,2.51892327811245,3.55023799011437,3.59712668348763,35,1973,85,43,22,3,1,0.0915032679738562,0.0533555470118331,0.888888888888889,0.796488530052544,1,1,0.522875816993464,0.477124183006536,-0.144802845337735
1952,4.79579054559674,7,120,TRUE,7,8.14988017226871,7.8867750948371,8.21795476320482,7.9105302003364,2.76139706666201,0.346573590279973,2.12170760058673,2.75321171923236,3.16396931588796,17,1981,84,42,20,1,1,0.0583333333333333,0.0551388888888889,1,1,1,1,0.5,0.5,0.0101947432967776
1953,4.87519732320115,7,130,TRUE,7,7.93020913974609,8.16007229110852,8.55365916320882,8.46378014442516,2.11810583951024,0,2.17030654086898,2.74051812163358,4.07272547576431,19,2001,55,25,14,4,1,0.130769230769231,0.0952662721893491,0.638461538461538,0.469467455621302,1,1,0.153846153846154,0.846153846153846,-0.101408088611883
1955,4.84418708645859,7,126,TRUE,7,8.6403562997289,8.64693282497176,9.031235811656,8.81074481890939,3.16086624313642,1.28247467873077,2.16120761152053,2.29596225773354,3.63077415452445,4,1971,69,36,20,2,1,0.0634920634920635,0.0564373897707231,0.968253968253968,0.938523557571177,1,1,0.468253968253968,0.531746031746032,0.0455019689855071
1958,4.0943445622221,6,59,TRUE,6,7.07696985534681,6.91651678465071,7.54353013668708,7.2762105614564,1.32025186401035,0,1.54299096742596,2.61096877834167,2.79155573571944,16,2004,72,45,12,1,1,0.101694915254237,0.0927894283251939,1,1,1,1,0.254237288135593,0.745762711864407,-0.233709892069241
1968,4.18965474202643,7,65,TRUE,7,8.28683269952775,8.33790861831527,8.41769588769967,8.33790861831527,1.08943090059505,0,1.28591642120835,1.99041642785414,2.62859491351462,15,2004,62,44,11,1,1,0.107692307692308,0.100591715976331,1,1,1,1,0.184615384615385,0.815384615384615,0.122199467995902
1981,5.3890717298165,7,218,TRUE,7,7.73403089291574,7.61873843113329,7.93466039262698,7.79501005744553,2.72031678378264,2.56494935746154,2.15263824471798,2.70353536631352,3.04424225969814,50,1993,88,30,20,3,1,0.0963302752293578,0.0619476475044188,0.587155963302752,0.446805824425553,1,1,0.568807339449541,0.431192660550459,-0.102572808026307
1992,4.27666611901606,7,71,TRUE,7,6.19035356911792,5.94017125272043,6.29322311932935,5.94017125272043,2.29669077120552,2.56494935746154,1.79163247961694,2.02798745379898,1.75593240829657,8,1949,92,53,11,2,1,0.0985915492957746,0.0930370958143226,0.929577464788732,0.869073596508629,1,1,0.704225352112676,0.295774647887324,-0.058934524151467
1996,2.19722457733622,1,8,FALSE,1,7.48556455210106,7.31124475577354,11.5129254649702,11.5129254649702,11.5129254649702,11.5129254649702,1.33410346655244,1.79502940507246,0,9,2012,66,30,8,1,1,0.125,0.125,1,1,1,1,0.125,0.875,NA
2006,4.54329478227,7,93,TRUE,7,8.29425653121241,8.32069157104845,8.40116729080569,8.55229775251915,3.4182288645211,2.56494935746154,2.37339592355385,2.62853894259849,3.69430491879745,14,1997,71,43,17,1,1,0.0752688172043011,0.0706440050872933,1,1,1,1,0.548387096774194,0.451612903225806,-0.0607961887476922
2017,3.40119738166216,7,29,TRUE,7,6.14883477362371,5.91889385427315,8.55303622385884,9.32047467495797,6.97915853380338,4.96284463025991,2.05785078986705,3.38799698039584,4.30180758208475,99999,99999,99999,99999,12,1,1,0.241379310344828,0.13436385255648,1,1,1,1,0.551724137931034,0.448275862068966,0.0973121292580128
2025,4.90527477843843,7,134,TRUE,7,9.33921973397959,9.3684916948247,9.56417156676174,9.47142728974632,3.035015164339,2.56494935746154,2.3425585773128,3.76145288703595,3.36364803123392,46,1978,93,36,21,2,1,0.0597014925373134,0.0522388059701493,0.977611940298508,0.95622633103141,1,1,0.507462686567164,0.492537313432836,-0.0521703787203175
2049,4.86753445045558,7,129,TRUE,7,8.86818339566016,8.45904487602067,9.05943336424278,8.57177417542468,3.06811212425084,3.2188758248682,1.93285769533985,2.43710268485132,3.42123266507587,26,1966,99,33,21,1,1,0.0542635658914729,0.0531819001261943,1,1,1,1,0.511627906976744,0.488372093023256,-0.128822410147003
2053,2.70805020110221,2,14,FALSE,2,7.51800954047405,7.35788475159331,7.93217659688973,7.8854114149628,2.4672307608682,1.6094379124341,2.02042013207703,2.43013478540957,2.68667177741596,8,1959,93,60,10,1,1,0.142857142857143,0.112244897959184,1,1,1,1,0.5,0.5,NA
2056,4.74493212836325,7,114,TRUE,7,8.55583399355929,9.61402180025734,8.67299260902512,9.64719278607891,1.57793233344607,0,2.33475409326436,3.65508037252419,2.22435315419302,69,1980,77,24,17,1,1,0.0614035087719298,0.0606340412434595,1,1,1,1,0.385964912280702,0.614035087719298,-0.0905477970199506
2089,2.39789527279837,1,10,FALSE,1,5.41343536829372,5.38786617428577,6.15895859471537,6.03386883277986,1.5361089398383,0,1.8716158989757,1.70962988870242,2.18191825389695,10,2004,75,51,10,1,1,0.1,0.1,1,1,1,1,0.4,0.6,NA
2090,4.4188406077966,6,82,TRUE,6,8.4409980124526,7.85616657986559,9.02286735493688,9.14044716019672,3.73794592017113,1.54552122667916,2.02866345196838,3.24771213742293,4.57556538604832,10,2007,57,28,17,1,1,0.0731707317073171,0.0621653777513385,1,1,1,1,0.390243902439024,0.609756097560976,0.113043776605978
2093,1.09861228866811,1,2,FALSE,1,6.38176711455918,6.38176711455918,11.5129254649702,11.5129254649702,11.5129254649702,11.5129254649702,2.33964563749585,1.65437929584684,0,15,2012,68,32,2,1,1,0.5,0.5,1,1,1,1,1,0,NA
2105,5.22035582507832,7,184,TRUE,7,9.10106285431074,8.77795285776339,9.20696114008212,8.94771962557828,2.8096993768082,2.56494935746154,2.43777337062692,4.5297956284099,3.29376757210769,22,1991,77,40,24,4,1,0.0760869565217391,0.0536389413988658,0.766304347826087,0.634629017013232,1,1,0.521739130434783,0.478260869565217,-0.141322277787185
2109,4.79579054559674,7,120,TRUE,7,8.70541844480626,8.317775524561,8.86643622410468,8.37707532935981,3.52778037695521,4.01487926022041,1.94458664901232,1.74843215170708,3.4135681947921,4,1955,85,54,23,1,1,0.0583333333333333,0.0534722222222222,1,1,1,1,0.583333333333333,0.416666666666667,-0.0274284590229199
2114,4.11087386417331,3,60,TRUE,3,7.48977342703581,7.78777485778581,9.26786736247288,9.92670220331058,5.70946320653176,3.70879020120727,2.22349627658384,3.99091858127539,5.27644030853159,16,2009,66,34,16,3,1,0.1,0.0766666666666667,0.666666666666667,0.52,1,1,0.4,0.6,0.251090866073684
2131,3.61091791264422,7,36,TRUE,7,7.99411897157384,6.7468117197556,7.85527561191223,6.7468117197556,4.58341304694178,3.89182029811063,2.8874126616146,5.99713511262838,2.14123527873314,8,2005,58,32,6,1,1,0.194444444444444,0.189814814814815,1,1,1,1,1,0,0.00470020532128329
2144,3.68887945411394,4,39,TRUE,4,8.85696735625365,8.63941082414049,9.86183641855606,10.6922984867494,3.83764182165674,0,1.92335149291267,2.61554945882539,5.49819250348324,27,2009,69,31,13,1,1,0.102564102564103,0.0927021696252465,1,1,1,1,0.102564102564103,0.897435897435897,-0.332593797841572
2147,4.98360662170834,7,145,TRUE,7,9.34193389162725,9.00414980333963,9.91469313238337,9.87238587066771,3.65802836514638,3.80666248977032,2.1111870349829,3.16581040996264,4.01266955486704,23,1985,67,35,22,5,1,0.096551724137931,0.0540784780023781,0.868965517241379,0.760570749108204,1,1,0.441379310344828,0.558620689655172,-0.000738455312081196
2150,3.43398720448515,6,30,TRUE,6,5.56642226734318,5.9334644217269,6.5413529271436,6.06842290905312,1.91882091082837,0,1.01568242736037,1.87405304222353,4.36396313543183,7,2006,65,55,5,1,1,0.2,0.2,1,1,1,1,0,1,0.0373122149559803
2189,4.99721227376411,7,147,TRUE,7,8.19673851895516,8.07614546425767,8.25842067150586,8.26333266743997,2.12923393617711,0,2.25481599823891,3.54585059836691,3.16186206110047,13,1987,82,42,20,2,1,0.0952380952380952,0.0625202461937156,0.80952380952381,0.691609977324263,1,1,0.380952380952381,0.619047619047619,0.00808750223027542
2213,2.39789527279837,1,10,FALSE,1,6.94399594251087,7.11679567629916,11.5129254649702,11.5129254649702,11.5129254649702,11.5129254649702,1.86630808663382,2.86359428558627,0,8,2011,77,30,9,2,1,0.2,0.12,0.9,0.82,1,1,0.3,0.7,NA
2214,3.55534806148941,6,34,TRUE,6,7.59628986926263,6.79577333513308,8.52928117171903,8.49553535584175,5.48148448550197,4.36405110253105,1.93853549610432,3.38566057038501,3.40058284325281,5,2007,68,60,6,2,1,0.323529411764706,0.209342560553633,0.852941176470588,0.749134948096886,1,1,1,0,0.0882652670263571
2217,4.91265488573605,7,135,TRUE,7,8.71972676690335,8.76248954737158,8.97071619898233,8.88285106773602,3.17893043698826,2.89037175789616,2.15926841939974,2.43231142228741,3.48855541923641,7,1981,80,27,25,1,1,0.0518518518518519,0.0481207133058985,1,1,1,1,0.540740740740741,0.459259259259259,0.0919778747148357
2228,4.02535169073515,7,55,TRUE,7,6.74333006318845,6.93439720992856,7.48071770101737,8.00739370765513,3.49718982761084,2.56494935746154,1.67862686685164,3.02460221152046,3.79432213513834,15,1999,62,41,12,1,1,0.127272727272727,0.0955371900826446,1,1,1,1,0.509090909090909,0.490909090909091,-0.0209071919193856
2229,1.6094379124341,1,4,FALSE,1,6.4484061782567,5.37609885044466,7.10167536440667,6.21917684128848,3.90799065994568,3.2188758248682,2.2993938100216,1.3544164483667,1.40557607143007,8,2002,90,43,4,1,1,0.25,0.25,1,1,1,1,1,0,NA
2232,5.47227067367148,7,237,TRUE,7,8.17247361403767,8.27001306227379,8.36351550953641,8.31752199628717,2.44469325897376,0,1.95044813023099,2.73832330282701,3.11016122199328,25,1969,87,33,21,3,1,0.080168776371308,0.0557424914098524,0.556962025316456,0.458420124979971,1,1,0.455696202531646,0.544303797468354,-0.0433709704446069
2237,4.75359019110636,7,115,TRUE,7,7.51203472908141,7.19250555792425,7.77259676850386,7.69165682281055,2.49989671830629,2.56494935746154,1.74751503105341,2.39677689542343,2.47374303229908,5,1965,78,55,15,2,1,0.121739130434783,0.0837051039697543,0.730434782608696,0.606200378071834,1,1,0.591304347826087,0.408695652173913,-0.120668684587021
2244,4.82028156560504,7,123,TRUE,7,7.6188472024574,7.47250074473756,7.8192528695716,7.52131798019924,2.23377999448597,1.79175946922805,2.05603601360984,3.14110526572444,2.64430263473156,2,1999,66,66,20,1,1,0.0569105691056911,0.0543988366712935,1,1,1,1,0.504065040650406,0.495934959349593,-0.112911298896048
2252,4.17438726989564,7,64,TRUE,7,9.38067871345991,9.85453584928483,9.84790943837165,10.0790048063292,2.30334743930919,0,1.9217601651796,2.39329223134457,4.50259106073902,31,2006,69,30,12,1,1,0.109375,0.09716796875,1,1,1,1,0.109375,0.890625,0.306826941046724
2257,4.58496747867057,7,97,TRUE,7,7.42874153937526,7.05117140624904,7.5758854675196,7.2221498738517,1.73679249328373,0,1.70147301392532,2.21472307672276,2.51256837162776,18,2001,89,33,16,2,1,0.0824742268041237,0.0674885747688383,0.989690721649485,0.979594005739186,1,1,0.412371134020619,0.587628865979381,-0.155364911850466
2260,2.99573227355399,5,19,TRUE,5,7.05190964600152,7.42607276850642,8.37284017415719,7.75177634797621,4.70046041988523,2.56494935746154,1.36882033612169,0.552173654256146,4.28287682914267,10,2008,71,38,5,1,1,0.263157894736842,0.229916897506925,1,1,1,1,0.789473684210526,0.210526315789474,0.0914442021947087
2265,4.969813299576,7,143,TRUE,7,9.01639746483101,9.40058049401443,9.37143287993025,9.62212612929557,3.45871674479106,2.56494935746154,2.41196381219639,3.13166086124371,3.70297192379841,49,1967,83,25,22,3,1,0.0909090909090909,0.0558951537972517,0.902097902097902,0.821018142696464,1,1,0.552447552447552,0.447552447552448,-0.129485624138202
2268,4.39444915467244,6,80,TRUE,6,7.78978615146829,8.17928204792675,8.56172339772131,8.58240158653236,3.46912819510805,0.549306144334055,1.99652586401321,2.65366191736121,4.46135425448678,10,2007,71,37,16,1,1,0.075,0.07,1,1,1,1,0.4,0.6,0.0240256374061375
2279,4.65396035015752,7,104,TRUE,7,7.33999564737558,6.79232868179001,7.94230163211948,7.03014988719574,2.74174799491083,0,2.06295618134783,3.01144038274247,3.99246280208548,25,2005,65,36,15,2,1,0.134615384615385,0.0948594674556213,0.759615384615385,0.634800295857988,1,1,0.307692307692308,0.692307692307692,-0.0418233393373598
2290,4.48863636973214,7,88,TRUE,7,7.40091083237719,7.87680270060307,7.59711270772867,8.00885735829042,1.87172786576352,0,2.01053624646592,3.04984108002254,2.34181284747901,7,1982,84,34,14,1,1,0.0795454545454545,0.0764462809917355,1,1,1,1,0.443181818181818,0.556818181818182,-0.179176182288884
2305,4.02535169073515,3,55,TRUE,3,8.18093619483399,8.37321657978732,9.42220174897391,10.2232916442346,4.39584426844318,0,2.05581021154829,2.82903151889207,5.64490417892446,28,2009,68,31,9,4,1,0.145454545454545,0.129256198347107,0.472727272727273,0.36396694214876,1,1,0,1,-0.0273888854469218
2313,4.98360662170834,6,145,TRUE,6,7.0747940733948,6.91336948976661,7.51431131440044,7.11801620446533,1.94508101369885,0,2.10598020211708,2.36183812927142,2.88439279852965,18,1988,72,34,14,4,1,0.124137931034483,0.0866111771700357,0.537931034482759,0.389583828775267,1,1,0.386206896551724,0.613793103448276,-0.318311943134795
2324,4.92725368515721,7,137,TRUE,7,8.84068297355787,8.72463491166409,8.89893101842993,8.70184536354847,2.58264822616555,0,1.96501673199859,2.36932621216739,2.992047848656,6,1959,80,50,22,2,1,0.072992700729927,0.0512014491981459,0.978102189781022,0.957163407746817,1,1,0.489051094890511,0.510948905109489,0.0738085901567695
2333,4.39444915467244,5,80,TRUE,5,8.18377164488304,8.6709696161291,8.8372143620162,9.02663659264239,2.44649666130617,0,1.5136209098356,2.47952143310951,4.73938390464193,18,2008,71,34,10,2,1,0.125,0.1096875,0.6,0.52,1,1,0,1,0.173983824432519
2343,4.51085950651685,7,90,TRUE,7,7.82244341736319,7.76323410364967,8.44262089923264,8.51619380330475,2.88025334329928,0,1.674014521695,2.187369907778,4.27151989999395,9,2004,52,45,14,3,1,0.133333333333333,0.0837037037037037,0.877777777777778,0.782962962962963,1,1,0.344444444444444,0.655555555555556,0.158907022947046
2358,5.18738580584075,7,178,TRUE,7,8.23771935147514,8.04642921981173,8.41002646494907,8.20351709086782,2.11477853761809,0,1.89298071337978,3.41809098737249,3.02625573715926,13,2001,60,37,19,2,1,0.0786516853932584,0.0602827925766949,0.702247191011236,0.581807852543871,1,1,0.387640449438202,0.612359550561798,-0.0913541281562566
2361,4.02535169073515,4,55,TRUE,4,9.07240483588694,9.09632585153802,9.47698631191406,9.57355051490743,2.93056284562879,0,1.59293932742802,1.97380789632906,5.06131555160489,10,2009,68,35,10,2,1,0.145454545454545,0.110082644628099,0.727272727272727,0.603305785123967,1,1,0,1,0.197905138817292
2363,3.63758615972639,3,37,TRUE,3,7.63322031243026,7.9391588179568,8.25870533230602,8.72814107699852,1.66368799195985,0,1.86804739652663,2.7730011255027,2.37815095897681,24,1991,80,44,15,1,1,0.0810810810810811,0.070854638422206,1,1,1,1,0.378378378378378,0.621621621621622,-1.05487613337994
2364,5.41164605185504,7,223,TRUE,7,7.74062784487537,7.72488843932307,7.87084810324216,7.79921628886686,2.47496844035408,1.79175946922805,2.31733501547349,3.50531018036731,3.05347791299931,26,1970,73,32,23,3,1,0.0762331838565022,0.0565665909228016,0.57847533632287,0.478533652395986,1,1,0.506726457399103,0.493273542600897,-0.00424417094202656
2379,5.19849703126583,7,180,TRUE,7,7.70509131906595,7.47474715514008,7.68917052976338,7.73501207846235,3.73012698097185,3.34975017008084,1.94120760405943,3.2714354747196,2.79927760840381,99999,99999,99999,99999,17,6,1,0.194444444444444,0.129938271604938,0.338888888888889,0.219938271604938,1,1,0.788888888888889,0.211111111111111,0.0033003461704828
2386,2.94443897916644,3,18,TRUE,3,8.11287836615252,8.54726555280495,9.7459742680514,9.62046142031238,3.83764182165674,0,2.23590318987704,1.95500231161661,5.58458914728654,15,2006,69,37,6,1,1,0.166666666666667,0.166666666666667,1,1,1,1,0,1,-1.04565273053853
2393,4.89034912822175,7,132,TRUE,7,8.84692049485997,8.63169724256086,9.08213932811068,8.71917048814379,3.31293140181547,3.61091791264422,2.14626013139676,2.45901674519438,3.61152788828719,12,1952,90,41,23,1,1,0.053030303030303,0.051078971533517,1,1,1,1,0.522727272727273,0.477272727272727,-0.120285393980748
2395,5.16478597392351,7,174,TRUE,7,8.35603333147853,8.02122800767262,8.55147468220803,8.24144804448783,2.74329365641118,2.56494935746154,2.12711333274705,3.33640787343121,3.33499221359325,21,1953,88,51,23,3,1,0.0862068965517241,0.0514599022327917,0.78735632183908,0.656427533359757,1,1,0.5,0.5,0.0417437015581896
2398,2.39789527279837,1,10,FALSE,1,7.85434211727,8.22127720302961,11.5129254649702,11.5129254649702,11.5129254649702,11.5129254649702,1.40114666645278,1.25966127902277,0,31,2011,64,33,10,1,1,0.1,0.1,1,1,1,1,0.3,0.7,NA
2405,1.6094379124341,4,4,TRUE,4,5.58940130638081,6.34670324271115,7.66102090003223,6.4329284612105,4.58863523536195,2.52492800362477,1.57728838607779,0.924929184803135,4.62922915574542,11,2003,80,46,1,1,1,1,1,1,1,1,1,1,0,-0.910691599006777
2406,3.17805383034795,2,23,FALSE,2,6.15718043304844,5.86078622346587,7.11121032036153,7.14124512235049,3.24054734397369,3.58351893845611,2.4586744587864,3.61278784139264,2.09482263283761,10,2001,69,42,10,2,1,0.173913043478261,0.126654064272212,0.695652173913043,0.5765595463138,1,1,0.782608695652174,0.217391304347826,NA
2418,4.81218435537242,7,122,TRUE,7,8.63932028798739,8.63367113922522,8.63923097743277,8.74858248420813,2.76662403923779,2.56494935746154,2.0792938504502,2.75109018519636,3.02467694506892,33,1983,81,31,21,3,1,0.0655737704918033,0.0534802472453641,0.983606557377049,0.967616232195646,1,1,0.540983606557377,0.459016393442623,-0.0596755441409361
2429,4.66343909411207,7,105,TRUE,7,8.30715588768325,8.00703401219341,8.28015350123678,8.00670084544037,2.51698440696086,0,1.87608708831526,2.71931666422551,2.96498983145727,10,1959,87,38,18,1,1,0.0666666666666667,0.0639455782312925,1,1,1,1,0.485714285714286,0.514285714285714,0.0356745144018834
2432,4.70048036579242,7,109,TRUE,7,8.10137558162297,8.52967891929368,8.12051496327955,8.65639497693283,1.95707873932005,0,2.02220268481062,3.02299364613785,2.99364596927963,58,1996,86,31,18,2,1,0.0825688073394495,0.0627051594983587,0.954128440366973,0.912465280700278,1,1,0.412844036697248,0.587155963302752,0.00771986249897524
2444,3.58351893845611,5,35,TRUE,5,7.47941613633249,6.82979373751242,8.02630724192986,7.94884438140658,4.7174692892465,4.72738781871234,2.53774362737267,4.06654510734433,2.38688204434301,14,2005,70,36,8,1,1,0.142857142857143,0.128163265306122,1,1,1,1,1,0,-0.414588354655166
2446,4.68213122712422,7,107,TRUE,7,7.50969337281911,7.36583813733218,7.83711799818728,7.55979396565147,3.55829429007395,3.61091791264422,2.48710609986903,2.43226945429107,3.20396028876284,8,1964,94,34,20,1,1,0.0654205607476635,0.0607039916149882,1,1,1,1,0.644859813084112,0.355140186915888,-0.0614143258881951
2463,4.81218435537242,7,122,TRUE,7,9.0971819023959,9.43276022380204,9.2376293214483,9.64012083822619,2.18261260555554,0,2.04606372487227,3.65106160570646,2.85927535839345,28,1992,77,26,20,1,1,0.0573770491803279,0.056167696855684,1,1,1,1,0.426229508196721,0.573770491803279,-0.0687233701559623
2477,0.693147180559945,1,1,FALSE,1,4.67282883446191,4.67282883446191,11.5129254649702,11.5129254649702,11.5129254649702,11.5129254649702,NA,0,NA,99999,99999,99999,99999,1,1,1,1,1,1,1,1,1,0,1,NA
2479,4.00733318523247,7,54,TRUE,7,7.46420376862926,7.7249250698845,6.94892039648293,7.8859710296605,4.61520007925824,4.13513455571831,1.28451162884563,1.31022761838017,3.71331698271626,99999,99999,99999,99999,14,2,1,0.12962962962963,0.0967078189300411,0.962962962962963,0.928669410150891,1,1,0.648148148148148,0.351851851851852,-0.143519439223387
2485,5.13579843705026,7,169,TRUE,7,8.36637681327287,7.984271913376,8.60235482163702,8.20470463322412,2.61843296815396,0,1.97061909643727,2.78499743054589,3.31776548002824,15,1958,100,34,19,3,1,0.0946745562130177,0.0648786807184622,0.727810650887574,0.582507615279577,1,1,0.437869822485207,0.562130177514793,-0.0948995366555469
2486,4.89783979995091,7,133,TRUE,7,8.74274143755452,9.03230402056074,8.87409930270925,9.09964788883283,2.48427409200504,2.56494935746154,2.14374865554691,4.01407011302554,2.98493182688336,40,1989,82,31,19,3,1,0.075187969924812,0.0556843235909322,0.947368421052632,0.899146362145966,1,1,0.511278195488722,0.488721804511278,-0.134285037467514
2517,3.97029191355212,6,52,TRUE,6,7.55432561895087,7.40890806439113,8.36620218141863,8.23980443576865,5.50856769201304,4.11087386417331,2.27280892663443,2.49755319687585,3.33061791770678,10,2007,56,35,7,2,1,0.211538461538462,0.158284023668639,0.769230769230769,0.644970414201184,1,1,1,0,0.0536170372962615
2519,4.75359019110636,7,115,TRUE,7,8.87918518420729,9.02554696267044,9.25949834762423,9.17721472610428,2.41016517599556,0,2.11161462868751,3.13855310239836,3.74444000130795,35,1998,61,27,18,3,1,0.0869565217391304,0.067523629489603,0.826086956521739,0.709792060491493,1,1,0.304347826086957,0.695652173913043,0.0163677986395576
2523,4.57471097850338,7,96,TRUE,7,7.06722813731819,7.01451316328054,7.00386199927601,6.88263467076376,2.16190725862394,0,1.79691442052971,1.87715765772301,2.44864174114392,10,1963,72,50,16,1,1,0.0729166666666667,0.0692274305555556,1,1,1,1,0.489583333333333,0.510416666666667,0.054539678996731
2529,5.08759633523238,7,161,TRUE,7,8.33976539065619,8.40648506943182,8.50482156185018,8.51543164079658,3.34398251073044,3.89182029811063,1.77853040874618,1.69281729605774,3.11028435703207,22,1988,56,37,22,2,1,0.0869565217391304,0.0557463060838702,0.832298136645963,0.720844103236758,1,1,0.608695652173913,0.391304347826087,0.0228909353558572
2530,3.49650756146648,7,32,TRUE,7,6.90365409549059,6.85589713047447,7.36975311999442,6.92804210082401,3.8611532978724,3.61091791264422,1.66297695760891,3.01926806248174,1.77168635867216,99999,99999,99999,99999,7,2,1,0.21875,0.162109375,0.9375,0.8828125,1,1,1,0,-0.090989901342457
2549,0.693147180559945,1,1,FALSE,1,8.84908782391917,8.84908782391917,11.44774727262,11.44774727262,6.93925394604151,6.93925394604151,NA,0,NA,18,2000,88,44,1,1,1,1,1,1,1,1,1,1,0,NA
2558,4.71849887129509,7,111,TRUE,7,8.88176569381837,8.91152994173656,8.99025566781152,8.93170393083128,2.50786203150544,0,1.97886410361683,3.03254421236825,3.49404123664245,13,1999,72,39,20,1,1,0.0630630630630631,0.0586803019235452,1,1,1,1,0.432432432432432,0.567567567567568,0.00942663378393435
2563,2.19722457733622,1,8,FALSE,1,8.89967159287753,9.14841539767056,11.5129254649702,11.5129254649702,11.5129254649702,11.5129254649702,1.35882213098634,2.14630987913252,0,17,2012,76,31,8,1,1,0.125,0.125,1,1,1,1,0,1,NA
2565,4.80402104473326,7,121,TRUE,7,8.70742994066002,8.58653266949485,8.95474633682088,8.69492925086856,2.9702877694038,2.56494935746154,2.00138321953561,2.2932293979927,3.40965917806015,15,1999,64,33,21,1,1,0.0578512396694215,0.0544361723925961,1,1,1,1,0.495867768595041,0.504132231404959,-0.0441682236197512
2570,4.81218435537242,7,122,TRUE,7,9.21350195564836,9.8725557152903,9.2793643025974,9.89886905236768,2.50733022617779,0,2.4010761141811,3.63986221273548,3.0327933617826,82,1964,81,29,21,1,1,0.0573770491803279,0.0548239720505241,1,1,1,1,0.483606557377049,0.516393442622951,-0.00388388169581457
2583,0.693147180559945,1,1,FALSE,1,5.31968739228423,5.31968739228423,11.5129254649702,11.5129254649702,11.5129254649702,11.5129254649702,NA,0,NA,99999,99999,99999,99999,1,1,1,1,1,1,1,1,1,1,0,NA
2586,2.07944154167984,1,7,FALSE,1,7.37340158463248,7.6231530684769,11.5129254649702,11.5129254649702,11.5129254649702,11.5129254649702,1.67840722095058,2.30670624174519,0,20,2012,76,25,7,1,1,0.142857142857143,0.142857142857143,1,1,1,1,0,1,NA
2595,5.33271879326537,7,206,TRUE,7,7.76215053327672,7.7054381622825,8.03150989512758,7.96194525465603,4.09055317038913,4.29045944114839,2.05281089958499,2.63911937962568,2.91434300977464,99999,99999,99999,99999,19,5,1,0.160194174757282,0.0882741068903761,0.553398058252427,0.366339900084834,1,1,0.800970873786408,0.199029126213592,-0.0184472267505337
2606,4.20469261939097,6,66,TRUE,6,8.74432237670593,8.41868468387185,9.23511744035381,9.98041742146857,2.39796163098053,0,1.82201962141575,3.14928254879653,4.26147508385824,5,2006,70,45,11,1,1,0.0909090909090909,0.0909090909090909,1,1,1,1,0.181818181818182,0.818181818181818,-0.141308266296955
2613,3.49650756146648,5,32,TRUE,5,7.10331341148605,7.49526084636473,8.75729547214524,8.10563733076695,3.83647567666816,0,1.82519170968561,1.65422904336553,5.05326889933843,28,2008,70,29,9,1,1,0.15625,0.115234375,1,1,1,1,0.25,0.75,-0.456499305307971
2647,1.09861228866811,2,2,FALSE,2,5.17650947417476,5.17650947417476,7.35858780887281,7.35858780887281,0,0,0.373354725340699,0.264001658076449,0,16,1983,95,46,1,1,1,1,1,1,1,1,1,0,1,NA
2651,4.44265125649032,7,84,TRUE,7,9.1016124181619,9.17259611983434,9.16865210777017,9.29240016246639,1.2650817407772,0,1.88773505052684,3.03446595016549,2.67163827579813,38,2002,71,23,16,1,1,0.0833333333333333,0.074546485260771,1,1,1,1,0.25,0.75,-0.144153761564585
2657,1.94591014905531,1,6,FALSE,1,7.66441258099047,7.60575959509812,11.5129254649702,11.5129254649702,11.5129254649702,11.5129254649702,1.10992059498575,1.54907383098336,0,7,2010,60,37,4,2,1,0.333333333333333,0.277777777777778,0.666666666666667,0.555555555555556,1,1,0,1,NA
2660,4.75359019110636,7,115,TRUE,7,7.78380879739617,7.59136209464139,8.07078799675148,7.64879221846835,2.678895110901,0,1.90069764766063,2.11840442985684,3.24096695826408,22,1999,66,29,21,1,1,0.0608695652173913,0.0572400756143667,1,1,1,1,0.48695652173913,0.51304347826087,0.0348184223184449
2663,5.08759633523238,7,161,TRUE,7,8.47160051401431,8.83372944899318,8.95325173085758,9.18440493740242,3.47183245424298,3.36729582998647,2.24774759043849,2.37258050156723,3.4556439105958,27,1972,86,37,21,3,1,0.0869565217391304,0.0572894564252922,0.807453416149068,0.68458007021334,1,1,0.571428571428571,0.428571428571429,-0.0130484567211071
2669,4.62497281328427,7,101,TRUE,7,8.10057377885987,8.14452822865843,8.14179726520021,8.14913657846272,1.97472493988991,0,1.89328872010989,3.14656338490426,3.08622735906021,7,2005,66,39,16,2,1,0.108910891089109,0.070679345162239,0.96039603960396,0.923929026566023,1,1,0.376237623762376,0.623762376237624,-0.0481064024593751
2674,4.15888308335967,7,63,TRUE,7,7.48450444511726,7.49593075717546,7.41019313830445,7.41286057281322,1.36578486177285,0,1.32431022370906,1.92803546311187,3.20219681945033,27,2004,81,26,10,1,1,0.111111111111111,0.102040816326531,1,1,1,1,0.174603174603175,0.825396825396825,0.213672388864641
2677,5.40717177146012,7,222,TRUE,7,7.51302511974252,7.18100839497299,7.73089400001682,7.27044240151422,2.77563993203403,2.56494935746154,1.87012215055513,2.7236768848961,2.68436441564393,4,1978,79,79,22,3,1,0.0945945945945946,0.0575034493953413,0.612612612612613,0.457186916646376,1,1,0.63963963963964,0.36036036036036,-0.0182550933903866
2678,1.79175946922805,5,5,TRUE,5,5.52974031617912,6.15060276844628,6.14981136115462,6.15060276844628,2.66086397351391,2.56494935746154,1.42246407135332,0.180335458822325,0.214471601528908,99999,99999,99999,99999,1,1,1,1,1,1,1,1,1,1,0,-0.600464720336538
2711,4.0943445622221,5,59,TRUE,5,7.19689137179543,7.20934025660291,8.59848654319333,7.79003410826459,5.6652598905602,3.68887945411394,1.97527899646133,2.11722232239888,3.94682711128259,61,2008,83,33,14,3,1,0.169491525423729,0.101407641482333,0.644067796610169,0.478310830221201,1,1,0.813559322033898,0.186440677966102,-0.278753238660137
2722,3.58351893845611,5,35,TRUE,5,6.20473639033873,6.43123445890814,7.25493334625002,6.94937695367296,3.62084278917912,1.6094379124341,1.3998670478086,1.73417075557876,4.61225159562255,38,2001,80,41,11,1,1,0.142857142857143,0.0971428571428571,1,1,1,1,0.371428571428571,0.628571428571429,-0.213929738801736
2726,2.56494935746154,1,12,FALSE,1,7.4852604424045,6.71369966423592,7.48027771333173,6.92413992964319,2.0727366740636,0.346573590279973,2.16411792654741,2.7929723866814,2.8280010256402,7,2003,80,51,12,1,1,0.0833333333333333,0.0833333333333333,1,1,1,1,0.5,0.5,NA
2730,1.6094379124341,2,4,FALSE,2,9.23519153800374,9.53450659855332,9.68039309200807,9.63492338423718,5.45735619446657,5.42786220559188,1.34479412496155,1.71286419840816,0.598516369121229,14,2002,88,57,2,1,1,0.5,0.5,1,1,1,1,1,0,NA
2741,4.63472898822964,7,102,TRUE,7,7.73742954186755,7.56330129223634,7.7652661372822,7.56330129223634,2.33636709338334,0,2.07679772735243,2.84263354079875,2.85536889500623,12,1981,70,30,17,1,1,0.0686274509803922,0.0632449058054595,1,1,1,1,0.5,0.5,0.0675589836143937
2745,4.90527477843843,7,134,TRUE,7,9.06985997080099,8.82098674551419,8.93595601075407,9.11518788143084,1.01537124010056,0,2.44085222152902,4.62053596057312,2.82861650120259,68,1989,85,27,14,4,1,0.134328358208955,0.0970149253731343,0.574626865671642,0.420360882156382,1,1,0.104477611940299,0.895522388059702,0.127754918786041
2747,3.71357206670431,3,40,TRUE,3,8.36912435824924,8.75693662683208,9.71626108986981,9.81702780362202,4.89299332261235,0,1.66659909853034,2.61497025562781,5.76383808814604,41,2010,67,34,9,3,1,0.15,0.1175,0.625,0.51375,1,1,0,1,0.491837975425881
2752,5.01727983681492,7,150,TRUE,7,8.39059079603511,8.69815264835417,8.47977744633684,8.85961331394528,1.93465270430021,0,2.47072582061446,4.43793391996828,3.0158522916588,14,1982,86,40,20,2,1,0.0933333333333333,0.0612444444444444,0.806666666666667,0.688088888888889,1,1,0.393333333333333,0.606666666666667,0.0552844271320203
2757,5.08140436498446,7,160,TRUE,7,7.62847868876271,7.69304753928718,8.16189242310683,7.9357592065119,3.1772010899831,2.56494935746154,2.14534428593835,2.55082946035652,3.37943563893074,10,1993,89,53,19,3,1,0.13125,0.075625,0.64375,0.479453125,1,1,0.58125,0.41875,-0.0659142122507106
2776,4.72738781871234,7,112,TRUE,7,7.83449965612178,7.71596273720098,7.79679802017592,7.54979555700109,2.44469264724324,0,2.15875131765259,2.98391940924318,3.03323426388568,6,1987,75,49,18,1,1,0.0625,0.0593112244897959,1,1,1,1,0.482142857142857,0.517857142857143,0.0195135844520246
2783,4.80402104473326,7,121,TRUE,7,8.08867485404697,7.55375843973327,8.06964189211224,7.52565075665457,2.5575780211393,2.30258509299405,2.14948761970568,2.66308751946884,3.04407223636195,10,1958,87,50,19,1,1,0.0578512396694215,0.0558021993033263,1,1,1,1,0.495867768595041,0.504132231404959,0.0492122842505013
2788,5.50125821054473,7,244,TRUE,7,8.21469410054057,8.53658007498321,8.38979166278965,8.64866064435736,1.68244668957321,0,2.15187229688341,3.14316366245954,2.78017954292107,60,1992,80,31,21,4,1,0.0901639344262295,0.0618449341574846,0.487704918032787,0.383532652512765,1,1,0.331967213114754,0.668032786885246,0.0316637847101461
2805,5.72031177660741,7,304,TRUE,7,8.18468504599147,8.1479787364509,8.18476659404003,8.1479787364509,2.2101775621819,0,2.26014821460988,3.55251183229812,3.0322782033163,116,1990,87,31,23,3,1,0.0690789473684211,0.0548389889196676,0.453947368421053,0.355154951523546,1,1,0.434210526315789,0.565789473684211,0.058512891363991
2837,4.11087386417331,7,60,TRUE,7,7.01801311068742,6.15490380034007,7.1379419791671,6.18218988766945,3.17576650501642,2.56494935746154,2.14646775055601,2.26750930693118,2.4795027810806,6,1981,80,69,10,1,1,0.116666666666667,0.111666666666667,1,1,1,1,0.766666666666667,0.233333333333333,0.0471900303763816
2842,4.82028156560504,7,123,TRUE,7,9.06567021663991,8.88312575108889,9.20702619552504,8.98751801907224,2.51443629669824,0,2.27028433157197,3.52947857652979,3.14606110726519,96,1990,82,29,20,2,1,0.0731707317073171,0.0563817833300284,0.967479674796748,0.937074492696147,1,1,0.455284552845528,0.544715447154472,0.145906562213649
2846,4.18965474202643,7,65,TRUE,7,6.67605191607186,6.3491389913798,6.53130427672821,6.62127248710584,2.22330602981615,2.56494935746154,2.089621892724,2.21849983989271,2.35937893025957,18,1991,65,33,11,1,1,0.107692307692308,0.093491124260355,1,1,1,1,0.553846153846154,0.446153846153846,0.0082515247874733
2857,4.87519732320115,7,130,TRUE,7,8.67429906229374,8.58447488086372,8.80398969784753,8.6980661162007,3.16107282910854,3.29583686600433,1.98005295208276,2.35052663533893,3.42541431291204,4,1983,62,44,22,1,1,0.0538461538461538,0.0524260355029586,1,1,1,1,0.515384615384615,0.484615384615385,-0.0176166851623845
2859,4.77912349311153,7,118,TRUE,7,8.79629132982964,9.2667894548174,9.22517000670916,9.37717802449155,3.11887811787883,0,2.02568768095026,3.49389957659163,3.95700984761523,37,2004,67,33,21,3,1,0.0677966101694915,0.0593220338983051,0.940677966101695,0.88695777075553,1,1,0.415254237288136,0.584745762711864,-0.0342738582201531
2860,4.79579054559674,7,120,TRUE,7,8.28745636404292,8.67440418896199,8.58324463443811,9.09029407076896,1.35117151049187,0,2.26779056167776,4.1161160790772,2.94732268151227,18,1997,70,32,15,4,1,0.2,0.0945833333333333,0.733333333333333,0.561805555555555,1,1,0.191666666666667,0.808333333333333,-0.0843220019847416
2864,4.60517018598809,7,99,TRUE,7,7.29411161569156,6.95654544315157,7.35844646122782,7.15511523195531,2.44693709727835,2.56494935746154,1.71651028058141,1.86777077503017,2.59366156821287,12,1980,77,52,17,1,1,0.0707070707070707,0.0656055504540353,1,1,1,1,0.545454545454545,0.454545454545455,0.0588389833721671
2866,2.39789527279837,1,10,FALSE,1,5.14067609701777,4.24374167628462,6.27594328793784,5.39807055732206,2.51238848766968,2.66876903985066,2.46417701628149,3.01412807389323,2.46559429552966,14,1964,62,44,10,1,1,0.1,0.1,1,1,1,1,0.6,0.4,NA
2869,2.484906649788,4,11,TRUE,4,7.06094016485304,7.48384603484001,7.60171884358554,7.84999831750372,3.53130413306596,3.3322045101752,1.16751746101459,2.17644314580874,0.816302027098917,8,2003,65,36,3,1,1,0.363636363636364,0.338842975206612,1,1,1,1,1,0,-0.320053574229865
2873,5.04342511691925,7,154,TRUE,7,7.43180424922904,7.55351539304054,7.65248600836471,7.80118601578597,1.57906058296457,0,1.59094850642177,2.16144782516253,2.23092134429749,21,1999,71,25,16,2,1,0.0909090909090909,0.075139146567718,0.636363636363636,0.537190082644628,1,1,0.37012987012987,0.62987012987013,-0.177397853416107
2899,3.78418963391826,3,43,TRUE,3,7.57384067887617,7.47111832289018,8.92005828528722,8.58928126781049,4.55162169545335,0,1.31752388602187,2.16664130160442,5.69557997890614,41,2009,79,34,10,3,1,0.162790697674419,0.121687398593835,0.511627906976744,0.478637101135749,1,1,0,1,0.337808659667091
2900,4.02535169073515,5,55,TRUE,5,8.94704528140861,9.64066913495672,9.68786722462642,10.0387506948163,3.4656504499077,0,1.75361102233253,2.52347074449326,4.94755371529695,22,2008,75,30,14,1,1,0.0909090909090909,0.0816528925619835,1,1,1,1,0.236363636363636,0.763636363636364,0.124461478114379
2902,5.06890420222023,7,158,TRUE,7,7.74194499129566,7.76386420470531,7.92234249163679,8.52570851832587,1.65232071464036,0,2.75528643644612,4.96564194630866,2.98138755192643,23,1988,68,45,17,4,1,0.151898734177215,0.0921326710463067,0.677215189873418,0.495032847300112,1,1,0.278481012658228,0.721518987341772,-0.127674470748044
2913,4.36944785246702,7,78,TRUE,7,7.77863992718326,8.08286271707304,7.92302162873906,8.09468507851216,2.00565110156728,0,1.79372183294572,2.573929536139,2.6141328181416,8,1982,87,54,13,1,1,0.0897435897435897,0.0834976988823143,1,1,1,1,0.423076923076923,0.576923076923077,-0.0603089233468287
2914,4.17438726989564,5,64,TRUE,5,7.75910577356737,7.4162623955717,9.31044200513278,9.75015335703879,4.70698494136259,2.63905732961526,1.635044421206,2.0781472075408,5.25035664756059,73,2008,71,22,14,3,1,0.140625,0.0888671875,0.765625,0.61376953125,1,1,0.3125,0.6875,0.183044840277342
2938,5.38449506278909,7,217,TRUE,7,8.32504005229401,8.05925725379282,8.56022503365027,8.51112280383895,1.9263311681295,0,2.41705490058245,3.51105284124556,3.02664084369075,25,1980,88,22,22,4,1,0.110599078341014,0.0650470385865064,0.622119815668203,0.455541633927244,1,1,0.341013824884793,0.658986175115207,-0.101994135989881
2945,3.43398720448515,5,30,TRUE,5,7.01511465479947,7.10182646471202,8.48157241606836,7.79631287987611,4.260958918858,2.32219544957069,1.3519440289644,1.68101422367427,5.02708825470375,15,2008,76,40,9,1,1,0.166666666666667,0.12,1,1,1,1,0.333333333333333,0.666666666666667,0.380339537375128
2946,4.59511985013459,7,98,TRUE,7,7.93637493412354,7.99289027943302,8.08559485976281,8.03947991910045,2.1676029111326,0,1.79973951973834,2.58055996176482,2.85953102626597,10,1999,68,46,16,1,1,0.0714285714285714,0.0689296126613911,1,1,1,1,0.438775510204082,0.561224489795918,-0.0678230762462755
2970,2.83321334405622,3,16,TRUE,3,6.68164552670916,6.88757860180753,8.78383439534957,8.14972133307041,5.81117952856973,3.2188758248682,1.31262074425521,1.33073459826786,5.32932044851596,10,2010,68,34,7,1,1,0.1875,0.1484375,1,1,1,1,0.375,0.625,-0.174954538013451
2975,4.72738781871234,7,112,TRUE,7,8.65149685609462,8.05101139375119,8.747695194783,8.240332237834,2.62715197094176,0,2.07604947778201,3.20455582930986,3.22809595020281,16,1985,76,36,19,1,1,0.0625,0.0601084183673469,1,1,1,1,0.464285714285714,0.535714285714286,-0.0653635000259919
3008,3.55534806148941,5,34,TRUE,5,7.06946201028076,7.19242743498867,8.36669362243241,7.74643807218192,4.1747578545894,1.70059869083108,1.2631809365663,1.38951054270686,5.01814417437396,14,2008,64,30,10,1,1,0.147058823529412,0.115916955017301,1,1,1,1,0.352941176470588,0.647058823529412,0.183711957980028
3024,2.19722457733622,4,8,TRUE,4,6.89637127548012,7.23651800064039,7.25712013934108,7.31415950459619,3.1778128164967,3.2188758248682,0.75742372190922,1.20806719896965,0.116143726701643,99999,99999,99999,99999,2,1,1,0.5,0.5,1,1,1,1,1,0,-0.492189795527122
3031,1.6094379124341,4,4,TRUE,4,6.61068359526773,6.88984634428274,2.87823136624256,0,2.87823136624256,0,1.67935743423265,1.40105878348254,5.75646273248511,8,1993,69,46,3,1,1,0.5,0.375,1,1,1,1,0,1,-0.130193577320796
3036,4.63472898822964,7,102,TRUE,7,9.16631091026178,9.68417928685827,9.35562834727909,9.7165363381065,1.35305872717967,0,2.21871486273446,2.89980591667443,2.36862886780168,13,1998,81,36,16,1,1,0.0686274509803922,0.0668973471741638,1,1,1,1,0.313725490196078,0.686274509803922,-0.163843654307839
3038,4.99721227376411,7,147,TRUE,7,9.51380058976654,9.78274432733871,9.5073565302779,9.83164347737115,2.07164020317601,0,2.04446169716299,3.61238864695165,3.09213875483836,54,1981,79,31,19,2,1,0.0952380952380952,0.0665000694155213,0.782312925170068,0.659401175436161,1,1,0.353741496598639,0.646258503401361,0.00370686490547103
3057,1.79175946922805,1,5,FALSE,1,4.78848147154287,4.7361984483945,11.5129254649702,11.5129254649702,11.5129254649702,11.5129254649702,1.08746211752514,1.03337176679971,0,10,2012,54,27,5,1,1,0.2,0.2,1,1,1,1,0,1,NA
3072,4.75359019110636,7,115,TRUE,7,8.26187020609236,8.31922993863233,8.30764730160142,8.33441873207741,1.97149501073125,0,1.66805279002633,2.81339983492004,2.50213628568224,9,1958,83,42,18,1,1,0.0608695652173913,0.0596597353497164,1,1,1,1,0.452173913043478,0.547826086956522,0.00842987671727924
3074,4.67282883446191,7,106,TRUE,7,7.90884863260638,7.47072226026781,7.97290715474033,7.45731968993639,2.68466461421115,3.17718502039868,1.70061626682751,2.09902161739488,2.85829412596058,2,1961,67,67,18,1,1,0.0660377358490566,0.0621217515129939,1,1,1,1,0.547169811320755,0.452830188679245,-0.0253916409591889
3076,3.43398720448515,4,30,TRUE,4,7.83316215091736,8.18260316294312,9.0769829649849,8.84265935902784,3.45387763949107,0,1.42335760208296,1.47722960299412,5.36607784718792,4,2008,70,54,9,1,1,0.133333333333333,0.126666666666667,1,1,1,1,0.0333333333333333,0.966666666666667,-0.0811074748458749
3077,4.72738781871234,6,112,TRUE,6,8.12577835775063,7.99428000991769,8.14909721575765,8.06217614714078,1.14215494733769,0,2.45988845483625,3.39385626362448,2.6274783757282,65,1989,86,35,14,3,1,0.125,0.084343112244898,0.607142857142857,0.453603316326531,1,1,0.1875,0.8125,-0.554290135679416
3091,4.59511985013459,7,98,TRUE,7,7.40867682569738,7.25826994524294,7.63619178505579,7.36770857237437,3.18814808070917,3.2188758248682,2.26723500026071,2.51737155713839,3.1657551929632,6,1970,67,32,18,1,1,0.0714285714285714,0.0676801332778009,1,1,1,1,0.602040816326531,0.397959183673469,-0.0584202008718578
3095,5.06890420222023,7,158,TRUE,7,8.60312437189634,8.08746681223137,8.79439526713782,8.54515672951498,2.60936063768291,2.01267584536757,2.17480696241673,3.47415902959724,3.17247577943916,22,1977,72,31,22,4,1,0.0886075949367089,0.0550392565294023,0.835443037974684,0.712946643166159,1,1,0.512658227848101,0.487341772151899,0.0238462516984961
3096,4.7361984483945,7,113,TRUE,7,8.86909438283853,8.60061479955531,9.50818189859582,9.79879348142146,1.97358576267291,0,1.99468753235317,3.16257633247313,4.11013544330179,70,2004,70,29,16,4,1,0.123893805309735,0.0884172605529016,0.63716814159292,0.508497141514606,1,1,0.150442477876106,0.849557522123894,-0.325624992293895
3101,2.484906649788,2,11,FALSE,2,7.47291319110864,7.46565531013406,9.67029499931387,11.5129254649702,6.2797775263474,11.5129254649702,0.768868386182754,0.451409901708915,6.01242923440404,11,2008,61,34,6,1,1,0.181818181818182,0.173553719008264,1,1,1,1,0,1,NA
3103,0.693147180559945,1,1,FALSE,1,5.97380961186926,5.97380961186926,11.5129254649702,11.5129254649702,11.5129254649702,11.5129254649702,NA,0,NA,99999,99999,99999,99999,1,1,1,1,1,1,1,1,1,0,1,NA
3104,4.64439089914137,7,103,TRUE,7,7.42002602443153,6.8798700754926,7.72623332006859,7.16394668434255,3.07503212649173,3.09104245335832,2.07884139972853,2.51050262693972,3.27781079865526,10,1997,61,46,19,1,1,0.0679611650485437,0.0626826279573947,1,1,1,1,0.592233009708738,0.407766990291262,-0.0364674267043403
3112,4.86753445045558,7,129,TRUE,7,8.64236391132444,8.63406736974245,8.7916623647149,8.7424273558751,2.76869624914817,2.56494935746154,2.09833435693044,3.08369575289958,3.20373816563139,11,1956,72,32,21,1,1,0.0542635658914729,0.0525809747010396,1,1,1,1,0.511627906976744,0.488372093023256,-0.0312367369105095
3143,5.30330490805908,7,200,TRUE,7,8.27242619398761,8.2412813252487,8.49658525195843,8.62797210863698,2.64985280222242,0.693147180559945,1.96184430011322,3.3795439347887,3.33446861059088,25,1985,87,36,23,3,1,0.07,0.0536,0.67,0.55455,1,1,0.48,0.52,0.116374174141518
3170,4.45434729625351,7,85,TRUE,7,8.54583101822532,8.80406993968153,8.50941060553723,8.9844480462407,2.78772262924982,0,2.002316964562,2.12862583974514,3.43003894488209,18,2001,75,27,15,1,1,0.0823529411764706,0.0740484429065744,1,1,1,1,0.423529411764706,0.576470588235294,0.0275239996730251
3171,2.63905732961526,1,13,FALSE,1,7.8551743837382,8.10812961658579,11.5129254649702,11.5129254649702,11.5129254649702,11.5129254649702,1.81619105563546,2.30742294382418,0,99999,99999,99999,99999,13,1,1,0.0769230769230769,0.0769230769230769,1,1,1,1,0.384615384615385,0.615384615384615,NA
3177,2.99573227355399,2,19,FALSE,2,7.36191959190802,7.54803424140241,10.776176422557,11.5129254649702,9.65023315965227,11.5129254649702,2.0283284960285,3.55032902360634,3.80501406770833,16,2006,60,48,13,2,1,0.157894736842105,0.0914127423822715,0.894736842105263,0.811634349030471,1,1,0.526315789473684,0.473684210526316,NA
3186,4.75359019110636,7,115,TRUE,7,8.01564191268083,8.0013550258267,8.18471307787197,8.05150663020821,2.93074644367772,2.56494935746154,2.00116838054938,2.13838469777588,3.10887068690834,30,1985,83,42,19,2,1,0.0782608695652174,0.0593572778827977,0.982608695652174,0.965822306238185,1,1,0.573913043478261,0.426086956521739,0.0577610949447398
3191,1.38629436111989,3,3,TRUE,3,5.98772030141581,6.34247346942009,6.34177181007959,6.34247346942009,2.56494935746154,2.56494935746154,0.633389378293874,0.553890554964333,0,99999,99999,99999,99999,1,1,1,1,1,1,1,1,1,1,0,-0.543010153485604
3211,4.90527477843843,7,134,TRUE,7,8.30830448945608,8.08457593439622,8.57306227108304,8.29423174813467,2.87909310460186,2.56494935746154,2.11689357513747,2.4918818089149,3.35639497757026,11,1999,70,40,17,3,1,0.119402985074627,0.0721764312764536,0.776119402985075,0.643461795500111,1,1,0.522388059701492,0.477611940298507,-0.11176454171903
3212,4.27666611901606,6,71,TRUE,6,8.81409515127837,8.97679667615781,9.4606141976719,9.32189248010408,3.08037496257467,0,1.36487723568397,1.39097605436527,4.60638739208533,12,2007,64,30,14,2,1,0.0845070422535211,0.0787542154334457,0.985915492957746,0.97222773259274,1,1,0.23943661971831,0.76056338028169,0.143004847649952
3246,5.07517381523383,7,159,TRUE,7,8.1344119728438,8.11248279843895,8.38973173813157,8.65495661634598,3.30371359664004,2.77258872223978,2.13705236864278,2.70626319654526,3.22689524348222,39,1952,72,33,23,2,1,0.0880503144654088,0.0569202167635774,0.817610062893082,0.701752304101895,1,1,0.635220125786163,0.364779874213836,-0.0352040765407271
3262,1.6094379124341,1,4,FALSE,1,7.91183281448056,8.34474943050318,8.59514444843766,8.39531773060664,4.60349377784194,4.66120913769077,1.64820224360934,2.01797348416859,1.27101244961902,6,2004,67,60,4,1,1,0.25,0.25,1,1,1,1,1,0,NA
3268,3.61091791264422,5,36,TRUE,5,7.39810410386785,7.68794633547551,8.62864092566616,8.42600749359829,4.00288618556754,1.03972077083992,1.60301432869929,1.91704252332985,5.14268924492418,14,2008,68,45,11,1,1,0.111111111111111,0.0925925925925926,1,1,1,1,0.277777777777778,0.722222222222222,-0.518466129907245
3275,4.48863636973214,7,88,TRUE,7,9.42990438304166,9.88593432786511,9.52220268500212,10.2003613690215,1.1350961682432,0,2.50134383770781,3.88916087694318,2.66822410606032,59,1994,76,33,14,3,1,0.102272727272727,0.0826446280991736,0.931818181818182,0.870609504132231,1,1,0.215909090909091,0.784090909090909,0.0686167438632967
3278,3.43398720448515,3,30,TRUE,3,7.43554668372296,7.46280347829269,9.58708622679859,11.5129254649702,6.99046814193243,11.5129254649702,1.84652898741383,2.53088152506594,5.02946540353358,31,2010,70,29,14,2,1,0.133333333333333,0.0866666666666667,0.9,0.82,1,1,0.666666666666667,0.333333333333333,0.642491117270768
3303,4.79579054559674,7,120,TRUE,7,7.80220323992229,7.53152007093726,8.07280358357603,7.96527469717976,2.25934787156735,0,2.09628434259317,2.94987455050457,3.03204847187478,20,1982,81,11,18,2,1,0.0666666666666667,0.0573611111111111,0.975,0.95125,1,1,0.408333333333333,0.591666666666667,-0.0847635436411263
3311,4.67282883446191,7,106,TRUE,7,8.07998947322373,7.66320021827877,8.14580822986155,7.71157176419507,2.56405510025977,0,1.54643240271126,1.95370311178044,3.25107846823334,8,2000,51,35,18,1,1,0.0660377358490566,0.0626557493770025,1,1,1,1,0.471698113207547,0.528301886792453,0.0169875846880991
3318,4.8283137373023,7,124,TRUE,7,8.01808680201709,7.8757076214433,8.1658900703623,7.90115180949931,2.8951128563757,2.56494935746154,1.70052308766375,1.55394833234257,3.07640521417076,16,1950,88,31,22,1,1,0.0564516129032258,0.0545005202913632,1,1,1,1,0.540322580645161,0.459677419354839,-0.00378915804639721
3325,4.46590811865458,7,86,TRUE,7,7.64779085496964,7.32541242785566,7.66026069387339,7.32541242785566,2.62387891573811,2.56494935746154,2.0850747484854,2.32276880325969,2.72521161254557,18,1973,98,39,13,1,1,0.0813953488372093,0.0800432666306111,1,1,1,1,0.569767441860465,0.430232558139535,0.0312013992226742
3326,4.68213122712422,7,107,TRUE,7,8.12641597067434,7.95191138185419,8.52595423470756,8.11761074646623,3.289325879167,3.89182029811063,2.00562721710063,1.81110621643209,3.24934683253596,13,1979,70,49,20,1,1,0.0654205607476635,0.0596558651410603,1,1,1,1,0.579439252336449,0.420560747663551,-0.207822325685344
3332,4.49980967033027,7,89,TRUE,7,7.71461070224784,7.38454830800392,8.15362719034173,7.71960951260731,3.2806925995379,3.61091791264422,2.19211818966206,2.54901510940286,3.40428955376827,19,1965,87,29,15,2,1,0.101123595505618,0.0783991920212094,0.943820224719101,0.893952783739427,1,1,0.561797752808989,0.438202247191011,-0.0148268065135804
3334,4.45434729625351,7,85,TRUE,7,7.14162470974106,6.81454289725996,7.37782935440667,6.81783057145415,2.1297519661017,0,1.93011784587581,2.17237014831739,2.70092593401649,2,2001,62,62,16,1,1,0.0823529411764706,0.0726643598615917,1,1,1,1,0.470588235294118,0.529411764705882,0.0626279758116019
3344,2.83321334405622,6,16,TRUE,6,7.08248889343502,6.91172425941192,8.38900535413714,7.86136969678206,5.36758975361515,3.74105946177606,0.84779444807383,1.26093186746124,3.71222553094955,8,2007,71,35,4,1,1,0.375,0.3203125,1,1,1,1,1,0,-0.297347186049896
3347,5.23644196282995,7,187,TRUE,7,8.44308813002823,8.29891777149889,8.67812958979966,8.68866274430536,2.13135911085902,0,2.61687368305471,4.07698062468621,3.34152319463191,36,2000,71,29,20,3,1,0.0909090909090909,0.0643713002945466,0.60427807486631,0.50956561525923,1,1,0.352941176470588,0.647058823529412,0.0818623667068911
3351,4.83628190695148,7,125,TRUE,7,8.59728834825257,8.33145861689784,8.68806034536028,8.42463920980563,2.26335272400796,0,2.11513533383987,3.32177597011314,2.85359578693708,10,1968,80,45,20,1,1,0.056,0.054464,1,1,1,1,0.464,0.536,-0.0141982866071196
3354,5.35658627467201,7,211,TRUE,7,8.22517736232782,8.03689677268507,8.33467976197875,8.25582842728183,2.17671842707357,0,2.74178440380406,4.09715135658815,3.26678005050923,24,1970,80,48,23,4,1,0.0995260663507109,0.063228588755868,0.644549763033175,0.468520473484423,1,1,0.345971563981043,0.654028436018957,-0.0266943673789899
3358,3.25809653802148,7,25,TRUE,7,6.93376289080466,7.56347054553322,6.75374805261625,7.56347054553322,1.9936318377113,3.2188758248682,1.36608247915957,1.3028494630444,1.81418705810641,12,1983,90,47,4,1,1,0.28,0.2608,1,1,1,1,0.56,0.44,-0.165127084340732
3360,4.70048036579242,7,109,TRUE,7,8.94025459696196,9.01227594391333,9.02807978060654,8.92346863777832,2.77072595934368,0,2.48804610128884,3.0117717414819,3.39845119854716,22,1999,78,39,18,1,1,0.0642201834862385,0.0623684875010521,1,1,1,1,0.467889908256881,0.532110091743119,-0.0527914772162486
3370,4.70048036579242,7,109,TRUE,7,9.26472147976292,9.15788851197376,9.35725525646129,9.15788851197376,2.58577888358786,0,2.03588296409939,3.06883960449674,3.1414436515583,6,1962,89,33,17,1,1,0.0642201834862385,0.0627051594983587,1,1,1,1,0.458715596330275,0.541284403669725,-0.000932059415845697
3371,3.97029191355212,4,52,TRUE,4,7.74715459964643,8.14013020887394,8.65890651551668,8.8400608894106,3.36219312021669,0,1.42348029830249,2.77641320113799,5.0647475353044,28,2009,76,32,11,3,1,0.192307692307692,0.108727810650888,0.807692307692308,0.677514792899408,1,1,0.134615384615385,0.865384615384615,0.0231978751985757
3373,5.11799381241676,7,166,TRUE,7,7.88605831285633,7.70043127166856,7.94768035026226,7.7723950005053,2.885460101859,3.2188758248682,1.76467793337741,2.04572079895462,2.51050259582688,17,1964,80,39,18,3,1,0.126506024096386,0.0751197561329656,0.674698795180723,0.510741762229641,1,1,0.668674698795181,0.331325301204819,-0.0294096673306627
3378,4.969813299576,7,143,TRUE,7,8.09347288918603,8.39924939283819,8.19638762476482,8.46824871534134,1.68832196267631,0,2.23077887127446,2.81440157915306,2.90436914369759,33,1982,86,29,16,2,1,0.0979020979020979,0.0747713824636902,0.685314685314685,0.568683065186562,1,1,0.286713286713287,0.713286713286713,-0.0263645719422136
3385,4.86753445045558,7,129,TRUE,7,9.21475640802594,9.31015131721431,9.25935727269127,9.44904147455628,2.71916980090391,2.56494935746154,2.09651459637853,3.33935249593771,3.18236022783292,36,1971,79,29,20,2,1,0.062015503875969,0.0541433808064419,0.984496124031008,0.969472988402139,1,1,0.511627906976744,0.488372093023256,0.0826293335784555
3395,2.30258509299405,3,9,TRUE,3,5.78423340585757,5.96880985654318,7.55274552729328,6.2845818220497,3.83764182165674,0,1.21276922583101,2.39578152983079,5.75646273248511,9,2010,54,50,3,1,1,0.333333333333333,0.333333333333333,1,1,1,1,0,1,0.465011058260031
3407,3.2188758248682,7,24,TRUE,7,7.23617117093816,8.38764702635552,8.21809077466055,8.62476074699198,5.22200760737102,4.60195990208663,2.0292703933652,3.7062632946331,3.52671782560593,11,2006,59,34,5,1,1,0.291666666666667,0.243055555555556,1,1,1,1,1,0,0.406842598907229
3417,4.85203026391962,7,127,TRUE,7,8.36684202753525,8.41251910677739,8.61658929886571,8.5155678712988,3.52667688166799,3.61091791264422,2.15028266753855,2.29273910142744,3.44838139717776,6,1971,67,41,23,2,1,0.0551181102362205,0.0525141050282101,0.992125984251969,0.984375968751938,1,1,0.582677165354331,0.417322834645669,-0.0627064459298692
3422,4.95582705760126,7,141,TRUE,7,7.42941287538935,7.66612824445979,7.80933797447393,7.98272357173585,2.2221270670335,0,1.85503615724155,2.73092474571748,3.09706376716598,34,2004,69,30,14,3,1,0.099290780141844,0.0779135858357226,0.50354609929078,0.493083848900961,1,1,0.446808510638298,0.553191489361702,-0.312336350097915
3457,3.61091791264422,7,36,TRUE,7,7.66236961001961,6.40191169628302,9.18577374428257,10.1477886383011,6.21237439124646,5.61258836181473,2.2242879899602,4.16875620949261,3.61315096978722,26,2005,71,23,13,1,1,0.194444444444444,0.141975308641975,1,1,1,1,0.805555555555556,0.194444444444444,0.268212456430977
3458,4.63472898822964,7,102,TRUE,7,9.25623852435362,9.81788570245021,9.07126934500496,9.73826361210928,1.96351729819433,0,2.16487946385042,3.16047219857284,2.92634930293703,34,1989,94,29,17,1,1,0.0686274509803922,0.0665128796616686,1,1,1,1,0.362745098039216,0.637254901960784,0.0335695234900934
3462,4.43081679884331,7,83,TRUE,7,7.46897716858383,7.39588734072407,7.56361930685894,7.46737106691756,2.00743350299893,0,1.71093821323773,2.11241634737707,2.9176811312549,9,1998,81,32,15,1,1,0.0843373493975904,0.0762084482508347,1,1,1,1,0.373493975903614,0.626506024096386,0.0171111780319768
3467,4.67282883446191,7,106,TRUE,7,8.73868710069318,8.87059767997043,8.7378529514201,8.87059767997043,2.50983531657739,0,1.95196861587701,2.49288632974872,3.22532088436817,54,2001,81,35,18,2,1,0.0754716981132075,0.0630117479530082,0.981132075471698,0.962976148095408,1,1,0.424528301886792,0.575471698113208,0.020283391818109
3468,4.14313472639153,7,62,TRUE,7,7.53238574870515,7.49326575837112,7.69050737419635,7.59424622503672,1.0447414126041,0,1.42166365992703,1.98399348987033,3.16887326761041,5,2002,68,35,11,1,1,0.112903225806452,0.0993756503642039,1,1,1,1,0.0645161290322581,0.935483870967742,0.160236379936243
3469,3.71357206670431,6,40,TRUE,6,6.00220275446885,6.72518205886438,6.78689654697024,6.91554577077564,2.51684301323751,0,1.49581089844353,2.36770579411299,4.32303041927536,16,2007,74,36,7,1,1,0.15,0.145,1,1,1,1,0.25,0.75,0.00153189131871415
3474,2.99573227355399,4,19,TRUE,4,7.18479951235566,7.48155570190952,8.66662475147169,8.89124055719054,5.0873720883314,4.33073334028633,2.03713535324928,3.83128057862518,4.82067699202392,10,2008,71,30,6,1,1,0.210526315789474,0.191135734072022,1,1,1,1,0.578947368421053,0.421052631578947,-0.00464494180001101
3486,4.78749174278205,7,119,TRUE,7,9.63731787115474,10.4957793319312,9.82837264383527,10.8209763664233,1.60955445342653,0,2.9062841126487,4.69115332198219,2.83957852404517,118,1980,86,24,17,4,1,0.100840336134454,0.0667325753830944,0.873949579831933,0.774309723889556,1,1,0.302521008403361,0.697478991596639,0.236987797210691
3487,4.54329478227,7,93,TRUE,7,8.73238265416795,8.60282027738367,9.09584716356195,9.65905652207866,2.01118301917828,0,2.00947666995337,2.95135338675564,4.36464878354143,52,2005,82,27,12,2,1,0.139784946236559,0.109261186264308,0.698924731182796,0.579142097352295,1,1,0.032258064516129,0.967741935483871,-0.0503941797309122
3488,3.93182563272433,7,50,TRUE,7,7.67503975743728,6.95773518300985,7.93204056293444,7.28034560445696,3.26368452701279,3.37730204974398,2.29271758788175,3.961589652123,3.46080850666381,3,2002,54,48,11,1,1,0.14,0.1168,1,1,1,1,0.56,0.44,0.0792298297141082
3498,4.89034912822175,7,132,TRUE,7,8.08300744995815,7.76853330092603,8.43586984735943,8.17189048347304,3.36726878160064,3.2188758248682,2.01492775419763,2.63502760185935,3.32807584580803,25,1987,88,35,20,2,1,0.0909090909090909,0.0594582185491276,0.893939393939394,0.810376492194674,1,1,0.628787878787879,0.371212121212121,-0.0775271045762257
3505,1.94591014905531,1,6,FALSE,1,7.79651862477086,8.00512391113918,11.5129254649702,11.5129254649702,11.5129254649702,11.5129254649702,1.45693057787766,1.9031938885589,0,6,2012,59,29,6,1,1,0.166666666666667,0.166666666666667,1,1,1,1,0,1,NA
3510,3.2188758248682,4,24,TRUE,4,6.87200834168195,6.8057219402274,8.05391316178933,7.74631562564564,2.87823136624256,0,1.26293328562069,2.27467984963434,5.09246475486222,30,2007,84,27,6,1,1,0.166666666666667,0.166666666666667,1,1,1,1,0,1,-0.106001941730435
3512,1.79175946922805,4,5,TRUE,4,6.96310565499744,6.52344482494637,7.65443556989824,7.25535113242757,3.60341168337596,3.46573590279973,1.00896927359906,0.70774700966111,0.760231882096293,11,2003,72,46,2,1,1,0.8,0.68,1,1,1,1,1,0,-0.35140783109725
3520,4.52178857704904,7,91,TRUE,7,7.10115600851326,7.7445698093545,7.37855560876028,7.85049318087114,1.5060991125394,0,1.55675797758715,2.1418774649144,2.04439606598042,11,2000,74,66,10,2,1,0.153846153846154,0.111701485327859,0.747252747252747,0.622267842048062,1,1,0.406593406593407,0.593406593406593,-0.151808084977966
3533,2.19722457733622,1,8,FALSE,1,6.12991501349921,6.6841928022184,11.5129254649702,11.5129254649702,11.5129254649702,11.5129254649702,1.31141826910127,1.47817713064771,0,11,2012,71,44,8,1,1,0.125,0.125,1,1,1,1,0.25,0.75,NA
3545,4.82028156560504,7,123,TRUE,7,8.58409062573033,8.22737550683403,8.72414156081201,8.25994461945208,3.46204995685585,3.93182563272433,1.9928542475009,1.99999425783998,3.29759483878194,14,1983,80,30,21,1,1,0.0569105691056911,0.0553242117787031,1,1,1,1,0.59349593495935,0.40650406504065,-0.032127508329206
3556,1.6094379124341,1,4,FALSE,1,6.91294323765085,7.12878428529229,11.5129254649702,11.5129254649702,11.5129254649702,11.5129254649702,2.59864190318944,3.3246491232516,0,8,2012,50,37,4,1,1,0.25,0.25,1,1,1,1,1,0,NA
3557,5.7037824746562,7,299,TRUE,7,8.54884494330731,8.6985042378165,8.77089515446415,9.03724690508416,2.47830631779748,0,2.28400875156861,3.15225698192585,3.22968864516869,65,1982,80,30,20,4,1,0.0802675585284281,0.0595630921354347,0.40133779264214,0.307658751020682,1,1,0.431438127090301,0.568561872909699,-0.202483231379034
3558,2.39789527279837,3,10,TRUE,3,7.78379966577972,8.23137625660047,9.44502770697881,9.13545172996984,6.29750677395034,4.56385967164392,1.37288599845768,1.74579861043503,4.63519342378298,10,2007,68,46,4,1,1,0.3,0.26,1,1,1,1,1,0,0.372398945183149
3584,2.484906649788,1,11,FALSE,1,9.54227226579354,9.82207953825555,11.5129254649702,11.5129254649702,11.5129254649702,11.5129254649702,1.49075279586887,2.07357976520967,0,22,2012,77,25,11,1,1,0.0909090909090909,0.0909090909090909,1,1,1,1,0.181818181818182,0.818181818181818,NA
3586,1.79175946922805,1,5,FALSE,1,6.88726333066406,7.25848257065097,7.0549125938442,6.4150969591716,3.60828351932004,3.2188758248682,1.4343134930488,2.4254358697703,1.14781508499058,14,2003,83,46,5,1,1,0.2,0.2,1,1,1,1,1,0,NA
3591,0.693147180559945,1,1,FALSE,1,7.06646697013696,7.06646697013696,11.5129254649702,11.5129254649702,11.5129254649702,11.5129254649702,NA,0,NA,2,1978,88,74,1,1,1,1,1,1,1,1,1,0,1,NA
3597,4.7361984483945,7,113,TRUE,7,8.96110537591476,9.06720068142713,9.05886057437576,9.19319421314121,2.26853055911163,0,1.85945359952107,2.78650718972712,2.77210839212202,41,1998,71,27,17,1,1,0.0619469026548673,0.061477014644843,1,1,1,1,0.442477876106195,0.557522123893805,-0.0860882995597586
3601,4.61512051684126,7,100,TRUE,7,9.27646359058272,10.0587669333042,9.5234467875642,10.3990455182947,1.80594148566495,0,2.12337153338877,4.22238403181086,3.02368039885679,97,1995,83,23,16,2,1,0.12,0.0726,0.95,0.905,1,1,0.33,0.67,-0.0191904965025645
3613,4.46590811865458,7,86,TRUE,7,7.19880794427065,7.50103801499157,7.46084377607377,7.66166162898947,2.13276619552839,0,1.79374153290061,2.75511699111502,3.14100119790255,30,2002,85,29,15,1,1,0.0813953488372093,0.075716603569497,1,1,1,1,0.36046511627907,0.63953488372093,0.0798565502988789
3619,4.0943445622221,7,59,TRUE,7,7.12242355478606,7.04208510277565,8.25010258078773,7.4500795698075,4.6248721872998,3.80666248977032,1.72719067240795,1.57916056337086,4.21959157004988,6,2006,69,32,13,1,1,0.11864406779661,0.0858948577994829,1,1,1,1,0.661016949152542,0.338983050847458,-0.0793508100094331
3624,3.09104245335832,7,21,TRUE,7,6.87187714238631,7.34943659122328,7.10982080555114,7.70255611326858,3.32137156578344,3.61091791264422,1.64483601675777,3.04317735025582,0.587751090355587,6,1973,88,84,3,1,1,0.333333333333333,0.333333333333333,1,1,1,1,1,0,-0.213827905306944
3646,2.30258509299405,7,9,TRUE,7,7.36198700351321,7.97747071293975,7.38526429521218,8.01268092970684,3.7366063418137,3.89182029811063,1.2070538670112,0.319343806833728,0.613274743151322,99999,99999,99999,99999,2,1,1,0.777777777777778,0.654320987654321,1,1,1,1,1,0,0.250605807294849
3647,4.56434819146784,7,95,TRUE,7,8.82612583951302,9.0203051411463,9.15622696281528,9.11161005014821,1.93659330258024,0,1.83304904553773,2.41845616997564,3.40193044207412,14,1983,68,37,16,3,1,0.0947368421052632,0.0714681440443213,0.957894736842105,0.918448753462604,1,1,0.273684210526316,0.726315789473684,0.128824902362289
3655,4.81218435537242,7,122,TRUE,7,8.37480848477266,8.56915616698224,8.43049462197857,8.60667833459873,2.54920943125245,2.56494935746154,2.23094548422533,3.42388033678159,2.95289318986921,23,1979,64,27,19,1,1,0.0573770491803279,0.055495834453104,1,1,1,1,0.524590163934426,0.475409836065574,-0.144612225110055
3662,4.68213122712422,7,107,TRUE,7,8.07494855540494,8.23249599312533,8.23877407292433,8.32141428937672,2.34196893485318,0,1.75627780043836,2.18212355327367,2.83731663792591,12,1979,73,52,16,2,1,0.0747663551401869,0.0655952484933182,0.990654205607477,0.981483098960608,1,1,0.467289719626168,0.532710280373832,-0.0829831959970031
3663,4.4188406077966,7,82,TRUE,7,7.54703073220258,7.38392532825362,7.8566673290856,7.57338704120533,3.65064507257465,3.06124640475719,2.86246758993901,3.280890408618,3.78672325205768,2,2001,66,66,16,1,1,0.0853658536585366,0.0776323616894706,1,1,1,1,0.560975609756098,0.439024390243902,0.0334230343878705
3664,4.70953020131233,7,110,TRUE,7,8.76431962802481,9.09545519987265,8.67886950260812,9.01087280739414,1.35396477510279,0,1.86382789181734,3.52579918527806,2.18894180840029,4,2000,69,35,18,2,1,0.0727272727272727,0.0624793388429752,0.990909090909091,0.98198347107438,1,1,0.354545454545455,0.645454545454546,0.15118099959494
3669,2.07944154167984,4,7,TRUE,4,6.05230185971102,5.14166355650266,6.05733866054156,5.14166355650266,2.56494935746154,2.56494935746154,1.1358334207905,2.11251028872948,0,99999,99999,99999,99999,2,1,1,0.571428571428571,0.510204081632653,1,1,1,1,1,0,-0.322700017935923
3670,4.27666611901606,6,71,TRUE,6,7.94367402592029,8.04846874366888,8.7278799263605,8.91193433616143,4.26112365108429,3.55534806148941,1.93341461032819,2.88620567363382,4.36897290098474,13,2007,70,44,14,2,1,0.0845070422535211,0.0731997619519937,0.985915492957746,0.97222773259274,1,1,0.52112676056338,0.47887323943662,0.0350157834093284
3671,5.64190707093811,7,281,TRUE,7,8.43921806757011,8.61143552855219,8.55060633358926,8.65990729361541,2.34510285164786,0,2.43228743244003,3.47841350714402,3.53716738421419,79,2004,84,29,22,4,1,0.0711743772241993,0.05690150833956,0.412811387900356,0.346968756728005,1,1,0.405693950177936,0.594306049822064,0.237906003218908
3676,5.12396397940326,7,167,TRUE,7,8.49039641135508,8.43337670532313,8.73912102293152,8.7746345892043,3.19527257244733,2.56494935746154,2.22495111899197,2.97963022103743,3.75033343165062,13,1982,73,41,26,3,1,0.0658682634730539,0.0479400480476173,0.856287425149701,0.749363548352397,1,1,0.479041916167665,0.520958083832335,0.00212747890848541
3680,4.82028156560504,7,123,TRUE,7,8.83577386273903,8.60061111969573,9.00008832136607,8.83143588673785,3.76542063546365,4.12713438504509,1.98933317992168,2.00033063039535,3.4791076720577,12,1976,76,28,21,1,1,0.0569105691056911,0.0553242117787031,1,1,1,1,0.601626016260163,0.398373983739837,-0.0650060315494055
3724,4.93447393313069,7,138,TRUE,7,9.05077236934157,9.029524511426,9.22211516439168,9.04497564703411,3.48148498839832,3.91202300542815,1.87955908535758,2.35522143061499,3.34634291708196,10,1977,81,58,22,2,1,0.101449275362319,0.0598613736609956,0.884057971014493,0.795001050199538,1,1,0.601449275362319,0.398550724637681,-0.0233878351268456
3726,1.6094379124341,2,4,FALSE,2,7.13171256450978,7.12245023914423,6.28806232561776,6.57646273226837,2.87106718893011,2.85022178669534,0.0330819882159823,0.0302577034162006,0.355109726388295,24,2004,64,34,2,1,1,0.5,0.5,1,1,1,1,1,0,NA
3742,1.6094379124341,4,4,TRUE,4,6.87005540534283,6.84454481015903,7.00903219894615,7.12249839736567,3.04518870938647,3.19846482760807,0.302215407420081,0.473171859382085,0.320737381499837,99999,99999,99999,99999,1,1,1,1,1,1,1,1,1,1,0,-0.215962146879401
3748,5.01727983681492,7,150,TRUE,7,8.0393804779493,7.66999277178705,8.14370386771195,7.73723650813606,2.26077786966853,2.56494935746154,2.21411916345306,3.50082941348848,2.66511853633838,25,1979,91,32,20,2,1,0.0933333333333333,0.0603555555555556,0.813333333333333,0.696355555555556,1,1,0.52,0.48,0.0986218863959246
3749,3.49650756146648,3,32,TRUE,3,7.6205456275095,8.03057690095091,9.78079094592042,11.3463728692277,5.75646273248511,5.75646273248511,1.97861572361797,3.22433831292147,5.84857198477979,16,2009,70,37,8,2,1,0.125,0.125,0.71875,0.595703125,1,1,0,1,0.363205976645368
3752,4.44265125649032,6,84,TRUE,6,8.07165511590295,8.07914765078739,8.43638519737985,8.38986715540517,2.63539814179159,2.56494935746154,2.0794098062401,2.70841145575958,2.9291706310896,8,2000,83,28,17,1,1,0.0714285714285714,0.0606575963718821,1,1,1,1,0.523809523809524,0.476190476190476,-0.464222154451049
3754,3.58351893845611,4,35,TRUE,4,8.00078638192622,8.2795753917476,9.09140682594063,9.04793908261736,3.28940727570578,0,1.36599437369878,2.3687750614912,5.27694073506801,4,2008,70,61,10,1,1,0.114285714285714,0.103673469387755,1,1,1,1,0,1,-0.444379907678505
3756,3.25809653802148,7,25,TRUE,7,8.80635839517412,10.268537180708,9.31619282460763,10.3971613206045,6.06239454237353,6.11146733950268,2.19935166633023,4.02767524401948,2.84118483615425,3,2006,73,73,4,1,1,0.28,0.2544,1,1,1,1,1,0,0.166637896864952
3764,4.91265488573605,7,135,TRUE,7,8.55061085014541,8.2684753889826,8.64519730059344,8.71295239065765,2.1553733074312,0,2.16567925820854,3.71959322377816,2.79594761797907,54,1999,68,29,20,2,1,0.103703703703704,0.060082304526749,0.888888888888889,0.802469135802469,1,1,0.481481481481481,0.518518518518518,-0.0206290042482395
3765,1.09861228866811,2,2,FALSE,2,5.09856342273102,5.09856342273102,4.72664327529329,4.72664327529329,0,0,0.669758262892129,0.473590609446747,0,4,1982,63,57,1,1,1,1,1,1,1,1,1,0,1,NA
3775,3.80666248977032,7,44,TRUE,7,6.85033306438772,6.57007414209819,6.76863537337138,6.57007414209819,0.663754697789398,0,1.86152764484231,3.18809773343649,1.91650146956085,9,2004,66,46,9,1,1,0.159090909090909,0.116735537190083,1,1,1,1,0.159090909090909,0.840909090909091,-0.518738817564991
3780,3.46573590279973,4,31,TRUE,4,7.42873149272775,6.89467003943348,8.01342920169149,7.1239306085326,4.58323862134288,3.80666248977032,1.74381292787632,1.60486767692376,2.64743860974778,19,2005,61,40,7,2,1,0.258064516129032,0.171696149843913,0.806451612903226,0.687825182101977,1,1,1,0,-0.0579196134802977
3782,1.09861228866811,1,2,FALSE,1,4.18330141639187,4.18330141639187,11.5129254649702,11.5129254649702,11.5129254649702,11.5129254649702,2.52494558261417,1.7854061435935,0,99999,99999,99999,99999,2,1,1,0.5,0.5,1,1,1,1,0,1,NA
3795,4.06044301054642,6,57,TRUE,6,7.1907685706367,7.59034694560257,8.33798531581758,8.14047879213978,3.75215813095714,0,1.84083653677704,3.04444118865436,4.83317084946717,16,2005,78,34,11,2,1,0.157894736842105,0.105570944906125,0.859649122807018,0.758694983071714,1,1,0.298245614035088,0.701754385964912,-0.0203672073404699
3797,3.43398720448515,4,30,TRUE,4,6.73316558824187,6.96821101414759,8.67839696561055,7.7534433413107,4.71060017207397,1.93560050545395,1.40150480640673,1.77881258040732,5.38449712704461,34,2009,70,38,10,2,1,0.166666666666667,0.108888888888889,0.966666666666667,0.935555555555555,1,1,0.3,0.7,0.0510838679680537
3815,4.79579054559674,7,120,TRUE,7,8.21659801064262,8.63898743246287,8.47687106636022,9.33156886381615,1.92044496470701,0,2.13545653358771,4.06184792734861,2.69912751471788,29,1988,68,27,19,1,1,0.0583333333333333,0.055,1,1,1,1,0.416666666666667,0.583333333333333,-0.0170775548084728
3818,3.68887945411394,7,39,TRUE,7,6.70970512561563,6.51975182493509,7.56429716136545,6.57088296233958,4.94123121975621,3.2188758248682,1.23319529680188,1.13595522122509,3.71264212936141,99999,99999,99999,99999,14,1,1,0.179487179487179,0.125575279421433,1,1,1,1,0.794871794871795,0.205128205128205,0.0756353935698259
3824,5.14749447681345,7,171,TRUE,7,7.41610135640411,6.97611461649548,7.61514286175563,7.35755620091035,2.30369804893816,0,2.15105226355894,3.15222922728786,3.04073965582715,28,1960,86,37,20,2,1,0.0818713450292398,0.0620703806299374,0.64327485380117,0.541055367463493,1,1,0.467836257309941,0.532163742690059,-0.0548439661184238
3826,3.49650756146648,7,32,TRUE,7,7.85316375144113,6.75745672212262,8.27989250158897,9.81698555832986,4.74831711321955,5.88656678021063,3.21701438806378,4.84115509885101,3.3246663469173,5,1999,74,48,10,1,1,0.21875,0.1640625,1,1,1,1,0.8125,0.1875,0.222897180927523
3828,4.07753744390572,5,58,TRUE,5,7.65074214743547,7.62366155380163,7.93920394626136,8.40317632574732,1.6243537491336,0,2.15926410804643,2.8580228756379,2.7781644264852,4,1982,78,44,15,1,1,0.0862068965517241,0.0695600475624257,1,1,1,1,0.310344827586207,0.689655172413793,-0.40535262485043
3849,3.13549421592915,3,22,TRUE,3,8.39256916788334,9.1184045538028,6.91881741511778,8.77449380198598,2.09325917544913,0,1.99251619616727,3.05417467643031,4.54496929417359,4,2009,64,46,9,1,1,0.136363636363636,0.115702479338843,1,1,1,1,0,1,0.984807619152318
3851,4.30406509320417,7,73,TRUE,7,7.34094413657293,7.2603820400743,7.41520318070366,7.3004728142678,2.53523000540545,2.56494935746154,2.00743295721305,2.40492448823424,2.75149712154654,28,1989,74,36,12,1,1,0.0958904109589041,0.0928879714768249,1,1,1,1,0.506849315068493,0.493150684931507,0.0174743459888517
3855,3.8286413964891,5,45,TRUE,5,7.65414646069509,8.13193357062173,7.81489284161455,8.09735325880267,1.78907513814846,0,2.28545190178183,2.5345356850858,3.01985697414108,21,2003,71,33,12,2,1,0.0888888888888889,0.0874074074074074,0.977777777777778,0.956543209876543,1,1,0.355555555555556,0.644444444444444,-1.0622016783321
3862,2.99573227355399,5,19,TRUE,5,7.19882405022757,7.48311504887613,8.17552911984926,8.81290593156415,5.138352691047,4.18965474202643,1.69603673984916,3.59054976523099,3.47686497869707,30,2008,76,33,4,1,1,0.263157894736842,0.25207756232687,1,1,1,1,1,0,-0.0405122764309001
3863,3.52636052461616,6,33,TRUE,6,8.28041298958507,7.91024939484081,8.93109902708481,8.09569320910732,5.79567461421689,4.56434819146784,1.86375910578876,2.42358843849387,3.02065596663389,19,2007,70,38,6,1,1,0.181818181818182,0.169880624426079,1,1,1,1,1,0,0.149377904801032
3864,4.94875989037817,7,140,TRUE,7,8.54621974439127,8.42022658164445,8.69269547718291,8.42932667045794,2.99160166335306,3.1073040492111,1.90253249393825,2.03607211336413,3.0546395446641,11,1973,90,39,21,2,1,0.1,0.0593877551020408,0.885714285714286,0.797551020408163,1,1,0.585714285714286,0.414285714285714,0.039529469793831
3870,5.55295958492162,7,257,TRUE,7,8.20673605463985,8.3388987150382,8.52904407232728,8.61228334701701,2.16939611780021,0,2.39207881132047,3.36876222701114,3.74200279308,66,1990,84,24,19,6,1,0.124513618677043,0.0734757528501567,0.447470817120623,0.28889158049327,1,1,0.260700389105058,0.739299610894942,0.0111912721743885
3878,2.30258509299405,3,9,TRUE,3,5.3594327209311,5.8406416573734,8.22413100321088,7.25700270709207,5.11685576220899,0,1.60679008064139,1.9733002980528,6.0678445001765,7,2010,69,35,4,1,1,0.333333333333333,0.259259259259259,1,1,1,1,0,1,0.725071016365027
3905,0.693147180559945,1,1,FALSE,1,6.69140112744397,6.69140112744397,11.5129254649702,11.5129254649702,11.5129254649702,11.5129254649702,NA,0,NA,6,2006,69,62,1,1,1,1,1,1,1,1,1,1,0,NA
3924,4.80402104473326,7,121,TRUE,7,8.74424693265382,8.69207212043969,8.79214702159995,8.69207212043969,2.35590082297501,0,2.0672807412018,2.19191207946159,2.85105088239717,14,2000,71,40,18,1,1,0.0578512396694215,0.0571682262140564,1,1,1,1,0.479338842975207,0.520661157024793,-0.0152774822717253
3932,3.87120101090789,7,47,TRUE,7,7.78593546005772,7.16280051690762,7.9541826698785,7.22197460309445,5.08386971427903,4.85203026391962,2.83908672070728,6.3122257516736,2.72512462235427,18,2005,73,36,6,2,1,0.25531914893617,0.200543232231779,0.765957446808511,0.641466727025803,1,1,1,0,0.0933299073772909
3936,4.39444915467244,7,80,TRUE,7,7.56111199285206,7.35730580616764,8.28511479635973,8.05793939777456,3.6243568736991,1.99449202328214,1.94552961902767,2.34838995676613,4.36646033073482,17,2006,79,24,15,1,1,0.0875,0.07875,1,1,1,1,0.475,0.525,0.0185514756863951
3941,3.89182029811063,5,48,TRUE,5,7.41597641763238,7.75245562331566,8.31781147375932,8.5553319329758,2.49993310625329,0,1.39039729697439,2.14748615474588,4.69805628712973,20,2008,69,33,10,1,1,0.104166666666667,0.1015625,1,1,1,1,0.0625,0.9375,-0.0849965815204961
3948,4.9416424226093,7,139,TRUE,7,8.84221844016706,8.92550491074617,9.06079731582794,9.09092375274842,3.22707239975706,2.56494935746154,2.19549514034315,2.93252184946665,3.56920079559283,8,1970,76,35,25,1,1,0.0503597122302158,0.0472542829046116,1,1,1,1,0.525179856115108,0.474820143884892,-0.037160158996145
3962,5.28826703069454,7,197,TRUE,7,8.13764865182156,8.47354428828568,8.33784211387315,8.79886523979981,1.67830495457803,0,2.38087688049607,3.66316587452622,3.43426678909158,11,1990,88,53,15,4,1,0.121827411167513,0.082893143343039,0.472081218274112,0.31680795691721,1,1,0.16243654822335,0.83756345177665,-0.0418132526796923
3967,0.693147180559945,1,1,FALSE,1,6.25575004175337,6.25575004175337,11.5129254649702,11.5129254649702,11.5129254649702,11.5129254649702,NA,0,NA,10,2010,71,35,1,1,1,1,1,1,1,1,1,0,1,NA
3976,4.43081679884331,7,83,TRUE,7,8.08713273992143,8.18390547881165,8.40946473006491,8.4579101692524,2.23378904753179,0,1.59034784565041,2.3006853002631,3.57605505793915,10,1991,90,33,17,1,1,0.0843373493975904,0.07156336188126,1,1,1,1,0.385542168674699,0.614457831325301,0.0668455558066374
3985,4.69134788222914,7,108,TRUE,7,8.29773827407905,7.87394008023825,8.50292235848049,8.07319993423961,2.74550515231379,0,1.96226565429072,2.50653785153382,3.54447041381425,8,1958,88,38,21,1,1,0.0648148148148148,0.059156378600823,1,1,1,1,0.462962962962963,0.537037037037037,-0.0599465561175601
3990,4.80402104473326,7,121,TRUE,7,8.93602714269096,8.57572055670332,9.08452324802476,8.64115620273558,2.89217149462614,0,1.68201483832186,2.444931619522,3.28859716380692,6,1960,92,40,21,1,1,0.0578512396694215,0.0555289939211802,1,1,1,1,0.495867768595041,0.504132231404959,-0.0141205504963317
3993,4.11087386417331,7,60,TRUE,7,7.06328708620692,6.77985109990196,6.06825291365359,6.39256924720794,3.50439919229079,3.2188758248682,1.80355457763381,2.07580612378536,3.22476300511038,99999,99999,99999,99999,15,1,1,0.116666666666667,0.0816666666666667,1,1,1,1,0.683333333333333,0.316666666666667,-0.117506920029016
3998,4.76217393479776,7,116,TRUE,7,7.97017245731343,7.50356484243597,8.06040684073419,7.53262304562796,2.97197832931241,3.2188758248682,2.07346042540779,1.8810828105146,3.31286938986321,8,1998,72,41,18,1,1,0.0603448275862069,0.0584126040428062,1,1,1,1,0.491379310344828,0.508620689655172,0.0159945900812948
3999,3.25809653802148,4,25,TRUE,4,7.6111974788703,7.09839216737981,8.78968756100052,10.1385596747156,6.26910220204528,5.46383180502561,2.2249355146774,4.60992455310537,3.5662690376586,34,2007,87,39,7,1,1,0.16,0.1552,1,1,1,1,0.96,0.04,-0.0361553166738577
4000,4.30406509320417,5,73,TRUE,5,7.98374705136532,7.9043348420851,8.72145709041609,8.50221761514125,3.78305905239582,2.07944154167984,1.59876720109267,2.36240358820496,4.54920718006572,8,2008,56,45,16,1,1,0.0684931506849315,0.0658660161381122,1,1,1,1,0.452054794520548,0.547945205479452,0.271307957907018
4007,1.38629436111989,1,3,FALSE,1,7.72464894824189,8.37045033909063,11.5129254649702,11.5129254649702,11.5129254649702,11.5129254649702,1.91681086296244,1.83340374905643,0,6,2012,77,51,3,1,1,0.333333333333333,0.333333333333333,1,1,1,1,1,0,NA
4009,5.14166355650266,7,170,TRUE,7,6.97797866020225,6.96764307025665,7.08000893781187,7.12691261710371,2.07109164444526,2.56494935746154,2.2730319467998,2.60043366790325,2.4397085636329,9,1935,72,49,18,2,1,0.0823529411764706,0.0658131487889273,0.670588235294118,0.558200692041522,1,1,0.523529411764706,0.476470588235294,-0.00387651058851284
4021,4.44265125649032,7,84,TRUE,7,8.08578527417517,8.14362781376189,8.12284945470271,8.16700802544567,2.03024934478551,0,1.92763643239767,3.0808230512894,2.67541262629626,2,2001,62,62,12,1,1,0.0833333333333333,0.0833333333333333,1,1,1,1,0.416666666666667,0.583333333333333,-0.0538402923461422
4024,4.86753445045558,7,129,TRUE,7,8.64015959037535,8.35903181281168,8.81596109326361,8.68016201969438,2.88047350893883,3.2188758248682,2.11487746472525,2.82498453967766,3.211594159012,5,1980,90,54,21,1,1,0.0542635658914729,0.0531819001261943,1,1,1,1,0.511627906976744,0.488372093023256,-0.0606040804704985
4027,5.32300997913841,7,204,TRUE,7,8.16354636869734,8.25929093186273,8.45581481102821,8.4433867027898,2.98030314245708,2.56494935746154,2.45252277240201,3.35474448170644,3.35014376421427,6,1983,58,46,24,2,1,0.0686274509803922,0.0533448673587082,0.656862745098039,0.549211841599385,1,1,0.529411764705882,0.470588235294118,-0.0668753206981455
4028,3.98898404656427,5,53,TRUE,5,8.72436906832121,9.18814384157909,9.61283557262631,10.0787811375563,2.8239251140493,0,2.20323218654113,3.93653688807832,5.00089525498317,20,2008,81,33,10,2,1,0.132075471698113,0.105731577073692,0.886792452830189,0.799216803132788,1,1,0,1,0.185953451502792
4029,3.78418963391826,6,43,TRUE,6,7.93171496513944,8.05706068196577,8.82361158779529,9.57553888685579,5.01817753155169,4.36944785246702,1.87828755901852,3.46221008810109,3.92984134809153,17,2002,74,29,14,1,1,0.13953488372093,0.0881557598702001,1,1,1,1,0.627906976744186,0.372093023255814,-0.404039362865883
4030,1.09861228866811,2,2,FALSE,2,3.73082019610429,3.73082019610429,11.5129254649702,11.5129254649702,11.5129254649702,11.5129254649702,1.03957130960729,0.735087922550297,0,99999,99999,99999,99999,2,2,1,0.5,0.5,0.5,0.5,1,1,0,1,NA
4034,4.15888308335967,6,63,TRUE,6,7.98116000728459,7.86787149039632,8.39918791913276,8.44581748322749,2.37568303245417,0,1.75323485928013,2.86277402588249,4.69652081942472,9,2006,65,51,8,3,1,0.19047619047619,0.143864953388763,0.619047619047619,0.516754850088183,1,1,0,1,0.105045852381836
4047,0.693147180559945,1,1,FALSE,1,6.83087423464618,6.83087423464618,11.5129254649702,11.5129254649702,11.5129254649702,11.5129254649702,NA,0,NA,99999,99999,99999,99999,1,1,1,1,1,1,1,1,1,0,1,NA
4061,4.91998092582813,7,136,TRUE,7,9.39070348270586,9.25240653044466,9.56977910125188,9.31376689917919,3.05539853420859,2.56494935746154,2.26384247467344,3.05896450792362,3.2769488315222,53,1968,73,32,22,2,1,0.0588235294117647,0.0499567474048443,0.992647058823529,0.985402249134948,1,1,0.536764705882353,0.463235294117647,-0.0506335849332809
4086,5.01727983681492,7,150,TRUE,7,8.93106655628754,9.21591152167078,9.03935753623055,9.2833385127198,2.9410220044024,2.56494935746154,2.48885715846187,3.87787275258045,3.31155235601865,29,1951,71,48,22,2,1,0.0933333333333333,0.0537777777777778,0.886666666666667,0.799022222222222,1,1,0.54,0.46,0.0388052538697885
4089,4.70048036579242,7,109,TRUE,7,7.47350551127389,7.03321543664644,7.6122494888229,7.06987412845857,1.88356628038704,0,1.82887542164488,1.72086247874191,2.60098312844452,11,1982,83,51,17,1,1,0.0642201834862385,0.0620318155037455,1,1,1,1,0.394495412844037,0.605504587155963,-0.0868363708638545
4109,3.25809653802148,5,25,TRUE,5,7.78336187624946,6.99668148817654,8.66432503637134,7.97625194374562,5.67137859899638,4.23410650459726,1.96134615317565,4.175500783101,3.69943354845009,4,2008,62,59,6,1,1,0.2,0.168,1,1,1,1,1,0,0.293431790196186
4118,3.73766961828337,5,41,TRUE,5,7.94946116036155,7.87796585284572,8.61530438989482,8.53464010501996,3.17314692930001,0,1.56018804680167,2.19464994380377,4.90125690504486,15,2008,76,34,10,1,1,0.121951219512195,0.110053539559786,1,1,1,1,0.219512195121951,0.780487804878049,0.567835248599542
4123,4.52178857704904,7,91,TRUE,7,7.40270432097955,7.1800698743028,7.64502305695009,7.53101633207792,2.73453106352653,2.99573227355399,1.92407239012623,1.8263478762419,2.62342657216101,4,1964,82,53,15,1,1,0.0769230769230769,0.073541842772612,1,1,1,1,0.615384615384615,0.384615384615385,-0.050189159281769
4134,1.94591014905531,1,6,FALSE,1,6.30838232539797,6.39859493453521,11.5129254649702,11.5129254649702,11.5129254649702,11.5129254649702,1.63184957830552,1.83806079823251,0,5,2012,68,37,6,1,1,0.166666666666667,0.166666666666667,1,1,1,1,0,1,NA
4148,4.85203026391962,7,127,TRUE,7,8.43938797876521,8.34228488842938,8.56306796594038,8.54371047973628,2.53178007104887,2.56494935746154,1.86053395616217,2.96061210878913,2.83666605627388,26,1971,97,38,19,1,1,0.0551181102362205,0.054746109492219,1,1,1,1,0.503937007874016,0.496062992125984,-0.0970167475140535
4154,3.98898404656427,7,53,TRUE,7,6.6187458684648,6.44730586254121,7.58004562419004,7.6506445514369,3.53666012509133,3.2188758248682,1.61260301089882,2.45328560081104,4.01880910492201,6,2005,68,48,10,1,1,0.132075471698113,0.107155571377714,1,1,1,1,0.528301886792453,0.471698113207547,0.136493209696926
4170,4.96284463025991,7,142,TRUE,7,8.80668634818886,8.9793718757507,8.89292828089258,8.95233100958678,3.04856845169551,3.15677402313855,2.15164237473532,2.68521921122469,3.14775376203621,11,1955,90,36,22,1,1,0.0492957746478873,0.0487006546320175,1,1,1,1,0.556338028169014,0.443661971830986,-0.0308276328376452
4194,3.40119738166216,4,29,TRUE,4,7.16139687932326,7.17142638147241,7.58050564096853,7.34601020991329,0.819070279721085,0,1.58646493884007,1.87361190958456,1.65850224611004,20,1957,82,51,11,1,1,0.137931034482759,0.0963139120095125,1,1,1,1,0.206896551724138,0.793103448275862,-0.439091271895325
4198,4.56434819146784,7,95,TRUE,7,8.95880305974423,9.17582242347045,8.85437244841884,9.20235053809234,1.23632006516062,0,1.81763408114864,2.55714137607483,2.76034180558525,28,1980,76,27,13,2,1,0.126315789473684,0.0920775623268698,0.810526315789474,0.692853185595568,1,1,0.178947368421053,0.821052631578947,0.0507826201729404
4201,3.61091791264422,3,36,TRUE,3,6.47055061534293,7.03836015504247,9.67679249329653,11.5129254649702,6.7158731878993,11.5129254649702,2.72875686828681,3.07093679858552,5.75646273248511,7,2010,58,28,13,5,1,0.25,0.135802469135802,0.694444444444444,0.506172839506173,1,1,0.166666666666667,0.833333333333333,0.318477368975767
4226,4.90527477843843,7,134,TRUE,7,7.7111826686118,7.43606373517891,8.14505247425055,7.99150867684676,2.44453107345109,0,2.03653830049394,2.88931510010485,3.29217672965211,35,1989,85,26,15,3,1,0.119402985074627,0.0767431499220316,0.701492537313433,0.54377366896859,1,1,0.447761194029851,0.552238805970149,-0.0743116940282979
4229,5.4249500174814,7,226,TRUE,7,8.23065958242845,8.18824316945462,8.41061527263544,8.40197257404148,2.11374882611119,0,2.56108530852394,3.1064156872747,3.23236632534886,19,2001,87,35,20,5,1,0.0929203539823009,0.0619469026548673,0.548672566371681,0.392904691048633,1,1,0.36283185840708,0.63716814159292,-0.0150386526203024
4236,2.484906649788,3,11,TRUE,3,8.04036635322409,6.82328612235569,8.64806286595377,7.23487679066491,5.49527842367776,4.07753744390572,2.62349125818842,4.58496312096298,2.70218900829331,16,2002,88,37,6,2,1,0.181818181818182,0.173553719008264,0.909090909090909,0.834710743801653,1,1,0.909090909090909,0.0909090909090909,-0.750634403229004
4237,5.30330490805908,7,200,TRUE,7,8.7229364896425,8.89919473677363,8.84730547993568,9.22408015008597,0.927089652452282,0,2.07705368800384,2.42994849962018,2.38416845058141,27,2000,68,33,17,4,1,0.11,0.0782,0.505,0.39375,1,1,0.185,0.815,-0.0356290493885034
4247,4.46590811865458,6,86,TRUE,6,8.21047611606824,8.53724449464022,8.41532427086702,8.92954788836521,2.78563804973613,0,2.09000614793369,3.19562102827388,3.78270479529575,12,2005,62,33,17,2,1,0.0930232558139535,0.0630070308274743,0.976744186046512,0.954570037858302,1,1,0.418604651162791,0.581395348837209,-0.202281723743684
4250,2.484906649788,1,11,FALSE,1,7.92577808122757,8.00819922247922,11.5129254649702,11.5129254649702,11.5129254649702,11.5129254649702,1.36264752565934,2.2642440578951,0,22,2012,69,31,10,2,1,0.181818181818182,0.107438016528926,0.909090909090909,0.834710743801653,1,1,0.181818181818182,0.818181818181818,NA
4251,0.693147180559945,1,1,FALSE,1,5.20015311776081,5.20015311776081,11.5129254649702,11.5129254649702,11.5129254649702,11.5129254649702,NA,0,NA,8,1990,85,76,1,1,1,1,1,1,1,1,1,0,1,NA
4260,5.08759633523238,7,161,TRUE,7,8.41062771463156,8.6069699079941,8.44387687797884,8.73184317428349,1.53977372520156,0,1.86412894889975,2.78968315559908,3.02500548516937,42,1989,89,38,15,2,1,0.0869565217391304,0.0751128428687165,0.608695652173913,0.523629489603025,1,1,0.236024844720497,0.763975155279503,0.0588835826193437
4265,2.07944154167984,1,7,FALSE,1,8.37017759343346,8.68162908236878,11.5129254649702,11.5129254649702,11.5129254649702,11.5129254649702,1.85135131045922,1.70290479779837,0,4,2007,50,35,7,1,1,0.142857142857143,0.142857142857143,1,1,1,1,0,1,NA
4276,2.484906649788,4,11,TRUE,4,7.82152508598487,9.1076906233118,9.00488616784051,9.39615000501962,5.44842180123515,5.08759633523238,2.1339068382192,3.04812381803207,3.41178175139608,6,2004,51,49,5,1,1,0.363636363636364,0.256198347107438,1,1,1,1,0.818181818181818,0.181818181818182,0.180000163097771
4277,5.25749537202778,7,191,TRUE,7,9.06664592839844,8.87853781540813,9.27556028018237,9.13151359143021,2.35275608452118,0,2.36046046625206,4.1924291203114,3.42858344408426,79,1991,74,28,21,3,1,0.0994764397905759,0.0619774677229243,0.670157068062827,0.503632027630822,1,1,0.340314136125654,0.659685863874346,-0.0786631596175316
4283,3.36729582998647,5,28,TRUE,5,7.16418604401615,7.60324685160523,7.36383684457571,8.17790053094049,2.62395861846758,3.05462379138218,1.75967816821293,3.28360303839436,2.16899110631419,9,1970,80,61,7,1,1,0.178571428571429,0.160714285714286,1,1,1,1,0.642857142857143,0.357142857142857,0.0175819637689286
4288,3.43398720448515,5,30,TRUE,5,6.17914018061919,6.399028493922,7.81460504472711,6.64345586960529,3.69039918964664,1.6094379124341,1.35436345130008,1.55623291510382,4.90060731195408,12,2007,72,47,8,1,1,0.166666666666667,0.133333333333333,1,1,1,1,0.333333333333333,0.666666666666667,0.143325734806403
4291,3.87120101090789,5,47,TRUE,5,7.73733440396585,7.82284529027977,7.99783421627053,8.05968398081886,1.72954716793843,0,1.36788317651004,2.39762563368978,2.23499119596812,13,2001,77,34,11,2,1,0.148936170212766,0.098234495246718,0.957446808510638,0.918515165233137,1,1,0.404255319148936,0.595744680851064,-0.336339962245128
4297,4.91998092582813,7,136,TRUE,7,8.80077279251511,8.73446330981647,8.9427572913692,8.82238531480417,3.2289180076905,3.63723977938694,2.05157286056311,2.09931980579278,3.42109613271526,14,1975,78,30,23,1,1,0.0514705882352941,0.049848615916955,1,1,1,1,0.536764705882353,0.463235294117647,-0.0261371884378154
4300,3.76120011569356,7,42,TRUE,7,7.43641365671428,7.09846851979326,8.56990108425187,8.7379357562346,5.85474720904297,4.60471998336651,2.44289259570383,4.12236593854524,3.57326138942377,10,2006,58,30,10,1,1,0.166666666666667,0.14172335600907,1,1,1,1,0.904761904761905,0.0952380952380952,-0.121485680380311
4310,4.84418708645859,7,126,TRUE,7,7.80010639021183,7.50694562778322,7.99691414105471,7.64903865881285,2.80110450512249,2.56494935746154,2.05675274874077,1.64608935850002,3.10672917264704,24,1983,95,34,20,2,1,0.0714285714285714,0.0560594608213656,0.968253968253968,0.938523557571177,1,1,0.547619047619048,0.452380952380952,-0.0111669151297485
4315,4.54329478227,7,93,TRUE,7,7.91155840001465,8.19821582322374,8.16579097580723,8.54286093816481,1.92477848411937,0,1.31629276592322,2.03477988708506,2.87180786999335,23,2000,80,27,15,2,1,0.0860215053763441,0.0720314487223957,0.989247311827957,0.978725864261764,1,1,0.387096774193548,0.612903225806452,-0.0744977083482561
4316,5.39362754635236,7,219,TRUE,7,8.03047375510247,7.82043951526218,8.23316595641776,7.93471759777332,2.63978886729385,0,2.1930033320154,3.20467917722158,3.38479748141754,11,1958,87,41,22,3,1,0.0821917808219178,0.0570672004336857,0.575342465753425,0.455057234002627,1,1,0.452054794520548,0.547945205479452,0.00626822032450452
4330,3.04452243772342,7,20,TRUE,7,6.74930147423407,6.69401018436899,7.05846868567599,7.38163108274302,3.33334625380033,3.2188758248682,1.03379496606627,1.4059005504199,0.647740244567637,99999,99999,99999,99999,2,2,1,0.6,0.52,0.55,0.505,1,1,1,0,-0.378386862377984
4332,4.7361984483945,7,113,TRUE,7,7.72081145265178,7.43508987662387,7.88622751750531,7.53689712956617,2.86518843012417,3.2188758248682,1.87363156993835,1.49575543235538,3.01867974280775,2,1972,68,68,19,1,1,0.0619469026548673,0.0597540919414206,1,1,1,1,0.566371681415929,0.433628318584071,-0.0168815537566182
4334,2.30258509299405,5,9,TRUE,5,7.01830321977325,6.76041469108343,8.80234666710997,6.85730373548604,6.36857394065397,2.56494935746154,1.00187654009697,1.45283979563036,4.88704927800773,12,2008,66,47,4,1,1,0.555555555555556,0.382716049382716,1,1,1,1,1,0,0.248529151135163
4344,2.30258509299405,7,9,TRUE,7,6.73231391251806,6.7719355558396,7.45171851580677,6.83733281468559,3.86804372848612,2.56494935746154,0.412356198002037,0.342121969163332,2.9023566443977,9,2004,65,38,2,1,1,0.777777777777778,0.654320987654321,1,1,1,1,1,0,0.0602353110436937
4349,2.77258872223978,4,15,TRUE,4,7.24956147256784,5.96100533962327,9.17707896299694,10.5856716070389,6.81060245071246,6.28785856016178,2.65621613789867,4.53844881907313,3.78222026203806,4,2006,69,36,5,1,1,0.266666666666667,0.208888888888889,1,1,1,1,1,0,-0.415593890839649
4351,5.70711026474888,7,300,TRUE,7,9.14858081298993,9.40977848045664,9.29288850458821,9.46232917212159,2.89838401867929,0,2.15306630985365,3.05783962475115,3.46889865749321,39,1997,74,31,24,4,1,0.06,0.0491555555555556,0.476666666666667,0.397977777777778,1,1,0.456666666666667,0.543333333333333,-0.0319867028722067
4352,4.21950770517611,7,67,TRUE,7,6.46526390152807,6.81277404506918,6.87802436281781,7.02375895473844,2.87586260123352,2.56494935746154,1.99309815665204,2.71016509384651,3.57500907870787,16,1964,82,43,13,2,1,0.149253731343284,0.0911116061483627,0.955223880597015,0.914457562931611,1,1,0.492537313432836,0.507462686567164,-0.245348645484938
4360,1.79175946922805,1,5,FALSE,1,7.54121828553108,7.82190371778426,11.5129254649702,11.5129254649702,11.5129254649702,11.5129254649702,1.25151466185469,0.777068436251034,0,6,2012,69,30,5,1,1,0.2,0.2,1,1,1,1,0,1,NA
4375,5.38449506278909,7,217,TRUE,7,8.38050386299048,8.52227824061106,8.75632174334435,8.89433015304865,2.59237155850201,0,2.28631983253954,3.35829010571367,3.91111668956119,78,1991,88,32,22,5,1,0.0967741935483871,0.0641126377710293,0.56221198156682,0.40253562403109,1,1,0.327188940092166,0.672811059907834,0.138041499145326
4388,4.72738781871234,7,112,TRUE,7,8.9651328313126,9.07142364079018,9.0538216824332,9.05954135544127,2.49003510561181,0,1.77530692995915,2.99585416665651,3.25131848717507,13,2001,68,26,19,1,1,0.0625,0.0597895408163265,1,1,1,1,0.428571428571429,0.571428571428571,0.0790110814569683
4391,3.80666248977032,6,44,TRUE,6,6.72281189753456,6.88704575512161,6.89358203255772,6.97179896060776,0.742651329255304,0,1.29505729990607,1.5513224176657,1.3158241669956,8,1998,72,59,10,1,1,0.136363636363636,0.108471074380165,1,1,1,1,0.25,0.75,-0.43068420633106
4401,2.30258509299405,3,9,TRUE,3,5.92290439446869,6.40687998606931,10.5468362354546,11.5129254649702,9.36155998899125,11.5129254649702,1.45615560223521,2.50289568762407,4.28469419348595,18,2010,69,43,6,2,1,0.333333333333333,0.209876543209877,0.555555555555556,0.506172839506173,1,1,0.333333333333333,0.666666666666667,-0.84499046057913
4414,4.969813299576,7,143,TRUE,7,8.41090914258163,8.13229218531466,8.64299161200018,8.4295525255568,3.38432064451939,3.46573590279973,1.98224546678608,1.73954704617285,3.41497098394916,14,1968,80,53,22,2,1,0.0559440559440559,0.048755440363832,0.993006993006993,0.986111790307594,1,1,0.552447552447552,0.447552447552448,-0.0781452512881177
4424,2.77258872223978,4,15,TRUE,4,8.4020959485225,8.0727793331695,9.30483411584569,8.43938298984542,3.07011345732539,0,1.70141258269885,2.63231067693395,5.26990011720934,28,2009,78,38,4,1,1,0.266666666666667,0.253333333333333,1,1,1,1,0,1,-0.166677095824812
4430,1.09861228866811,2,2,FALSE,2,6.25575004175337,6.25575004175337,8.8843377533618,8.8843377533618,5.75646273248511,5.75646273248511,0,0,8.14086766757574,9,2008,69,43,1,1,1,1,1,1,1,1,1,0,1,NA
4438,3.95124371858143,5,51,TRUE,5,10.4320110733634,11.0302767829674,10.6764944527937,11.5129254649702,2.70892363881652,0,1.86157763583214,2.3064073297259,4.93217558855244,49,2008,74,33,9,3,1,0.176470588235294,0.117262591311034,0.882352941176471,0.788542868127643,1,1,0,1,0.220336366268513
4447,3.68887945411394,7,39,TRUE,7,7.29911296854053,7.25841215059531,8.34361815557164,8.33402487622356,3.95360650893435,3.87120101090789,1.60025683665248,1.80822788556863,4.14292683872559,13,1981,87,31,11,1,1,0.179487179487179,0.132149901380671,1,1,1,1,0.435897435897436,0.564102564102564,-0.0832941517112703
4450,5.06259503302697,7,157,TRUE,7,7.41122440979191,7.33236920592906,7.98731098115254,7.66164001615761,2.52252644471269,0,1.75879798149426,2.20453499282097,3.68847986983013,5,2003,70,30,22,3,1,0.121019108280255,0.0703882510446671,0.700636942675159,0.541563552273926,1,1,0.35031847133758,0.64968152866242,-0.0686285803407798
4451,4.11087386417331,6,60,TRUE,6,7.29385846325788,7.03574809212944,7.73670183419326,7.82777546926997,2.44842852361226,2.34106561356211,2.31460065005287,3.54075343372186,3.00635712935228,22,1996,87,39,16,1,1,0.1,0.0711111111111111,1,1,1,1,0.5,0.5,-0.27817402133871
4456,1.94591014905531,1,6,FALSE,1,6.90431483014086,6.70936828619879,11.5129254649702,11.5129254649702,11.5129254649702,11.5129254649702,1.71990519241274,2.40781322588484,0,41,2012,67,26,6,1,1,0.166666666666667,0.166666666666667,1,1,1,1,0.5,0.5,NA
4479,4.77068462446567,7,117,TRUE,7,8.75724114980445,9.12062133257496,8.88012346434166,9.13893136970889,2.02830276665877,0,2.30277599320928,3.76076702594597,2.77896460821402,12,1997,94,34,19,1,1,0.0598290598290598,0.0567609029147491,1,1,1,1,0.427350427350427,0.572649572649573,-0.00457424258733543
4485,4.71849887129509,7,111,TRUE,7,8.36038907232215,8.43996651500218,8.47419201341811,8.5951777826203,2.28089653967253,0,2.17373108487026,4.20786033398291,2.96811930112858,22,2000,78,30,18,1,1,0.0630630630630631,0.0607905202499797,1,1,1,1,0.45045045045045,0.54954954954955,0.0772455947720774
4489,4.60517018598809,7,99,TRUE,7,7.92415690972486,8.19585229644836,8.42000545249195,8.80487726386602,1.84745002596653,0,1.80505877545603,2.67854546368809,2.78622227726255,20,1997,71,36,17,2,1,0.0808080808080808,0.0645852464034282,0.97979797979798,0.960412202836445,1,1,0.353535353535354,0.646464646464647,-0.249666535514627
4496,3.49650756146648,5,32,TRUE,5,7.41343325104452,7.55697142381465,8.39466005605362,8.01796878538391,2.87823136624256,0,1.34590460318048,2.01759605024929,5.06501191468127,4,2007,56,55,8,1,1,0.15625,0.126953125,1,1,1,1,0,1,0.191429169532566
4510,4.75359019110636,7,115,TRUE,7,7.97825588568045,7.77525484668636,8.13866606509122,8.05666136270471,2.97491919032181,3.2188758248682,1.88867291951085,2.00974805918577,2.91342473659989,7,1967,88,23,19,1,1,0.0608695652173913,0.0581474480151229,1,1,1,1,0.6,0.4,0.0691472601574242
4516,4.54329478227,7,93,TRUE,7,7.61760408542348,7.24992553671799,7.73110397165382,7.25894018017723,3.17507354366837,2.56494935746154,1.93734581704473,2.61502168029255,3.19024926763982,6,1988,80,57,16,1,1,0.0752688172043011,0.0694878020580414,1,1,1,1,0.591397849462366,0.408602150537634,0.141688224881296
4529,4.57471097850338,7,96,TRUE,7,7.60375263772065,7.47031617213621,7.68658809086811,8.11363393554188,2.2210275394573,1.28247467873077,2.13711966465995,2.9632719725243,2.57312680121386,15,1955,95,34,15,1,1,0.0729166666666667,0.0694444444444445,1,1,1,1,0.5,0.5,0.000734719564217157
4538,4.4188406077966,6,82,TRUE,6,8.08515453108018,7.67581462240806,8.83736057338527,8.10291727385396,4.75563154106134,4.14951859080653,2.16292672869502,2.39338144094455,4.21470769862546,11,2007,70,29,16,2,1,0.0731707317073171,0.0690065437239738,0.98780487804878,0.975907198096371,1,1,0.609756097560976,0.390243902439024,-0.0255126227771374
4540,4.34380542185368,6,76,TRUE,6,7.47462854076193,7.8060665336276,8.38048971399681,8.87207544924709,4.12621698357426,2.2975599250673,2.0127499584584,2.74106862232131,4.71225280992881,9,2007,62,32,12,2,1,0.157894736842105,0.108379501385042,0.644736842105263,0.541897506925208,1,1,0.394736842105263,0.605263157894737,-0.127853762791395
4549,2.63905732961526,2,13,FALSE,2,7.83963528085658,8.12518710299223,9.12637084677898,11.5129254649702,6.19926755806089,11.5129254649702,2.4225840631229,3.12706699569617,5.97376369357556,4,2011,63,44,7,1,1,0.153846153846154,0.14792899408284,1,1,1,1,0,1,NA
4550,4.67282883446191,7,106,TRUE,7,9.14888578487821,9.29690882790331,9.26121998235215,9.48895125597175,2.37604382975915,0,2.08407396289286,4.02077955827872,3.37794889496293,23,2001,69,27,19,1,1,0.0660377358490566,0.0614097543609826,1,1,1,1,0.405660377358491,0.594339622641509,0.0266097047920078
4572,3.89182029811063,5,48,TRUE,5,6.87913743607522,6.84091471992287,7.96952217698519,8.10008568379553,4.63818295132731,2.56494935746154,1.46963570304207,1.94247887542888,4.96058390093348,19,2008,73,23,13,2,1,0.145833333333333,0.0989583333333333,0.895833333333333,0.813368055555556,1,1,0.458333333333333,0.541666666666667,-0.0668359054845007
4578,4.7361984483945,7,113,TRUE,7,7.6249815776752,7.32052696227274,7.97386884147164,7.72356247227797,3.32485100200752,3.71357206670431,2.04578174378212,2.16250030316816,3.21398571869427,45,1985,94,37,17,2,1,0.0707964601769911,0.0628866786749158,0.955752212389381,0.91542015819563,1,1,0.575221238938053,0.424778761061947,-0.058773539749849
4586,3.98898404656427,5,53,TRUE,5,7.75722640655855,7.85597869224495,8.34576382671584,8.36776467792431,2.76305105029418,0,1.6537616432355,1.68939547680076,4.41857403101041,94,2007,79,28,12,1,1,0.0943396226415094,0.0857956568173727,1,1,1,1,0.226415094339623,0.773584905660377,0.415218812565418
4592,2.07944154167984,1,7,FALSE,1,6.43965925321508,7.05272104923232,11.5129254649702,11.5129254649702,11.5129254649702,11.5129254649702,1.5694933684838,1.60504531034415,0,4,2011,62,56,7,1,1,0.142857142857143,0.142857142857143,1,1,1,1,0,1,NA
4595,4.93447393313069,7,138,TRUE,7,8.09057458830093,7.75983767329347,8.3382230822042,8.39692033496632,2.97586329858118,2.56494935746154,2.27099375672668,3.57728351369901,3.24251813179487,22,2001,70,25,22,2,1,0.101449275362319,0.0575509346775887,0.847826086956522,0.741965973534972,1,1,0.594202898550725,0.405797101449275,-0.00814316614372217
4637,3.52636052461616,7,33,TRUE,7,7.52697698374588,6.67582322163485,8.0729682411491,9.36878496261642,4.55565448690155,4.66343909411207,2.19848777468341,4.42326328005669,3.00613861169434,23,2002,80,34,8,1,1,0.212121212121212,0.164370982552801,1,1,1,1,0.818181818181818,0.181818181818182,-0.00621894608929584
4645,4.8283137373023,7,124,TRUE,7,7.66802445376477,7.98082660972991,7.81434855892318,8.16141075791416,2.6677161741537,2.56494935746154,2.13830511134568,2.6093518757697,2.96076487843495,24,1977,75,38,20,1,1,0.0564516129032258,0.0548907388137357,1,1,1,1,0.548387096774194,0.451612903225806,-0.0609333525810681
4649,3.87120101090789,7,47,TRUE,7,7.64442746368837,7.0797318437211,8.44879610104895,7.37274636640433,4.89032512268688,3.89182029811063,1.60243619461692,3.12578708975851,3.68577728213714,9,2006,86,40,7,2,1,0.25531914893617,0.186962426437302,0.787234042553192,0.665006790402897,1,1,0.808510638297872,0.191489361702128,-0.111961924280448
4660,4.95582705760126,7,141,TRUE,7,9.02041361674809,9.05181346374795,9.14954866318093,9.09840271873532,2.70328770803227,2.30258509299405,1.82504506209353,3.25795887092783,3.14652396297737,24,1958,88,33,22,3,1,0.099290780141844,0.0532669382827826,0.943262411347518,0.892258940697148,1,1,0.49645390070922,0.50354609929078,0.036327128770712
4664,3.52636052461616,6,33,TRUE,6,7.45512758893538,6.15237092714645,8.26672381090069,8.42965513029832,5.57964021655314,4.77068462446567,2.43130926054903,4.79485439053764,3.18983568412438,12,2006,60,39,6,1,1,0.181818181818182,0.168044077134986,1,1,1,1,1,0,-0.197939769623165
4676,4.82028156560504,7,123,TRUE,7,8.64950121811041,8.77601271918292,8.67518483909595,8.77318643472898,2.78068726950687,1.09861228866811,1.80427162800353,1.77511263909451,3.33132574176498,27,2002,68,29,17,2,1,0.113821138211382,0.0699980170533413,0.853658536585366,0.750148720999405,1,1,0.504065040650406,0.495934959349593,0.109715613893185
4678,2.19722457733622,7,8,TRUE,7,9.50373416096581,10.1868390134736,9.63524681275121,10.2449668200482,5.09610412727541,5.46132986485546,2.00671399709413,0.562399052898698,1.19081074504244,11,2004,74,46,2,1,1,0.875,0.78125,1,1,1,1,1,0,0.169874748045246
4682,2.63905732961526,2,13,FALSE,2,5.99921435382795,6.36990098282823,10.6938573170389,11.5129254649702,9.74170616266712,11.5129254649702,1.37921394101654,2.5855833161334,4.32349274222489,8,2009,59,42,11,1,1,0.153846153846154,0.100591715976331,1,1,1,1,0.230769230769231,0.769230769230769,NA
4687,3.40119738166216,7,29,TRUE,7,6.70061022104899,6.90975328164481,6.30720445455434,6.86380339145295,3.12096099008609,0,1.83843122039681,1.74078003161977,4.89166649724489,8,2006,64,43,7,1,1,0.172413793103448,0.158145065398335,1,1,1,1,0.172413793103448,0.827586206896552,0.146422546050984
4695,4.85981240436167,7,128,TRUE,7,7.52144718115669,7.47548148601178,7.66776492200794,7.61767787129762,2.11689140319434,2.48142231512995,1.71123304242023,2.86060736131758,2.53672881286873,9,1996,69,29,17,2,1,0.109375,0.0684814453125,0.8359375,0.7257080078125,1,1,0.5546875,0.4453125,-0.0995544173161094
4709,4.7361984483945,7,113,TRUE,7,7.85401307870692,8.15536212032814,8.10892457294414,8.19030448571205,3.2209801671024,2.56494935746154,2.33084488339896,2.42896419264296,3.55984896901233,13,1971,80,54,21,1,1,0.0619469026548673,0.0572480225546245,1,1,1,1,0.530973451327434,0.469026548672566,-0.131453849945028
4718,4.87519732320115,7,130,TRUE,7,8.29547218572228,8.32974162137649,9.02661818115486,9.12694008200762,2.72887963903108,0,2.29330966722115,4.03749446701891,3.89507723882939,15,2005,70,30,19,4,1,0.0769230769230769,0.0605917159763314,0.807692307692308,0.671360946745562,1,1,0.361538461538462,0.638461538461538,-0.083006286454325
4721,2.07944154167984,2,7,FALSE,2,5.1508860942142,6.35957386867238,6.16726080610835,6.35957386867238,0.62238697524137,0,2.41748135960191,3.09172213821655,1.0861099064444,14,2005,71,39,4,1,1,0.285714285714286,0.26530612244898,1,1,1,1,0.285714285714286,0.714285714285714,NA
4722,2.63905732961526,4,13,TRUE,4,7.54101966358501,7.17188721097366,7.72462674188274,8.78498271252879,3.92636809135369,4.75359019110636,1.52035465535737,2.25940132100169,1.32013070752128,4,2001,47,47,4,1,1,0.307692307692308,0.254437869822485,1,1,1,1,1,0,-0.154876452348215
4740,3.63758615972639,4,37,TRUE,4,8.37127053574153,8.37678103769949,9.3226358773566,9.21731598571261,3.48992126390434,0,1.5686283738667,2.24704631265232,5.30605884185033,16,2008,66,27,11,1,1,0.108108108108108,0.0971512052593134,1,1,1,1,0.0540540540540541,0.945945945945946,0.167736577695346
4742,4.45434729625351,7,85,TRUE,7,7.8344620156678,7.79241498303762,7.87988636478949,7.79241498303762,2.17448657454578,0,2.11518581066431,2.41639060223942,2.67464188307963,13,1960,85,53,14,1,1,0.0823529411764706,0.0770934256055363,1,1,1,1,0.458823529411765,0.541176470588235,-0.095877659531879
4745,4.55387689160054,7,94,TRUE,7,9.62162712928905,10.226377937618,9.47826105564124,10.2103662081926,1.31108604585454,0,2.24664832193996,2.44164137636848,2.1274936440405,41,1998,87,33,15,1,1,0.074468085106383,0.0708465368945224,1,1,1,1,0.329787234042553,0.670212765957447,-0.0746570221034066
4748,2.07944154167984,6,7,TRUE,6,6.39627644720451,6.33150184989369,6.28436559886032,6.31914827769612,2.65836742423392,2.56494935746154,0.357123891707466,0.26477757758356,0.247160972640145,99999,99999,99999,99999,2,1,1,0.857142857142857,0.755102040816326,1,1,1,1,1,0,0.162746572789446
4765,1.38629436111989,2,3,FALSE,2,5.97971732840425,5.75574221358691,5.95629270455079,5.73009978297357,2.56494935746154,2.56494935746154,0.410343623616267,0.361605102839341,0,99999,99999,99999,99999,2,1,1,0.666666666666667,0.555555555555556,1,1,1,1,1,0,NA
4782,2.39789527279837,5,10,TRUE,5,6.42424096315853,6.37201930772417,7.42672970180143,6.47062872871222,4.32348444099548,2.63649977928187,0.245721928689377,0.321557853498688,3.82841866221999,18,2008,69,38,2,1,1,0.5,0.5,1,1,1,1,1,0,0.0490222939170899
4808,5.60947179518496,7,272,TRUE,7,8.59578476766761,8.74891739793441,8.65207166437073,8.77522951293694,2.7046042951625,2.56494935746154,1.95811403287438,2.9897956017353,2.99261132401854,13,1965,76,52,23,3,1,0.0772058823529412,0.0544171712802768,0.474264705882353,0.414278762975779,1,1,0.536764705882353,0.463235294117647,0.0625513459226625
4815,3.80666248977032,4,44,TRUE,4,8.49678939508613,8.94265404599904,9.38197757067262,9.35706375181021,3.71761137429828,0,1.55992393142272,1.9950161842987,5.01211158291343,43,2009,70,25,12,1,1,0.0909090909090909,0.0878099173553719,1,1,1,1,0.272727272727273,0.727272727272727,-0.109934962350965
4826,4.77912349311153,7,118,TRUE,7,8.82841946912497,8.80152872125235,9.01314392556923,9.03351610383074,2.98728850083791,1.19894763639919,2.30673669506079,3.23275465530417,3.55716373056631,42,1971,71,34,20,1,1,0.0593220338983051,0.0558747486354496,1,1,1,1,0.491525423728814,0.508474576271186,0.00421553862496247
4838,2.30258509299405,1,9,FALSE,1,6.01353131065696,5.57972982598622,8.12388886669247,8.58392056526693,0.743564860278514,0,2.25290238260619,3.06388203664781,1.52627836278293,6,1998,72,45,9,1,1,0.111111111111111,0.111111111111111,1,1,1,1,0.222222222222222,0.777777777777778,NA
4862,3.87120101090789,5,47,TRUE,5,6.58378412503138,6.23832462503951,7.95642663322077,6.78219205600679,4.35197672458083,2.77258872223978,2.04750009689697,2.40270900754093,4.63963293927078,15,2006,69,36,12,1,1,0.106382978723404,0.0873698506111363,1,1,1,1,0.48936170212766,0.51063829787234,0.0483381963752277
4885,4.62497281328427,7,101,TRUE,7,8.58345254151449,8.6370487445904,8.62281441157221,8.68482910678309,2.04223386535434,0,1.75055136932371,2.26932972883464,2.82593402176719,30,2005,72,25,14,2,1,0.108910891089109,0.0730320556808156,0.96039603960396,0.923929026566023,1,1,0.386138613861386,0.613861386138614,-0.0461112245341177
4892,2.77258872223978,5,15,TRUE,5,7.6170451440211,7.93899837727939,8.37124053555621,8.1375127822818,5.03458844496793,4.04305126783455,1.16620358542815,2.20573761974652,3.42648307784506,27,2008,77,37,3,1,1,0.333333333333333,0.333333333333333,1,1,1,1,1,0,0.147682826318242
4900,3.55534806148941,7,34,TRUE,7,7.08341415529296,7.44309184569378,7.26245610141236,7.46908388492123,3.49317412866754,3.2188758248682,1.40003944423005,2.09258135611337,0.808652620193722,3,1980,69,65,5,1,1,0.205882352941176,0.200692041522491,1,1,1,1,1,0,-0.135178040752513
4904,2.07944154167984,1,7,FALSE,1,8.04068942576022,7.87169266432365,11.5129254649702,11.5129254649702,11.5129254649702,11.5129254649702,1.1906550340175,1.22106913602542,0,10,2012,68,32,7,1,1,0.142857142857143,0.142857142857143,1,1,1,1,0,1,NA
4925,4.85981240436167,7,128,TRUE,7,8.19343526437252,7.63240112660145,8.26872188837938,7.68238517444292,2.68151626687877,3.19846482760807,1.71178637875988,1.88287979679253,3.00922421498939,4,1982,67,48,20,1,1,0.0546875,0.053955078125,1,1,1,1,0.5078125,0.4921875,-0.039012165403921
4948,4.38202663467388,7,79,TRUE,7,6.31059138155592,6.42324696353352,6.46567611221611,6.4393503711001,1.62559286843485,0,1.14963459826604,1.25420107369093,2.76613268038056,26,1998,69,37,12,2,1,0.177215189873418,0.110398974523314,0.708860759493671,0.587245633712546,1,1,0.367088607594937,0.632911392405063,0.113028243427593
4950,0.693147180559945,1,1,FALSE,1,6.50575416431514,6.50575416431514,11.5129254649702,11.5129254649702,11.5129254649702,11.5129254649702,NA,0,NA,99999,99999,99999,99999,1,1,1,1,1,1,1,1,1,0,1,NA
4958,5.37063802812766,7,214,TRUE,7,7.88500736610891,7.64204440287326,8.06196893445352,7.83057298350579,2.31033674659034,0.895879734614027,1.88196282113332,2.95009510991299,2.8689878033414,49,1982,90,23,21,3,1,0.0981308411214953,0.0614464145340204,0.5,0.465411826360381,1,1,0.495327102803738,0.504672897196262,-0.0608267838463962
4962,4.48863636973214,7,88,TRUE,7,7.17438600044237,6.58663393811034,7.57366037877281,7.05322589180089,3.04583210049958,2.56494935746154,2.15946380348902,2.26088453696051,3.38956228845022,70,2004,70,26,18,1,1,0.0795454545454545,0.0663739669421488,1,1,1,1,0.613636363636364,0.386363636363636,-0.112493105496709
4973,4.55387689160054,7,94,TRUE,7,7.77396053538717,7.77548086124771,7.93568570686693,7.88364498173631,1.74251662501286,0,1.77500529972636,2.51867868505618,2.52709325276812,7,1985,85,55,16,1,1,0.074468085106383,0.069714803078316,1,1,1,1,0.351063829787234,0.648936170212766,-0.0137872739487053
4976,4.65396035015752,7,104,TRUE,7,7.91288446809695,7.67506850542771,7.99891273341571,7.71001169386252,2.51732533330854,0,1.917722731704,2.07700550401396,2.95370769285764,16,1973,82,31,17,1,1,0.0673076923076923,0.0647189349112426,1,1,1,1,0.490384615384615,0.509615384615385,-0.0706040722588941
4978,4.91998092582813,7,136,TRUE,7,9.21600064438869,8.99175199229265,9.33301660410191,9.15151783429451,3.22426512695099,3.05462379138218,2.08132894147229,2.66549686914785,3.47985720809896,22,1999,74,31,23,1,1,0.0514705882352941,0.049848615916955,1,1,1,1,0.536764705882353,0.463235294117647,0.0632515145992097
4980,4.72738781871234,7,112,TRUE,7,8.58836924773769,8.77343924110816,8.80556858847841,8.83296149421694,2.23877069012714,0,1.8725529899174,2.83052719399248,2.8740392769391,12,1994,76,43,19,1,1,0.0625,0.0588329081632653,1,1,1,1,0.4375,0.5625,0.013925112726112
5012,3.78418963391826,7,43,TRUE,7,7.82188237490249,7.30518821539304,7.9131253658479,7.30518821539304,4.55693837095825,4.44265125649032,2.40101363542682,3.92093957661923,1.99175911439515,8,2004,62,46,10,1,1,0.162790697674419,0.143320713899405,1,1,1,1,0.906976744186046,0.0930232558139535,0.162689994172687
5020,2.39789527279837,1,10,FALSE,1,7.91579190998792,7.75125096430672,11.5129254649702,11.5129254649702,11.5129254649702,11.5129254649702,0.999993509812269,1.50599254711875,0,24,2012,67,32,10,1,1,0.1,0.1,1,1,1,1,0.2,0.8,NA
5029,3.09104245335832,4,21,TRUE,4,6.65299402622622,6.82654522355659,8.63455380756828,7.20489251020467,5.23303001678537,3.04452243772342,0.603958080593213,0.705703399335357,5.16519380225534,12,2006,87,37,8,1,1,0.19047619047619,0.142857142857143,1,1,1,1,0.523809523809524,0.476190476190476,-0.0873651142596383
5032,4.87519732320115,7,130,TRUE,7,7.79964213440628,7.34374535864991,8.04465845129129,7.57397189162175,3.02953593689559,3.46377895313916,2.22403639569686,1.89762892939948,3.18046695750818,25,1976,77,43,22,1,1,0.0538461538461538,0.0513609467455621,1,1,1,1,0.553846153846154,0.446153846153846,-0.22790535519848
5060,5.23110861685459,7,186,TRUE,7,7.32615681534613,7.25294044331861,7.40533462081452,7.21737938841699,1.46663362879691,0,1.70015233432919,2.80444778022874,2.36900398570078,6,2000,65,47,16,3,1,0.112903225806452,0.0861949358307319,0.473118279569892,0.381373569198751,1,1,0.354838709677419,0.645161290322581,0.0384845906572041
5066,3.89182029811063,7,48,TRUE,7,7.29251161553962,7.24603877180566,7.46193216414986,7.24603877180566,1.67896829697482,0,1.76990727199097,2.18623617062917,4.10636068957553,20,2004,84,43,8,1,1,0.145833333333333,0.129340277777778,1,1,1,1,0,1,0.184880691061015
5067,2.07944154167984,1,7,FALSE,1,6.28442712131513,5.51881742691683,8.48586348784257,8.58239087026163,2.10229852954247,0,1.77543500845904,2.12622225059857,2.65154080392135,10,2000,70,60,7,1,1,0.142857142857143,0.142857142857143,1,1,1,1,0.428571428571429,0.571428571428571,NA
5074,4.78749174278205,7,119,TRUE,7,8.87882160666998,8.58423108651487,8.98522310667951,9.71393169114815,1.62845064951439,0,2.70560689831649,4.25386085044389,3.62228946731587,18,2003,88,27,12,3,1,0.117647058823529,0.092436974789916,0.680672268907563,0.519384224277947,1,1,0.117647058823529,0.882352941176471,-0.220411655420392
5086,2.63905732961526,4,13,TRUE,4,7.32288862302915,8.00417516609333,10.376954475249,11.5129254649702,9.40524012689599,11.5129254649702,2.40025825895619,2.72941617809364,4.01479188462233,17,2008,71,35,10,1,1,0.230769230769231,0.124260355029586,1,1,1,1,0.384615384615385,0.615384615384615,0.855751353204187
5095,4.46590811865458,6,86,TRUE,6,8.06648055721327,7.92660225771976,8.79958178292213,8.93877054328737,3.6083799220522,0.895879734614027,1.96881637169115,3.09573632547747,4.60366014467061,17,2007,70,29,19,1,1,0.0697674418604651,0.0605732828555976,1,1,1,1,0.395348837209302,0.604651162790698,0.276050724874606
5107,4.02535169073515,7,55,TRUE,7,7.08839201063152,7.49776170062257,7.27046835013253,7.52617891334615,1.56481953471917,0,1.80178900166855,1.43017896415867,2.21010940907804,10,1971,83,53,8,1,1,0.127272727272727,0.125289256198347,1,1,1,1,0.363636363636364,0.636363636363636,-0.0600344095171675
5109,5.31811999384422,7,203,TRUE,7,7.75467240255041,7.74426226964805,7.82588290673963,7.90422409398154,2.35447206972381,0,1.93245861877144,1.96222766659883,2.77672662357285,20,1966,82,39,20,2,1,0.0689655172413793,0.0571962435390327,0.61576354679803,0.526802397534519,1,1,0.482758620689655,0.517241379310345,0.0013688784044274
5120,3.87120101090789,7,47,TRUE,7,7.21569479362728,7.52241104798628,7.14852511885991,7.45981689156092,0,0,1.97658824943355,3.21044997609136,0,12,2001,78,36,7,1,1,0.148936170212766,0.14440923494794,1,1,1,1,0,1,0.178998198969603
5122,2.56494935746154,2,12,FALSE,2,7.79790788579708,8.10470049148179,7.72258770973019,8.03722664877284,1.792240800206,0,1.82985717359198,2.88279376203071,2.74990917073713,20,1995,82,50,11,1,1,0.166666666666667,0.0972222222222222,1,1,1,1,0.333333333333333,0.666666666666667,NA
5124,4.52178857704904,7,91,TRUE,7,7.61611872120477,7.16006920759613,7.922862422509,7.27630049169135,2.97530878353379,2.94443897916644,2.14399398657238,2.20668755455807,3.06826179080215,8,1962,71,38,19,1,1,0.0769230769230769,0.0696775751720807,1,1,1,1,0.593406593406593,0.406593406593407,-0.191332173307199
5134,4.87519732320115,7,130,TRUE,7,7.59687989869993,7.8453697654056,8.10330395442577,8.29996948803632,2.10117725469218,0,2.16623185283183,3.53842308888973,3.8506610917397,38,1989,85,32,18,3,1,0.123076923076923,0.085207100591716,0.653846153846154,0.488165680473373,1,1,0.238461538461538,0.761538461538461,-0.102944879083709
5137,4.49980967033027,7,89,TRUE,7,7.97665027999981,7.94590959861313,8.17229318752457,8.14689733111736,1.62130149723166,0,1.183643271894,1.61839528513066,2.80040118664192,7,1997,72,38,14,2,1,0.157303370786517,0.084964019694483,0.921348314606742,0.855068804443883,1,1,0.314606741573034,0.685393258426966,-0.0970980920940398
5141,0.693147180559945,1,1,FALSE,1,3.93182563272433,3.93182563272433,11.5129254649702,11.5129254649702,11.5129254649702,11.5129254649702,NA,0,NA,12,1975,87,69,1,1,1,1,1,1,1,1,1,0,1,NA
5142,2.56494935746154,6,12,TRUE,6,9.29070305493705,9.43065033787151,9.65385901903327,9.50617288256925,6.10269042242621,5.39361721566713,0.541345935909684,0.194860268828487,2.63882303825908,15,2007,61,31,2,1,1,0.5,0.5,1,1,1,1,1,0,0.169121462282582
5145,3.36729582998647,2,28,FALSE,2,7.0185095043055,6.91527788451663,9.27470970242413,11.5129254649702,8.01396264365287,11.5129254649702,1.97280405508449,2.77875663058462,4.53864175907474,32,2011,75,36,11,3,1,0.142857142857143,0.114795918367347,0.607142857142857,0.477040816326531,1,1,0.571428571428571,0.428571428571429,NA
5148,3.80666248977032,4,44,TRUE,4,7.45859006093906,7.18154787414191,7.96951407731941,7.558878442844,0,0,1.75230060962998,2.71517402021655,0,26,2004,83,35,8,2,1,0.159090909090909,0.135330578512397,0.704545454545455,0.583677685950413,1,1,0,1,-0.652923233063823
5151,4.71849887129509,7,111,TRUE,7,8.44245413551071,8.56006109164341,8.38399926724031,8.57804931584564,2.13937687564943,0,2.06518044411709,2.88141444401742,2.85143806839993,19,1983,73,22,18,1,1,0.0630630630630631,0.0611151692232773,1,1,1,1,0.432432432432432,0.567567567567568,-0.0454571730143729
5174,4.82028156560504,7,123,TRUE,7,8.45888929132394,8.34585667750104,8.54329568779429,8.34755249161933,2.23314607705569,0,2.19169570567886,3.39287414629944,2.72972194723409,12,2004,63,48,18,1,1,0.0569105691056911,0.0558529975543658,1,1,1,1,0.48780487804878,0.51219512195122,-0.00531552861273068
5176,4.29045944114839,7,72,TRUE,7,7.65660447820882,7.91496993316132,7.79307844366228,8.03880420776249,1.56737577562669,0,1.32711990375054,2.27891097749393,2.78124060926467,39,2003,74,35,12,1,1,0.0972222222222222,0.0949074074074074,1,1,1,1,0.305555555555556,0.694444444444444,0.024837519416737
5190,2.07944154167984,7,7,TRUE,7,8.0945846941549,8.40106378775651,8.53913636232829,8.40390130543213,4.49749085705773,3.89182029811063,0.625649936302798,0.522754358774848,3.18619314860963,8,2006,53,42,1,1,1,1,1,1,1,1,1,1,0,0.24602212672565
5211,2.56494935746154,2,12,FALSE,2,6.83134171378304,6.54719692579685,9.22488236966019,10.2644156061343,5.75646273248511,5.75646273248511,1.62104319745352,2.88135019425235,6.01242923440404,4,2009,70,67,6,1,1,0.166666666666667,0.166666666666667,1,1,1,1,0,1,NA
5215,4.70953020131233,7,110,TRUE,7,6.86135478420863,6.71913293571439,7.12212794213202,6.78388728827063,2.183510971168,2.56494935746154,1.99142204014841,2.24132063484806,2.17411174883136,16,1981,79,27,17,2,1,0.109090909090909,0.0633057851239669,0.954545454545455,0.913223140495868,1,1,0.563636363636364,0.436363636363636,-0.0946359374609151
5232,4.85981240436167,7,128,TRUE,7,9.01324574110063,9.00300017894972,9.3160824682814,9.17154432387143,2.88054193020497,2.56494935746154,1.86008391165691,2.87645236412186,3.33696185922093,10,1985,79,38,19,3,1,0.109375,0.0606689453125,0.921875,0.8533935546875,1,1,0.484375,0.515625,-0.125696031366023
5246,4.89034912822175,7,132,TRUE,7,6.94199288320797,6.58449934410533,7.29017656378706,6.78440587351426,2.82601312547919,2.34106561356211,1.94901957010253,2.17871571444974,3.57131985265032,19,2002,83,35,17,2,1,0.106060606060606,0.0777089072543618,0.621212121212121,0.529384756657484,1,1,0.507575757575758,0.492424242424242,0.0907778176783652
5252,2.30258509299405,5,9,TRUE,5,8.19269102978857,9.91703635162446,9.09983759498015,10.5913651230574,6.1235892564177,6.06610809010375,2.72874185437664,5.15024695787774,3.47850975217251,40,2007,72,35,2,1,1,0.555555555555556,0.506172839506173,1,1,1,1,1,0,0.311794467485148
5256,4.04305126783455,7,56,TRUE,7,8.30500738746675,8.34473276858542,8.55646323500314,8.60693367448308,0.715929047058256,0,1.18322015265233,1.73674824880238,2.31511549496639,32,1983,90,34,10,1,1,0.125,0.110331632653061,1,1,1,1,0.107142857142857,0.892857142857143,-0.119770199143645
5262,0.693147180559945,1,1,FALSE,1,8.27565906539018,8.27565906539018,11.5129254649702,11.5129254649702,11.5129254649702,11.5129254649702,NA,0,NA,99999,99999,99999,99999,1,1,1,1,1,1,1,1,1,0,1,NA
5275,4.99721227376411,7,147,TRUE,7,7.86214590835228,7.94456308340313,8.49806041960893,8.63557693550007,1.80134207955316,0,1.89646948702537,2.75021608799698,4.19686846746904,25,2006,68,33,9,3,1,0.122448979591837,0.113424961821463,0.428571428571429,0.367763431903374,1,1,0,1,-0.0451885536058226
5278,4.89034912822175,7,132,TRUE,7,8.73655269400422,8.71852881881562,8.83469991418238,8.79545561479215,3.08129854822045,2.45263738921921,2.16707813565074,2.54376311389041,3.45382860045672,14,1980,66,29,22,1,1,0.053030303030303,0.0508494031221304,1,1,1,1,0.522727272727273,0.477272727272727,-0.0616951148520913
5325,4.31748811353631,7,74,TRUE,7,7.45002095004145,7.73156687191138,8.58211112095088,8.68899670538022,3.33414394597547,0,2.03827322921024,3.1162124059592,4.8351425762216,31,2006,69,30,13,2,1,0.121621621621622,0.0850986121256392,0.851351351351351,0.746895544192841,1,1,0.202702702702703,0.797297297297297,-0.21489823997174
5326,4.71849887129509,7,111,TRUE,7,7.81095007609583,7.71479348670526,8.606773482043,8.365672383775,3.77456461177497,2.07944154167984,2.04758747417135,2.44651383354999,4.33939875684207,18,2006,77,43,19,1,1,0.0630630630630631,0.0583556529502475,1,1,1,1,0.459459459459459,0.540540540540541,-0.0805857447627387
5352,4.75359019110636,7,115,TRUE,7,8.72799063502596,9.41041998369184,8.88820713533183,9.4474396870229,2.13106663600934,0,2.15707046052099,3.77524244688216,2.72847387510693,36,1982,80,40,19,1,1,0.0608695652173913,0.0587523629489603,1,1,1,1,0.452173913043478,0.547826086956522,-0.00520518508072818
5359,2.19722457733622,3,8,TRUE,3,6.20289898765418,6.48628450648741,8.60062862614126,7.60646456521122,6.17237967411808,3.52851849084895,1.50899063796189,1.60297601095664,4.44922434461983,10,2009,74,60,3,1,1,0.375,0.34375,1,1,1,1,1,0,-0.98504165898055
5384,4.70048036579242,7,109,TRUE,7,7.5296178981035,7.59367641445034,7.73174931010673,7.65207074611648,2.49005959131327,2.484906649788,1.91371641093078,1.90926927796779,2.77508393890868,14,1970,88,47,18,1,1,0.0642201834862385,0.0613584715091322,1,1,1,1,0.504587155963303,0.495412844036697,-0.0783012959541635
5411,3.2188758248682,3,24,TRUE,3,6.19097823535692,6.57644939499268,6.90159544093414,6.97987496994543,1.52428540803136,0,1.34454977334281,2.28574585561246,3.26094883910948,8,2004,63,39,9,1,1,0.125,0.118055555555556,1,1,1,1,0.333333333333333,0.666666666666667,-0.439418356251808
5417,4.88280192258637,7,131,TRUE,7,9.11359978867324,9.20536501539091,9.30065791239495,9.31011059100259,2.93386830733268,0,2.10079686846485,3.27884424430196,3.57038138097353,11,2000,73,39,21,3,1,0.083969465648855,0.0565817842783055,0.938931297709924,0.883922848318863,1,1,0.458015267175573,0.541984732824427,-0.0244417348641584
5428,2.94443897916644,2,18,FALSE,2,6.84403671808667,6.70874632524558,7.29376244518779,7.37383860886578,3.06634718752511,3.61091791264422,1.89771245537459,2.38844293480284,2.00202128710639,6,2001,55,51,8,2,1,0.222222222222222,0.154320987654321,0.666666666666667,0.555555555555556,1,1,0.777777777777778,0.222222222222222,NA
5430,1.09861228866811,1,2,FALSE,1,7.95041362598142,7.95041362598142,11.5129254649702,11.5129254649702,11.5129254649702,11.5129254649702,4.02011647573848,2.84265162115444,0,19,2012,66,24,2,1,1,0.5,0.5,1,1,1,1,1,0,NA
5434,4.59511985013459,7,98,TRUE,7,7.5534550915286,7.53871367606226,7.4417224018328,7.53871367606226,3.07445548018524,3.55371273705535,2.26394845519483,2.00883990534612,2.85218633311247,16,1971,74,49,16,1,1,0.0714285714285714,0.0653894210745523,1,1,1,1,0.612244897959184,0.387755102040816,0.0406318633986276
5436,4.49980967033027,7,89,TRUE,7,7.88937513076276,8.50669831232359,8.40687386171665,9.02581639162703,3.08422668701617,0,2.21672774886596,3.5938367618961,4.24562616477963,22,2005,60,29,16,1,1,0.0786516853932584,0.069814417371544,1,1,1,1,0.370786516853933,0.629213483146067,0.2509306657627
5444,2.89037175789616,1,17,FALSE,1,7.42131491459671,7.81197342962202,11.5129254649702,11.5129254649702,11.5129254649702,11.5129254649702,1.6699709959048,2.28726271378242,0,22,2011,62,30,11,2,1,0.117647058823529,0.100346020761246,0.588235294117647,0.515570934256055,1,1,0.235294117647059,0.764705882352941,NA
5446,4.66343909411207,7,105,TRUE,7,8.33483839701935,8.08093067430978,8.44182342302609,8.08093067430978,2.92125330003574,2.19722457733622,2.03642515606445,2.39035073642577,3.37253550053833,13,1966,83,29,19,1,1,0.0666666666666667,0.0615873015873016,1,1,1,1,0.523809523809524,0.476190476190476,-0.0043649526386746
5447,0.693147180559945,1,1,FALSE,1,6.19644412779452,6.19644412779452,11.5129254649702,11.5129254649702,11.5129254649702,11.5129254649702,NA,0,NA,99999,99999,99999,99999,1,1,1,1,1,1,1,1,1,0,1,NA
5467,4.06044301054642,7,57,TRUE,7,7.19649045991724,7.40121294922698,7.45087428217701,7.6377164326648,0.857744526347518,0,1.16472135536497,2.29827989619853,2.64775298143447,30,1995,80,26,10,1,1,0.12280701754386,0.109879963065559,1,1,1,1,0.157894736842105,0.842105263157895,-0.0352760932576947
5468,5.23110861685459,7,186,TRUE,7,9.23469253839309,8.93687535501653,9.40899444619342,9.42857237646018,2.65473929669374,0,3.09037870923399,5.50465481459222,3.36752091351852,57,1984,98,46,23,4,1,0.0860215053763441,0.057636721008209,0.720430107526882,0.569719042663892,1,1,0.462365591397849,0.537634408602151,0.146238464091541
5473,1.38629436111989,3,3,TRUE,3,5.47654531599853,5.99893656194668,9.67492916396238,11.5129254649702,8.21176294745819,11.5129254649702,0.953279028703094,0.839089653244914,5.71778120437284,4,2006,65,57,2,1,1,0.666666666666667,0.555555555555556,1,1,1,1,1,0,-0.811338261083913
5475,3.04452243772342,4,20,TRUE,4,4.81990686390145,4.61512051684126,6.48836998354382,5.89895715697467,2.87823136624256,0,1.35686441481625,2.18485312578976,5.11475135917439,60,2009,82,41,5,1,1,0.2,0.2,1,1,1,1,0,1,0.0172857914234475
5477,2.89037175789616,5,17,TRUE,5,6.57050555563782,6.51619307604296,8.90610386226724,7.5740450053722,6.5677637028171,2.56494935746154,1.29795838519887,1.37346364214783,4.84250533448048,12,2008,69,43,8,1,1,0.294117647058824,0.204152249134948,1,1,1,1,0.588235294117647,0.411764705882353,0.193146750645551
5480,4.98360662170834,7,145,TRUE,7,8.51360265006268,8.11376500736899,8.40043228457209,8.17121229039287,2.48978693124321,2.56494935746154,1.95590875063706,3.38441515662353,2.94904180891584,45,1956,96,37,18,2,1,0.096551724137931,0.0644470868014269,0.8,0.68,1,1,0.510344827586207,0.489655172413793,0.0323439480739506
5481,4.80402104473326,7,121,TRUE,7,7.45524689387051,7.42106381776192,7.48673489169929,7.4323950465815,2.63863995617351,2.56494935746154,2.05882270391227,1.73623237712019,2.82127348733987,11,1975,67,34,19,1,1,0.0578512396694215,0.0570316235229834,1,1,1,1,0.537190082644628,0.462809917355372,0.0440654119083062
5495,4.49980967033027,7,89,TRUE,7,7.27338705118726,7.26332961747684,7.53694885185396,7.37086016653672,2.53169793424307,2.56494935746154,2.22141448913513,2.22447901152264,2.85305449489403,14,1979,80,37,16,1,1,0.0786516853932584,0.0723393510920338,1,1,1,1,0.539325842696629,0.460674157303371,0.00581089369321156
5500,4.66343909411207,7,105,TRUE,7,8.77011507314866,8.91193433616143,9.34062641618651,10.2181920823565,2.62233076364972,0,2.4941829647785,3.94374976477136,4.75927570501133,47,2006,69,32,13,3,1,0.133333333333333,0.0922448979591837,0.742857142857143,0.587120181405896,1,1,0.0761904761904762,0.923809523809524,-0.0800187587316312
5510,4.4188406077966,7,82,TRUE,7,7.05566349386826,6.55174633211064,6.80177525373477,6.40150995629507,2.36841944231966,2.43376722522779,2.1284508458457,2.02339267774934,2.64865360704547,11,1980,69,54,15,1,1,0.0853658536585366,0.0740630577037478,1,1,1,1,0.51219512195122,0.48780487804878,-0.0420776898736897
5527,3.89182029811063,3,48,TRUE,3,7.45921570513094,7.74038780892483,8.89612039947758,9.33935147491161,5.63998600627624,3.13169913129581,1.65964729685332,2.62667334685086,5.13429045443133,34,2010,73,27,12,3,1,0.1875,0.111111111111111,0.583333333333333,0.440972222222222,1,1,0.583333333333333,0.416666666666667,0.104380798033517
5534,5.08140436498446,7,160,TRUE,7,9.04455843564227,9.00243384632168,9.16782649699337,9.05561095565885,3.10145542215184,3.2188758248682,2.05758030836399,3.35765789391084,3.07489574130645,17,1985,72,30,22,3,1,0.1,0.053203125,0.875,0.777265625,1,1,0.60625,0.39375,-0.0732267291031056
5540,5.60947179518496,7,272,TRUE,7,7.88811378811947,7.97852749259212,8.02684430272121,8.1844163087368,2.86840067471393,2.56494935746154,2.08547734813752,3.19223804556002,3.24838109127619,74,1996,82,27,21,3,1,0.0772058823529412,0.0588235294117647,0.444852941176471,0.359347967128028,1,1,0.536764705882353,0.463235294117647,0.0352995849717568
5541,0.693147180559945,1,1,FALSE,1,5.93370301024943,5.93370301024943,11.5129254649702,11.5129254649702,11.5129254649702,11.5129254649702,NA,0,NA,10,2008,80,34,1,1,1,1,1,1,1,1,1,1,0,NA
5548,4.80402104473326,7,121,TRUE,7,8.54953332816241,8.33902300574476,8.7624044603268,8.61183951455284,2.762700912925,2.56494935746154,1.99473480136537,2.65415810013247,3.05535876308892,13,1988,85,41,21,1,1,0.0578512396694215,0.0548459804658152,1,1,1,1,0.528925619834711,0.471074380165289,-0.058991353057546
5549,5.05624580534831,7,156,TRUE,7,8.08918536039402,7.80428570085187,8.32932970238349,8.04620196346114,1.88260892794767,0,2.303616083982,3.10721353157831,3.04939635122096,62,1982,85,31,19,4,1,0.115384615384615,0.0723208415516108,0.717948717948718,0.555884286653517,1,1,0.320512820512821,0.67948717948718,-0.0249861578700198
5550,5.37527840768417,7,215,TRUE,7,8.30986378068146,8.48762636914253,8.96731436277812,9.12642057476154,2.25075869123564,0,1.89801076118484,2.60829934653689,3.62917500429902,49,1990,75,30,16,4,1,0.0883720930232558,0.0733153055705787,0.432558139534884,0.372071389940508,1,1,0.293023255813953,0.706976744186047,-0.190916303161026
5553,4.64439089914137,7,103,TRUE,7,8.5597573998782,8.86046085814215,8.84904328000115,8.86806412462363,2.16609004835519,0,2.0535293021089,3.32698012213074,2.7553653656969,7,1996,71,59,16,1,1,0.0679611650485437,0.0634367046847017,1,1,1,1,0.446601941747573,0.553398058252427,-0.412879261176352
5554,4.74493212836325,7,114,TRUE,7,9.03436693630618,8.76794217651905,9.11086749399821,8.76928017191715,2.69225526560114,0,1.87458097737159,2.7615671405537,3.28432147242498,23,1962,83,38,19,1,1,0.0614035087719298,0.0586334256694367,1,1,1,1,0.447368421052632,0.552631578947368,0.0844082140177551
5555,4.15888308335967,7,63,TRUE,7,7.716847466534,7.92790499978687,7.46878400699064,7.92479591395644,1.02495515966985,0,1.56235799880565,1.26163076386235,2.23156610354512,13,2000,69,29,10,1,1,0.111111111111111,0.102040816326531,1,1,1,1,0.206349206349206,0.793650793650794,0.052514332692318
5562,2.39789527279837,1,10,FALSE,1,5.857646061909,5.85374505089802,10.8324797516154,11.5129254649702,10.0200525650681,11.5129254649702,1.31959170947309,2.20562252060667,3.14931755492051,7,1982,54,39,9,2,1,0.2,0.12,0.8,0.68,1,1,0.4,0.6,NA
5563,2.99573227355399,5,19,TRUE,5,6.27908774866114,6.32310369457549,7.81990237154644,6.82110747225646,4.20357597143879,2.07944154167984,1.06338570225765,1.17213046349541,5.21323709561219,31,2006,66,35,6,1,1,0.263157894736842,0.18005540166205,1,1,1,1,0.263157894736842,0.736842105263158,0.0917968957022537
5566,4.88280192258637,7,131,TRUE,7,9.43304369621524,9.30045526141844,9.81949223167256,10.2501883698386,2.08059173282488,0,2.20385852059333,3.54168862600626,3.76380312987778,62,2000,80,32,15,3,1,0.106870229007634,0.0795408192995746,0.725190839694656,0.565526484470602,1,1,0.190839694656489,0.809160305343511,-0.1044146100611
5577,3.52636052461616,4,33,TRUE,4,8.18511177131691,8.67094379122216,9.27357168715728,9.20543335222318,3.1398887631737,0,1.38158986834172,2.68334055405303,5.20691645545012,8,2008,69,27,9,1,1,0.121212121212121,0.118457300275482,1,1,1,1,0.0303030303030303,0.96969696969697,-0.284144146289059
5578,4.75359019110636,7,115,TRUE,7,8.6650424522811,8.37204255607955,8.80907369002018,8.5653221846794,3.31262242783313,3.66356164612965,1.60959549598399,2.01267517695574,3.23276267824154,6,1961,84,51,19,1,1,0.0608695652173913,0.0595085066162571,1,1,1,1,0.565217391304348,0.434782608695652,-0.01260302267553
5585,4.8283137373023,7,124,TRUE,7,9.58172420278941,9.40717940857796,9.60039243957623,9.40324677271932,2.42298893609868,0,2.20387275269318,3.10801233682993,3.20050627887338,10,1995,72,30,20,1,1,0.0564516129032258,0.0548907388137357,1,1,1,1,0.435483870967742,0.564516129032258,0.0677035943526669
5588,4.11087386417331,5,60,TRUE,5,7.17322766002308,7.51382385158637,7.2725549680273,8.10982230452543,1.0223921978902,0,1.86773822567711,2.9603225313797,1.97587631007468,12,2001,90,37,15,1,1,0.0833333333333333,0.0733333333333333,1,1,1,1,0.233333333333333,0.766666666666667,-0.503804207661417
5603,3.87120101090789,7,47,TRUE,7,7.55281566615577,7.50534374885652,7.71751145642235,7.50872686179819,2.79168141558276,2.56494935746154,2.16966017623036,2.042677331566,2.67309637723141,4,2000,72,50,7,1,1,0.148936170212766,0.14440923494794,1,1,1,1,0.595744680851064,0.404255319148936,-0.000600692050158834
5613,3.46573590279973,7,31,TRUE,7,6.37767125367911,6.61873898351722,8.36637690751104,7.35278078613354,5.87984968601908,3.43398720448515,1.31516889168821,1.68643657474339,3.98008637205731,99999,99999,99999,99999,10,2,1,0.354838709677419,0.209157127991675,0.709677419354839,0.58792924037461,1,1,0.806451612903226,0.193548387096774,-0.10921088808241
5617,1.38629436111989,2,3,FALSE,2,5.81096506486099,5.35185813347607,6.19422282844824,5.29330482472449,2.78292484659709,2.56494935746154,0.8464116628526,0.747213705828958,0.377544621987458,99999,99999,99999,99999,2,1,1,0.666666666666667,0.555555555555556,1,1,1,1,1,0,NA
5618,4.85981240436167,7,128,TRUE,7,8.97667699814682,9.1856909181464,9.25251661737231,9.61859525644593,1.70894987370652,0,1.49500978836015,2.24190465879441,4.10930992598411,46,2006,71,30,10,3,1,0.109375,0.1029052734375,0.5234375,0.4937744140625,1,1,0,1,0.0401463139111444
5641,4.53259949315326,7,92,TRUE,7,7.2768572282194,7.23018443684164,7.39575147957675,7.25841190262857,2.95908024035808,3.17718502039868,2.2656567124144,2.37279943771737,3.1028325961832,12,1962,98,55,17,1,1,0.0760869565217391,0.0697069943289225,1,1,1,1,0.543478260869565,0.456521739130435,-0.0144529646478344
5660,4.70048036579242,7,109,TRUE,7,7.58657621127818,7.39510754656249,7.74230031146501,7.53666789220587,2.59570678794459,2.56494935746154,2.14861443303611,3.60855801907495,2.72384077716764,4,1979,93,27,17,1,1,0.0642201834862385,0.0620318155037455,1,1,1,1,0.568807339449541,0.431192660550459,-0.0723461293634094
5665,2.77258872223978,4,15,TRUE,4,7.73651939047484,8.12029131396856,7.62944457513512,8.46762472444774,0.460517018598809,0,1.6607498291085,2.25945169308019,1.21854287504784,8,1997,78,56,11,1,1,0.2,0.111111111111111,1,1,1,1,0.133333333333333,0.866666666666667,-0.320577854696025
5672,5.31320597904179,7,202,TRUE,7,7.91583770417095,7.68901352272382,8.15592790212784,8.10380921802715,2.63412421395429,2.56494935746154,2.34465423219449,3.97952977824104,3.17608031718488,7,1978,76,47,22,3,1,0.0841584158415842,0.0577394373100676,0.648514851485149,0.516763062444858,1,1,0.51980198019802,0.48019801980198,-0.0288922205414263
5682,4.70048036579242,7,109,TRUE,7,8.57549543771922,8.86296207994254,8.77509295620756,8.93156782490101,2.48209624615517,0,2.06641046476952,3.36773931109868,3.06659206774052,10,1982,83,46,18,2,1,0.110091743119266,0.0662402154700783,0.954128440366973,0.912465280700278,1,1,0.495412844036697,0.504587155963303,-0.0407504081979762
5685,4.52178857704904,7,91,TRUE,7,7.12970318346522,6.97634807044775,7.42149655471517,7.05358572719368,2.63378287541586,0,2.1006572892152,2.52064401748874,3.3265290539185,8,1986,67,24,17,1,1,0.0769230769230769,0.0716097089723463,1,1,1,1,0.483516483516484,0.516483516483517,-0.0134532647351402
5687,4.53259949315326,7,92,TRUE,7,9.88109235758525,10.2097725550636,9.96917979319246,10.3742784681026,1.49701684742173,0,1.94625817179535,1.85059743965299,2.44571130495563,40,1985,76,34,14,1,1,0.0760869565217391,0.0753780718336484,1,1,1,1,0.315217391304348,0.684782608695652,-0.0573578240035941
5688,1.38629436111989,1,3,FALSE,1,5.72349413093426,5.03043792139244,8.48099772987784,8.55203510081697,5.12400763239996,4.61512051684126,3.3956356590962,3.34216940730678,1.82164718304071,13,1983,77,47,3,1,1,0.333333333333333,0.333333333333333,1,1,1,1,1,0,NA
5713,3.09104245335832,7,21,TRUE,7,9.53452517691614,9.93970231002043,9.67130482299656,10.1312424552077,5.50495745753036,5.12396397940326,1.37107080735131,2.64050796796448,1.31630453497289,15,2003,72,39,3,1,1,0.333333333333333,0.333333333333333,1,1,1,1,1,0,-0.175802931802498
5728,3.95124371858143,5,51,TRUE,5,7.17908978126505,7.41818082272679,8.27979969172552,8.47366336736582,3.7369923658829,2.484906649788,1.60999210211612,2.82124708448025,4.65126401397609,17,2008,74,30,12,1,1,0.0980392156862745,0.0888119953863898,1,1,1,1,0.392156862745098,0.607843137254902,0.117371675017388
5733,4.61512051684126,7,100,TRUE,7,8.14852726481574,8.32153609823596,8.91254134909577,9.60981226313454,3.80100028949904,1.79175946922805,2.21175017723218,3.46006579813879,4.59989776353356,17,2006,67,25,21,2,1,0.08,0.0574,0.99,0.9802,1,1,0.46,0.54,0.102832019309646
5735,4.20469261939097,7,66,TRUE,7,7.41522237553228,7.20152599639998,8.08172657616306,7.31249490101473,5.00843645924318,3.2188758248682,2.21823237773122,0.998288595812403,3.18864441337367,61,2006,73,29,6,3,1,0.287878787878788,0.210743801652893,0.636363636363636,0.472910927456382,1,1,1,0,-0.0301307338266641
5748,4.58496747867057,7,97,TRUE,7,7.4933140448947,7.62539505212979,7.50831456874927,7.68386398025643,1.3426867108426,0,1.77889912389989,2.48523867486208,1.95662782836335,14,1982,87,29,14,1,1,0.0721649484536082,0.0715272611329578,1,1,1,1,0.350515463917526,0.649484536082474,-0.0727537259394958
5752,5.13579843705026,7,169,TRUE,7,8.21512263702429,8.45681666382189,8.43508465668188,8.53596980234151,3.38592825709217,3.2188758248682,1.99488310053072,2.48674041045868,3.14199003137431,13,1964,76,24,24,2,1,0.0828402366863905,0.053044361191835,0.828402366863905,0.71569622912363,1,1,0.627218934911243,0.372781065088757,-0.0217167426115989
5757,0.693147180559945,1,1,FALSE,1,6.39526159811545,6.39526159811545,5.7037824746562,5.7037824746562,1.09861228866811,1.09861228866811,NA,0,NA,8,2005,74,42,1,1,1,1,1,1,1,1,1,1,0,NA
5774,4.59511985013459,7,98,TRUE,7,7.9088732931475,7.7139287874239,8.10056825548859,7.74428228311625,2.88522572172019,2.56494935746154,2.0398252783865,2.89951926952516,3.28262263459078,8,1987,67,34,18,2,1,0.0714285714285714,0.0674718867138692,0.979591836734694,0.960016659725115,1,1,0.520408163265306,0.479591836734694,-0.0457048792253633
5783,4.80402104473326,7,121,TRUE,7,8.40388872052,8.04396837972836,8.44189975105636,8.09054019698349,2.64327016675796,0,1.9695368303464,2.37650043281482,3.08595635747028,4,1964,84,57,19,1,1,0.0578512396694215,0.0570316235229834,1,1,1,1,0.479338842975207,0.520661157024793,0.0171306941140768
5786,3.58351893845611,5,35,TRUE,5,7.91015441252276,8.01824343620451,8.58493611329973,8.31665715355401,2.30258509299405,0,1.48667532868487,2.70635725553971,4.67240250415067,6,2006,70,58,7,1,1,0.142857142857143,0.142857142857143,1,1,1,1,0,1,0.164918609417603
5817,1.09861228866811,2,2,FALSE,2,6.07845517106276,6.07845517106276,8.90795533700492,8.90795533700492,6.9554103688843,6.9554103688843,0.317533424866996,0.224530037976842,6.44529965960484,26,2006,72,36,1,1,1,1,1,1,1,1,1,1,0,NA
5830,4.02535169073515,4,55,TRUE,4,7.40365990322093,7.68570306123455,9.11208711227363,9.04958459309679,3.97719243335335,0,2.18535128658778,2.44393532494551,5.52504117903452,28,2009,78,38,8,3,1,0.163636363636364,0.135867768595041,0.509090909090909,0.416859504132231,1,1,0,1,0.0254621950199228
5835,3.63758615972639,3,37,TRUE,3,8.66935453713649,8.36750686485129,8.98130426898408,8.6666023623211,2.9185686219099,2.56494935746154,2.05419241978274,2.66090169784899,2.99038215065598,12,1976,99,50,19,1,1,0.0810810810810811,0.0547845142439737,1,1,1,1,0.567567567567568,0.432432432432432,0.234283197886136
5840,4.06044301054642,4,57,TRUE,4,7.88946334050136,7.8690767362306,8.49530948861829,8.54822469510823,2.05813392326292,0,2.01076350906836,2.7776046483937,2.48838488336628,10,1973,78,54,18,2,1,0.105263157894737,0.064327485380117,0.894736842105263,0.811634349030471,1,1,0.473684210526316,0.526315789473684,-1.0128571188219
5854,3.13549421592915,7,22,TRUE,7,10.3979063315632,11.2357183854933,10.4560405218628,11.3210624645273,6.10715321245983,6.61574788528996,1.49930693253659,2.93648232708845,1.69200299315067,6,1957,99,74,4,1,1,0.318181818181818,0.305785123966942,1,1,1,1,0.954545454545455,0.0454545454545455,0.0456750466753372
5856,4.33073334028633,6,75,TRUE,6,7.64685350903138,7.4170156784234,9.07475390145179,9.04505054827082,6.62014445124075,4.86753445045558,1.95436587870138,2.19523659548565,3.79157535986875,21,2007,60,48,13,3,1,0.24,0.149511111111111,0.493333333333333,0.377422222222222,1,1,0.8,0.2,0.0358841976476974
5872,4.24849524204936,7,69,TRUE,7,8.32688572443432,8.64545974908745,8.45991431648243,8.64545974908745,1.77106704518191,0,1.21753495069468,1.59390358426447,3.19169019102999,16,2004,72,29,14,1,1,0.101449275362319,0.0880067212770426,1,1,1,1,0.318840579710145,0.681159420289855,0.0205370376018927
5873,3.55534806148941,5,34,TRUE,5,8.36769316990992,9.29722402941117,8.97831807102721,9.77711261978813,2.37030818396446,0,2.78666109515776,4.27724292170762,4.72519968850693,69,2008,86,31,7,1,1,0.147058823529412,0.143598615916955,1,1,1,1,0,1,0.168998444833047
5874,4.21950770517611,5,67,TRUE,5,7.1348644750619,6.84161547647759,8.17491583867572,7.40610338123702,4.1396567030755,2.56494935746154,1.81240689256372,1.4327062301641,4.63607037208731,17,2007,70,54,16,1,1,0.0746268656716418,0.0710625974604589,1,1,1,1,0.477611940298507,0.522388059701492,0.197548830034347
5880,0.693147180559945,1,1,FALSE,1,7.47477218239787,7.47477218239787,11.5129254649702,11.5129254649702,11.5129254649702,11.5129254649702,NA,0,NA,99999,99999,99999,99999,1,1,1,1,1,1,1,1,1,0,1,NA
5888,4.75359019110636,7,115,TRUE,7,8.59760354881903,8.7512418651498,8.70863071520669,8.96200720958831,1.89576701251845,0,2.17458358407658,3.83193459446879,2.75277025573159,10,1964,86,41,19,1,1,0.0608695652173913,0.0587523629489603,1,1,1,1,0.391304347826087,0.608695652173913,0.0238485518046699
5890,1.6094379124341,1,4,FALSE,1,5.69425705653353,5.98601937959864,6.3546839553493,6.59470531202843,0,0,2.18920161166173,3.18984855290571,0,3,2004,48,48,4,1,1,0.25,0.25,1,1,1,1,0,1,NA
5898,4.89783979995091,7,133,TRUE,7,8.87482292979566,8.59906806580068,8.94535211577438,8.73724075510284,3.34334790310947,3.46573590279973,2.02274776368509,2.69536393963984,3.45817926103948,25,1972,80,29,22,2,1,0.0601503759398496,0.0512748035502289,0.984962406015038,0.970377070495788,1,1,0.578947368421053,0.421052631578947,-0.0395204685361763
5907,4.89034912822175,7,132,TRUE,7,7.98929819841131,7.99977223824192,8.3220353573676,8.25095176899696,3.49636239030034,2.94443897916644,2.09083528992953,2.18746698828575,3.70553905269723,33,1998,73,34,21,4,1,0.106060606060606,0.0610651974288338,0.886363636363636,0.79143709825528,1,1,0.583333333333333,0.416666666666667,-0.0787635541226258
5911,4.79579054559674,7,120,TRUE,7,9.06643478819097,9.29006987840832,9.21243843077138,9.30305387890253,2.65498532937245,0,2.05973806068256,3.52306186921053,3.18833799956407,27,1982,80,33,19,2,1,0.0666666666666667,0.0573611111111111,0.991666666666667,0.983472222222222,1,1,0.475,0.525,0.00231138355239828
5912,5.24702407216049,7,189,TRUE,7,8.54865559118946,8.46506375808825,8.79515163657406,8.76430167599228,1.98604249292353,0,2.8754453169629,5.18944711073082,3.4565835293147,66,1970,83,32,19,4,1,0.132275132275132,0.0808208056885305,0.571428571428571,0.401584502113603,1,1,0.238095238095238,0.761904761904762,-0.00709397050045436
5914,0.693147180559945,1,1,FALSE,1,6.47697236288968,6.47697236288968,11.5129254649702,11.5129254649702,11.5129254649702,11.5129254649702,NA,0,NA,43,1982,82,41,1,1,1,1,1,1,1,1,1,0,1,NA
5918,5.10594547390058,7,164,TRUE,7,7.66220841198226,8.03873216235902,7.843470611698,8.09095425693482,2.46403811557258,0,2.27777645749435,2.9380348204746,3.02548370662132,29,1953,88,31,23,2,1,0.0853658536585366,0.0569601427721594,0.798780487804878,0.678539559785842,1,1,0.48780487804878,0.51219512195122,-0.0181208128241227
5919,4.66343909411207,7,105,TRUE,7,9.06253440609145,9.84802452424698,9.14678933110949,9.84889408170973,1.78273122517995,0,2.07811087797498,3.37734306810539,2.63432906178383,180,1989,79,27,17,2,1,0.0666666666666667,0.0634013605442177,0.971428571428571,0.944489795918367,1,1,0.371428571428571,0.628571428571429,0.0901459948984639
5920,4.29045944114839,7,72,TRUE,7,7.64216005080761,8.23697190660362,7.76832581534462,8.19115479417052,2.22600929436848,0,2.68950386198424,2.11212772582014,3.17840605316949,6,2002,74,55,12,1,1,0.0972222222222222,0.0914351851851852,1,1,1,1,0.361111111111111,0.638888888888889,0.0338906872753501
5922,4.89783979995091,7,133,TRUE,7,8.15962031679719,7.82465782366066,8.36865770272845,7.99773709872932,2.49075065263742,2.56494935746154,2.2111643676027,3.48778976922769,2.91729645294714,55,1948,93,36,19,3,1,0.0827067669172932,0.0574933574537848,0.902255639097744,0.82226242297473,1,1,0.503759398496241,0.496240601503759,-0.00571739873240731
5931,4.78749174278205,7,119,TRUE,7,8.04724158482533,7.80885521270906,8.20387699903838,7.86564850071081,2.68289724587346,2.39789527279837,1.98533229556213,2.85084130221283,3.11661859389149,13,1960,94,43,19,1,1,0.0588235294117647,0.0559988701362898,1,1,1,1,0.529411764705882,0.470588235294118,-0.0964853237386759
5938,5.0998664278242,7,163,TRUE,7,8.97985405739827,9.10650092113474,9.25612035693331,9.22058768842773,2.73637246347942,0,2.51623424007945,4.38372196603455,3.54535841504386,42,1999,83,29,21,3,1,0.0858895705521472,0.0537844856787986,0.797546012269939,0.660807708231397,1,1,0.411042944785276,0.588957055214724,-0.177805008946893
5946,4.94875989037817,7,140,TRUE,7,7.77999849501256,7.49375347763244,8.04886533555054,7.54716603283883,2.71510612295737,2.56494935746154,2.16699794409908,2.90504622379957,3.04072730844117,22,1983,66,29,24,2,1,0.0642857142857143,0.0493877551020408,0.985714285714286,0.971836734693878,1,1,0.55,0.45,-0.0951642311236881
5947,4.76217393479776,7,116,TRUE,7,7.55648871678375,7.23560979782404,7.96373470661093,7.62310756213488,2.20313775908254,2.56494935746154,2.27396461365094,3.42185864672864,2.42374290483445,15,1982,88,43,19,1,1,0.0603448275862069,0.0551426872770511,1,1,1,1,0.525862068965517,0.474137931034483,-0.351111937022236
5949,3.04452243772342,6,20,TRUE,6,7.69643330304116,8.92731986222884,7.81177173511692,9.13488110202172,3.3867902241662,4.89571902436375,2.10436805838688,3.04790090231903,2.42160054621123,6,1981,94,62,4,1,1,0.3,0.28,1,1,1,1,0.7,0.3,0.20007647375426
5955,2.70805020110221,7,14,TRUE,7,7.45845863456424,7.39083410257542,7.72827589063551,7.62566151787784,3.81677709378126,4.14263056703447,0.985249335295088,0.994033070993367,0.77191644054861,99999,99999,99999,99999,2,1,1,0.5,0.5,1,1,1,1,1,0,-0.343449067171604
5956,5.51342874616498,7,247,TRUE,7,7.85512439094475,8.09376775793108,8.11402261593296,8.33288325911327,2.25129398228324,0,1.85974716709017,2.49660001900986,3.22942458174322,22,2000,66,37,20,4,1,0.0890688259109312,0.0659410906587553,0.441295546558704,0.349571374715206,1,1,0.40080971659919,0.59919028340081,-0.00324138992132002
5960,5.11799381241676,7,166,TRUE,7,8.36929000718787,7.99446416887866,8.45834125734649,8.03292573336177,2.19076712261865,0,2.25729182367911,3.28518242317476,3.07780709910436,25,1983,88,26,20,2,1,0.0843373493975904,0.0607490201770939,0.753012048192771,0.628030193061402,1,1,0.403614457831325,0.596385542168675,-0.0622730490666657
5986,4.51085950651685,7,90,TRUE,7,8.44430372966809,8.66650910564908,8.73028820743653,8.8056744736413,2.1171001788265,0,1.93315995510843,2.99958082675312,2.83895405631306,21,1985,76,34,16,1,1,0.0777777777777778,0.0718518518518518,1,1,1,1,0.444444444444444,0.555555555555556,-0.0548564444021382
5993,4.93447393313069,7,138,TRUE,7,8.79877229821999,8.64623730895775,8.94606456472557,8.67633335956859,3.36955486622843,3.2188758248682,2.2747966958188,2.95126115738751,3.48675041238852,14,1985,65,27,24,1,1,0.0507246376811594,0.0483091787439614,1,1,1,1,0.572463768115942,0.427536231884058,-0.0323491651073307
6000,1.09861228866811,1,2,FALSE,1,5.29956606350512,5.29956606350512,7.31953961896991,7.31953961896991,0,0,2.59741056383736,1.83664662321497,0,3,1989,80,71,2,1,1,0.5,0.5,1,1,1,1,0,1,NA
6011,4.7361984483945,7,113,TRUE,7,8.78081249880565,9.50927020058754,8.73492714834927,9.5158945329622,1.74165373238166,0,2.05685845321952,3.08324891290485,2.64475425042852,28,2000,85,29,18,1,1,0.0619469026548673,0.0589709452580468,1,1,1,1,0.380530973451327,0.619469026548673,-0.101801842863254
6030,4.77068462446567,7,117,TRUE,7,8.91646798531367,9.09565540733804,9.10845852160232,9.24741840661713,2.46848520448796,0,2.02993685525053,3.21015559392755,3.10725786809072,5,1982,77,48,19,1,1,0.0598290598290598,0.0580758273065965,1,1,1,1,0.452991452991453,0.547008547008547,-0.125856326275528
6031,2.19722457733622,1,8,FALSE,1,6.41304646677947,6.39921863002827,11.5129254649702,11.5129254649702,11.5129254649702,11.5129254649702,1.97485770948911,3.01747958488249,0,28,2009,73,29,6,2,1,0.25,0.1875,0.625,0.53125,1,1,0,1,NA
6034,5.17614973257383,7,176,TRUE,7,8.33105255704907,8.33294564193277,8.43347295122466,8.52186268269448,0.278167368796116,0,1.82638618236017,2.9679650355541,1.54732581552025,25,2005,68,33,13,3,1,0.113636363636364,0.0965909090909091,0.403409090909091,0.362797004132231,1,1,0.0511363636363636,0.948863636363636,-0.083898340836548
6035,4.969813299576,7,143,TRUE,7,8.23253437938661,8.03300949859667,8.74508709191042,8.9187747683696,2.99584896100544,1.09861228866811,2.16776651130546,2.64104651335709,3.49478868508979,9,1987,68,42,22,2,1,0.0629370629370629,0.0511027434104357,0.93006993006993,0.869920289500709,1,1,0.468531468531469,0.531468531468531,-0.16133183632782
6047,4.70953020131233,7,110,TRUE,7,8.01616386456957,7.62885234187874,8.18264787606633,7.88193729189989,2.76029626033821,2.56494935746154,1.97246602273211,2.54147376112686,2.93140878667849,62,1987,82,31,18,1,1,0.0636363636363636,0.0616528925619835,1,1,1,1,0.545454545454545,0.454545454545455,-0.105600245301047
6052,4.30406509320417,7,73,TRUE,7,7.90104702253957,7.69575799055476,8.30256278865722,8.07191495471141,2.18238939667345,0,1.61064716202254,2.62833358112932,4.08280339205444,15,2005,77,43,11,1,1,0.0958904109589041,0.092512666541565,1,1,1,1,0.191780821917808,0.808219178082192,0.177437038746968
6074,2.19722457733622,2,8,FALSE,2,7.56951873379533,7.76561434210209,10.0578350440288,11.5129254649702,7.67947854196988,11.5129254649702,0.835920106250854,0.35164441395534,5.29140423529859,24,2011,71,29,4,2,1,0.5,0.34375,0.5,0.5,1,1,1,0,NA
6084,4.85981240436167,7,128,TRUE,7,8.42116768230009,8.67510239702101,8.55432704083471,8.79252435082259,2.505092484139,0.972955074527657,2.05604775562038,2.80854059294184,2.98361778343578,50,1999,73,26,20,2,1,0.0625,0.0543212890625,0.984375,0.96923828125,1,1,0.5078125,0.4921875,-0.0934765793388639
6092,4.85203026391962,7,127,TRUE,7,8.7710024905611,8.46892059328639,8.88410486580965,8.57828829077605,2.45340253928587,0,2.09031250765977,2.6142675222218,3.14599425216262,31,1960,85,29,19,1,1,0.0551181102362205,0.054746109492219,1,1,1,1,0.448818897637795,0.551181102362205,-0.0113515670562079
6097,4.21950770517611,7,67,TRUE,7,6.62773881091584,6.21660610108486,6.6659639739224,6.21660610108486,2.11683354813851,0,2.33105597194763,2.34457777134509,2.56289548400252,12,2002,63,53,10,1,1,0.104477611940299,0.100913343729116,1,1,1,1,0.477611940298507,0.522388059701492,0.00739426665903767
6110,3.91202300542815,4,49,TRUE,4,7.08072501062618,7.4205789054108,8.20742747226834,8.30819906320645,3.66168342124884,2.56494935746154,1.38532931631192,2.41017389341113,4.54178619783991,25,2000,72,34,14,2,1,0.122448979591837,0.0795501874219075,0.816326530612245,0.700124947938359,1,1,0.306122448979592,0.693877551020408,-0.1974757307778
6111,3.17805383034795,2,23,FALSE,2,7.17515470970448,6.51471269087253,7.176711533921,7.24850407237061,2.62731910028964,2.56494935746154,2.45685320674225,2.29307884443919,2.70883928304421,6,1983,60,50,17,1,1,0.0869565217391304,0.0661625708884688,1,1,1,1,0.565217391304348,0.434782608695652,NA
6124,3.73766961828337,7,41,TRUE,7,6.84189759453265,6.88352405993339,8.31867693035461,8.31696750803263,6.24413689727246,4.20469261939097,1.59065607304794,2.21591848415125,4.3965668029726,99999,99999,99999,99999,13,2,1,0.170731707317073,0.123140987507436,0.780487804878049,0.657346817370613,1,1,0.707317073170732,0.292682926829268,-0.0327998455596425
6138,5.06259503302697,7,157,TRUE,7,8.40101561522995,8.16687230335427,8.66392254241422,8.40477225398144,1.9355205231858,0,2.21002468411349,3.58435016009432,2.81446974355442,23,1995,82,33,20,3,1,0.10828025477707,0.0617063572558725,0.796178343949045,0.6627855085399,1,1,0.363057324840764,0.636942675159236,-0.0537488003056325
6142,3.36729582998647,7,28,TRUE,7,6.39347576325391,6.472523445163,7.65302114403344,6.75314801866925,4.32382195114508,2.56494935746154,1.73563851753619,2.13613510314216,4.10349069644099,2,2006,60,46,6,1,1,0.25,0.201530612244898,1,1,1,1,0.714285714285714,0.285714285714286,0.0043254379494544
6144,4.72738781871234,7,112,TRUE,7,7.87979133742576,8.04769764825157,8.03612661826095,8.11060106696954,3.42443413748832,2.94857693381837,2.40778441096037,2.54337472162006,3.1877531664769,41,1950,75,31,18,1,1,0.0625,0.0593112244897959,1,1,1,1,0.616071428571429,0.383928571428571,-0.048057699204483
6150,2.56494935746154,2,12,FALSE,2,6.36625894834183,6.92264340614478,9.42399600592962,11.5129254649702,6.7158731878993,11.5129254649702,1.79740670780032,2.24290958366749,5.92833517349581,45,2009,70,26,7,1,1,0.166666666666667,0.152777777777778,1,1,1,1,0.166666666666667,0.833333333333333,NA
6152,4.18965474202643,7,65,TRUE,7,7.78118208173326,8.0529012195558,8.17100787328339,8.09796480239116,1.93248068406267,0,1.13666778270628,1.06247140403611,3.69460792191743,19,2004,69,32,13,1,1,0.107692307692308,0.0972781065088758,1,1,1,1,0.246153846153846,0.753846153846154,-0.0341044894247686
6155,4.48863636973214,7,88,TRUE,7,9.06502452128166,9.23320296627296,8.93403002287661,9.11259850920685,1.86657365493314,0,1.96268806064639,2.19220071276522,3.32168014031482,2,1983,55,54,14,1,1,0.0795454545454545,0.0764462809917355,1,1,1,1,0.295454545454545,0.704545454545455,0.176482804384354
6166,2.19722457733622,7,8,TRUE,7,8.06830905950831,8.28974335811347,8.3856323867735,8.38780506786259,4.49993737894315,4.41855020558138,0.664023153615195,0.224263209624894,0.2417704242016,11,2001,72,46,2,1,1,0.875,0.78125,1,1,1,1,1,0,0.056847491585855
6167,4.45434729625351,6,85,TRUE,6,8.69696521699612,8.63203858308528,9.37420184317891,10.1177643097591,4.12180290399302,2.56494935746154,2.05076733670518,4.05104739746029,4.49543439882535,39,2007,98,46,16,2,1,0.117647058823529,0.067681660899654,0.917647058823529,0.848858131487889,1,1,0.482352941176471,0.517647058823529,0.178766905614839
6182,3.09104245335832,2,21,FALSE,2,8.213087131093,8.2845042272585,10.1004395517648,11.5129254649702,7.67528364331349,11.5129254649702,1.49959503204163,2.11244836105721,5.56127134545606,20,2010,59,28,7,2,1,0.142857142857143,0.142857142857143,0.666666666666667,0.555555555555556,1,1,0,1,NA
6187,4.58496747867057,7,97,TRUE,7,7.46014278104671,7.28595195993611,7.56814698318976,7.38128393800373,2.88039552805348,2.56494935746154,2.17606655164804,2.29936044803892,3.25295131470249,11,2000,50,31,18,1,1,0.0721649484536082,0.065575512806887,1,1,1,1,0.536082474226804,0.463917525773196,-0.0509857616181927
6189,1.6094379124341,3,4,TRUE,3,6.39691095536655,6.26791808952058,11.5129254649702,11.5129254649702,11.5129254649702,11.5129254649702,1.35654086070495,1.7222337923255,0,28,1997,93,52,3,3,1,0.5,0.375,0.5,0.375,1,1,0,1,-0.70566202747421
6209,2.19722457733622,1,8,FALSE,1,7.67536751900023,7.87942097816342,11.5129254649702,11.5129254649702,11.5129254649702,11.5129254649702,1.07277057503123,1.62051988212474,0,12,2012,65,29,8,1,1,0.125,0.125,1,1,1,1,0,1,NA
6217,4.02535169073515,4,55,TRUE,4,7.01813152503877,6.76272950693188,7.58700581189685,7.1024170478607,4.25093527318575,2.94443897916644,1.80824128909407,1.9420284026294,4.47389467153615,49,2009,76,32,17,1,1,0.0727272727272727,0.0631404958677686,1,1,1,1,0.563636363636364,0.436363636363636,0.409961710792856
6221,4.54329478227,7,93,TRUE,7,8.19492570832555,8.70674852127207,8.40466644348488,8.86807398161974,1.70078458007846,0,1.66090283615476,2.26431894140292,2.96092979386266,9,1993,82,27,14,2,1,0.0967741935483871,0.0787374262920569,0.913978494623656,0.842756388021737,1,1,0.301075268817204,0.698924731182796,0.107859528133443
6222,3.49650756146648,4,32,TRUE,4,8.3037624808106,8.60394430470543,9.01446935455618,8.88373598524012,2.87823136624256,0,1.42284041186955,1.99137342941002,5.06501191468127,44,2009,68,25,8,1,1,0.125,0.125,1,1,1,1,0,1,0.166039638284665
6227,1.6094379124341,3,4,TRUE,3,6.2322666412063,6.31800918814038,2.19272618607422,0,0,0,2.56777215975447,2.62951013949497,0,14,1987,83,51,4,1,1,0.25,0.25,1,1,1,1,0,1,1.44199827352381
6238,4.24849524204936,7,69,TRUE,7,7.44639916411713,7.43602781635185,7.54565410118874,7.46508273639955,1.14783210862221,0,1.68656893049313,2.39451640491257,2.27997476896257,13,1982,85,53,11,1,1,0.101449275362319,0.0980886368409998,1,1,1,1,0.217391304347826,0.782608695652174,-0.0354252724169544
6250,2.19722457733622,5,8,TRUE,5,7.96961976713115,7.58440160772051,10.5027669460779,10.818608295086,7.44982971153664,6.0114233399409,2.18972997919395,3.07163268217544,3.46197681252137,11,2005,79,39,4,1,1,0.625,0.4375,1,1,1,1,0.625,0.375,-0.9953228113695
6256,3.2188758248682,3,24,TRUE,3,8.11871027736728,7.82019457531432,9.12470588552396,9.36509613914134,3.83764182165674,0,1.5833478840853,2.82060656552333,5.54397341445327,32,2010,63,24,8,1,1,0.125,0.125,1,1,1,1,0,1,0.414019354414317
6261,2.19722457733622,1,8,FALSE,1,8.35097202493746,8.3006897923008,11.5129254649702,11.5129254649702,11.5129254649702,11.5129254649702,1.07181742734945,1.26960113179846,0,6,2011,67,44,8,1,1,0.125,0.125,1,1,1,1,0,1,NA
6264,4.52178857704904,7,91,TRUE,7,7.91129588150325,7.60688453121963,8.17315625896927,7.76833454967525,2.99987471284999,2.56494935746154,2.10878722255895,1.73051308887312,3.36744662900341,8,1997,68,46,17,1,1,0.0769230769230769,0.0701606086221471,1,1,1,1,0.516483516483517,0.483516483516484,-0.00436617936866216
6266,3.04452243772342,2,20,FALSE,2,10.3228450159952,10.7312947232673,10.7689714754216,11.4665497369045,5.75646273248511,5.75646273248511,1.22356254630354,1.60319392526689,5.90600614811468,23,2011,63,32,10,1,1,0.1,0.1,1,1,1,1,0,1,NA
6269,3.58351893845611,6,35,TRUE,6,6.33760418853945,6.31902216633962,7.14048644549424,7.39527338047713,0,0,2.07111018915829,2.35692841943849,0,6,2001,64,50,9,1,1,0.171428571428571,0.136326530612245,1,1,1,1,0,1,-1.04261722412947
6295,5.20948615284142,7,182,TRUE,7,8.1549774228279,7.90630026795473,8.6208385045667,8.82856692280914,2.84882168466463,0,2.52209443031179,3.97727302222807,3.67036018142238,31,1965,87,43,24,6,1,0.0824175824175824,0.0530129211447893,0.752747252747253,0.595580243931892,1,1,0.434065934065934,0.565934065934066,-0.0776165738478545
6305,3.87120101090789,4,47,TRUE,4,8.74370635573946,9.0332403591633,9.51986940958805,10.3509672237718,4.16298256569262,0,2.12279525176527,3.32804268025188,5.25196941026337,24,2009,69,28,15,1,1,0.0851063829787234,0.072883657763694,1,1,1,1,0.276595744680851,0.723404255319149,0.284482692822747
6308,4.56434819146784,7,95,TRUE,7,7.85316808046432,7.67415292128168,7.89282107786505,7.67415292128168,1.92605235851145,0,1.43189955973952,2.43110289490176,2.30760330167786,11,1980,82,30,15,1,1,0.0736842105263158,0.0685872576177285,1,1,1,1,0.494736842105263,0.505263157894737,0.107812825875126
6330,4.95582705760126,7,141,TRUE,7,9.17708530781522,8.88215569843708,9.19795488615284,8.94905352688393,2.9260091787931,0,2.0511961493733,2.67693035011113,3.33095069779922,8,1957,94,50,22,2,1,0.0851063829787234,0.051757959861174,0.964539007092199,0.931592978220411,1,1,0.50354609929078,0.49645390070922,0.0211707413586508
6331,3.8286413964891,5,45,TRUE,5,7.62561469566495,7.35409358029988,8.28977313436368,8.2700898839068,2.98480397633026,0,1.75727051026418,2.04654192641436,4.730620806195,16,2008,61,34,10,1,1,0.111111111111111,0.102222222222222,1,1,1,1,0.2,0.8,0.756894164765949
6340,4.80402104473326,7,121,TRUE,7,8.07573644255301,7.60339933974067,8.16574903318383,7.71912984090673,2.89498454846171,2.56494935746154,1.87903216429457,2.31544500178851,3.14169899177146,32,1956,99,30,21,1,1,0.0578512396694215,0.0553923912301072,1,1,1,1,0.545454545454545,0.454545454545455,-0.0482248703822349
6341,3.85014760171006,7,46,TRUE,7,8.1343398125559,7.04608829451254,8.87307450202838,7.9181055700607,6.16689614316667,5.36830702157476,2.86069905402069,5.8156009630499,3.13465248621614,6,2006,56,52,8,1,1,0.152173913043478,0.143667296786389,1,1,1,1,0.978260869565217,0.0217391304347826,0.109349899158626
6344,3.04452243772342,4,20,TRUE,4,6.07183463346674,6.5437865775579,6.74618099301759,6.5437865775579,2.51401467069845,2.56494935746154,1.13788975174412,1.5334883513509,3.43143836305641,6,1995,68,52,7,2,1,0.2,0.17,0.95,0.905,1,1,0.5,0.5,0.293070116585422
6346,4.82028156560504,7,123,TRUE,7,9.1947839167993,9.09611736688443,9.11533194419106,8.90041269057708,2.39447872920824,0,1.9937211299748,3.54745933090942,3.13806893295109,42,1981,89,31,20,1,1,0.0569105691056911,0.0537378544517152,1,1,1,1,0.447154471544715,0.552845528455285,0.0668753171713172
6347,4.51085950651685,7,90,TRUE,7,8.73278299138883,8.96241065364345,8.79561470365282,9.07854058432126,2.38854757173248,0,2.05885762829777,3.87596050714035,3.53024936603281,23,2001,81,42,14,2,1,0.0888888888888889,0.077283950617284,0.955555555555556,0.915061728395062,1,1,0.344444444444444,0.655555555555556,0.0152468449135529
6351,2.99573227355399,2,19,FALSE,2,5.99923401615479,5.75257263882563,7.07848123516615,6.82219739062049,2.26349891189621,0,2.48829054771025,2.13084776419333,3.31370066760314,4,1982,79,49,10,1,1,0.105263157894737,0.102493074792244,1,1,1,1,0.368421052631579,0.631578947368421,NA
6354,3.04452243772342,4,20,TRUE,4,7.61124785620018,7.58592920360523,9.43225253760453,8.88129573511585,5.1808164592366,0,1.05937565054965,1.72843366520134,5.87640192084857,5,2005,66,38,9,1,1,0.2,0.135,1,1,1,1,0.1,0.9,-0.321857691931217
6355,4.53259949315326,7,92,TRUE,7,8.75320832773095,9.00810643062481,8.72137225144339,8.97144329385063,1.08094158212787,0,1.59003678244277,2.77592456435415,2.10602387929607,4,2000,45,45,14,2,1,0.152173913043478,0.0829395085066163,0.923913043478261,0.859404536862004,1,1,0.271739130434783,0.728260869565217,0.0114826742573109
6356,4.8283137373023,7,124,TRUE,7,9.0984940085102,8.84109299041878,9.22234214355955,8.88809479566395,3.08755519171765,3.15495913911326,2.17087754489369,2.79034502089513,3.36144683193118,14,1977,98,52,20,1,1,0.0564516129032258,0.0548907388137357,1,1,1,1,0.524193548387097,0.475806451612903,0.0167765872039608
6359,4.70048036579242,7,109,TRUE,7,7.43993027901038,7.94413749111411,7.58173004374995,8.02512716752226,2.15807071395468,2.56494935746154,2.28405224358385,2.63634867720585,2.53907022102741,79,1992,71,27,17,2,1,0.128440366972477,0.0679235754566114,0.935779816513762,0.879808096961535,1,1,0.559633027522936,0.440366972477064,0.0485452406411294
6369,4.71849887129509,7,111,TRUE,7,7.609543516173,7.75505599650812,7.81339229208139,7.85357374465405,3.15291706738112,3.87120101090789,2.14684343055809,1.83795482302175,3.26041941647541,4,1986,65,61,16,2,1,0.0900900900900901,0.0689067445824202,0.918918918918919,0.850986121256392,1,1,0.540540540540541,0.459459459459459,-0.154353543449121
6390,5.39362754635236,7,219,TRUE,7,8.40593728986878,8.31630024903685,8.81255125634422,8.83550145740978,3.20499141411175,2.56494935746154,2.48055950747259,3.22064889292202,3.74467213855911,22,1973,80,41,25,5,1,0.114155251141553,0.0551906757573862,0.657534246575342,0.473655678572173,1,1,0.511415525114155,0.488584474885845,-0.116206597564052
6392,4.52178857704904,7,91,TRUE,7,7.93169846591629,7.63222184696593,8.21741796586411,7.97648551316833,2.88125937080859,2.56494935746154,2.02658489023383,2.35801690270265,3.17855067140125,16,1980,69,31,16,1,1,0.0769230769230769,0.0733003260475788,1,1,1,1,0.538461538461538,0.461538461538462,-0.0334409149778596
6399,4.85981240436167,7,128,TRUE,7,7.45134479448019,7.25475268958768,7.74335889445334,7.71661549460305,2.39266134621426,0.693147180559945,2.11439071254266,2.4459575499984,2.83948622031997,18,1991,77,38,16,3,1,0.109375,0.0771484375,0.5546875,0.4862060546875,1,1,0.484375,0.515625,-0.0510261187963373
6403,5.15329159449778,7,172,TRUE,7,8.06644123065119,8.20000727408649,8.44273027259599,8.41213830776055,1.07096981069491,0,1.88883285725598,2.33632282586702,3.35386598477855,56,2004,80,25,9,5,1,0.127906976744186,0.113574905354246,0.354651162790698,0.297525689561925,1,1,0,1,0.207900156069912
6406,3.66356164612965,5,38,TRUE,5,7.01727497681091,7.2086003379602,8.28387595284003,7.60989397537168,3.4411886531969,0,1.23823869652793,1.47740951553749,5.03189214828911,15,2008,75,33,10,1,1,0.131578947368421,0.110803324099723,1,1,1,1,0.157894736842105,0.842105263157895,0.0320305882387235
6418,2.39789527279837,2,10,FALSE,2,5.14983923988583,5.30038717651707,8.53654855656759,9.41049964895383,5.75646273248511,5.75646273248511,1.63674823266156,2.90530586109508,6.0678445001765,9,2008,70,32,5,1,1,0.2,0.2,1,1,1,1,0,1,NA
6424,3.93182563272433,6,50,TRUE,6,8.62796680780689,7.87811386584495,9.4433683261588,9.00939416392945,6.64487980963991,5.79048827989569,2.30977831448363,3.31260198132215,2.83231045164771,12,2005,62,33,9,1,1,0.12,0.1128,1,1,1,1,1,0,-0.335974732891191
6425,4.04305126783455,7,56,TRUE,7,7.29130224170503,7.3038432252777,7.29722786135828,7.3038432252777,1.98584760097133,0,1.77190660324115,2.1669530589255,2.53896646165258,18,2001,81,30,10,2,1,0.196428571428571,0.121811224489796,0.928571428571429,0.86734693877551,1,1,0.464285714285714,0.535714285714286,0.0582812396425058
6443,4.89783979995091,7,133,TRUE,7,8.79547274417232,8.53247581494739,8.90205974506315,8.68141187551234,3.01537605131343,2.56494935746154,2.34049197762563,2.44994167657152,3.44240600691185,8,1944,67,59,22,1,1,0.0526315789473684,0.0509356097009441,1,1,1,1,0.526315789473684,0.473684210526316,-0.0273763276548227
6458,3.8286413964891,5,45,TRUE,5,8.44768365161363,8.63105744756528,9.05607349899704,9.02809281244436,0.966607220990793,0,2.00830902168846,2.96111203400337,1.68612116260858,16,2002,92,35,11,1,1,0.111111111111111,0.094320987654321,1,1,1,1,0.266666666666667,0.733333333333333,-0.574824857598178
6463,4.79579054559674,7,120,TRUE,7,8.77852058796015,9.77394475204597,8.87754963450695,9.87700526288025,1.23444121137024,0,2.6305089582935,3.84905298464049,2.30534284216012,25,1985,76,43,14,2,1,0.116666666666667,0.0827777777777778,0.775,0.65125,1,1,0.25,0.75,-0.0101714901010002
6482,4.66343909411207,7,105,TRUE,7,6.92829953108133,6.60313048580004,7.01458479789604,6.86820331097002,2.82982390861713,2.56494935746154,2.05704566705449,1.83569717225947,2.45627437170815,17,1949,92,46,14,2,1,0.123809523809524,0.076281179138322,0.876190476190476,0.783038548752834,1,1,0.685714285714286,0.314285714285714,-0.0814044901935947
6484,0.693147180559945,1,1,FALSE,1,3.97443426554954,3.97443426554954,11.5129254649702,11.5129254649702,11.5129254649702,11.5129254649702,NA,0,NA,99999,99999,99999,99999,1,1,1,1,1,1,1,1,1,0,1,NA
6486,4.70048036579242,7,109,TRUE,7,7.98191437690707,7.86863689418417,8.03407215649989,7.97343451234775,2.81878489066493,2.39789527279837,2.05090378565838,2.23204182442515,3.1228254804848,4,1970,74,70,19,1,1,0.0642201834862385,0.0593384395252925,1,1,1,1,0.532110091743119,0.467889908256881,-0.0789230578815953
6496,2.99573227355399,6,19,TRUE,6,8.15437309094338,8.97690024237208,9.11390131318971,9.2111870134741,6.19594263089006,4.72738781871234,1.57833492711227,2.09005886633651,3.88406411941796,2,2006,46,46,6,1,1,0.315789473684211,0.240997229916897,1,1,1,1,1,0,-0.187218828452318
6501,4.18965474202643,7,65,TRUE,7,7.86852402193002,8.19174832919088,8.17190970461827,8.54488228567762,2.11641880437962,0,1.52624602560529,2.7807855123436,3.82919497354895,40,2005,82,46,11,1,1,0.107692307692308,0.098698224852071,1,1,1,1,0.276923076923077,0.723076923076923,0.0552999450454211
6504,5.37989735354046,7,216,TRUE,7,7.71094064359589,7.61603405091614,7.90368542050174,7.8737489087826,1.94678122270232,0,2.68070822967606,3.912721393811,3.19192584966578,94,1992,81,30,22,4,1,0.111111111111111,0.0706447187928669,0.569444444444444,0.389446159122085,1,1,0.324074074074074,0.675925925925926,-0.05600127042268
6508,3.73766961828337,5,41,TRUE,5,8.53544206014629,8.50045386741194,9.16322743776007,9.44477988303224,2.52722754109103,0,1.56676833807965,2.25996500404201,4.82458556260336,46,2008,78,33,9,1,1,0.121951219512195,0.11600237953599,1,1,1,1,0,1,0.357604512984446
6510,4.74493212836325,7,114,TRUE,7,8.19905443760132,7.664551337851,8.30372398931499,8.05637746634891,2.93715075802346,3.2188758248682,2.07984796253221,2.62400081508768,3.21233987402396,35,1990,82,26,22,1,1,0.0614035087719298,0.0563250230840259,1,1,1,1,0.543859649122807,0.456140350877193,-0.119961727798104
6514,4.40671924726425,7,81,TRUE,7,6.42393497625533,6.27476202124194,7.37515969616611,6.43486749455654,4.47791371632939,3.46573590279973,2.8836946184501,1.33324178607551,4.14294389234039,18,2006,77,43,15,1,1,0.0864197530864197,0.0760554793476604,1,1,1,1,0.641975308641975,0.358024691358025,-0.146803814137042
6518,4.31748811353631,7,74,TRUE,7,8.296640812034,8.25405574905271,8.30597918497427,8.25226343183011,2.11478122004864,0,1.47442826053448,2.76263929750597,3.3150737042661,9,2002,77,35,14,1,1,0.0945945945945946,0.0883856829802776,1,1,1,1,0.324324324324324,0.675675675675676,0.0651012288942873
6525,4.77068462446567,7,117,TRUE,7,8.39903915275536,7.9925897546569,8.49616397595762,8.01106982800814,2.78028607408964,2.56494935746154,1.91559756663487,2.0671945855711,2.99826418720973,13,1981,82,25,19,1,1,0.0598290598290598,0.0574914164657754,1,1,1,1,0.538461538461538,0.461538461538462,0.0023052070075786
6537,3.2188758248682,7,24,TRUE,7,9.03549810663856,10.2933211572042,9.26058677758956,10.4192538827449,5.16381442570128,5.96815453679037,2.27150937028071,4.23858626241597,2.84117842263064,26,2005,59,27,2,2,1,0.5,0.5,0.583333333333333,0.513888888888889,1,1,1,0,-0.0850767271984117
6557,3.8286413964891,5,45,TRUE,5,8.0871789378262,7.23273313617761,9.30903138634651,9.35760712614925,6.74196877080525,6.38856140554563,2.30482782761631,2.87909748394068,3.52696583885822,45,2007,73,29,11,2,1,0.2,0.127901234567901,0.866666666666667,0.768888888888889,1,1,0.955555555555556,0.0444444444444444,-0.220523392108768
6559,2.30258509299405,1,9,FALSE,1,8.31432226990346,7.96963096653424,11.5129254649702,11.5129254649702,11.5129254649702,11.5129254649702,1.09887759250945,1.34202953815741,0,5,2011,53,46,9,1,1,0.111111111111111,0.111111111111111,1,1,1,1,0.222222222222222,0.777777777777778,NA
6563,4.81218435537242,7,122,TRUE,7,7.35305830938094,7.32359081948604,7.53621621472964,7.52531511164352,2.84454913110341,3.31269618400398,2.18641216626544,2.4822990537183,2.82143840064241,5,1976,81,68,14,2,1,0.114754098360656,0.0841171728030099,0.549180327868853,0.504837409298576,1,1,0.549180327868853,0.450819672131148,-0.20500776419958
6566,2.63905732961526,2,13,FALSE,2,7.19709373565843,7.97899637085411,10.3568768429932,11.5129254649702,9.39754139931468,11.5129254649702,1.59675166770186,2.81372432396782,4.0344392412408,10,2011,77,46,10,1,1,0.153846153846154,0.112426035502959,1,1,1,1,0.538461538461538,0.461538461538462,NA
6572,4.92725368515721,7,137,TRUE,7,9.14280798908066,9.07646606341985,9.2550448860679,9.11601980234614,3.59533852739092,3.46573590279973,2.00870532935025,1.8736375144218,3.48480290386042,14,1974,90,27,23,1,1,0.0510948905109489,0.0498161862645852,1,1,1,1,0.591240875912409,0.408759124087591,-0.0328970510983162
6579,4.7361984483945,7,113,TRUE,7,7.75699619687113,7.27040334823633,7.93162254827152,7.31388683163346,2.52693925148176,2.56494935746154,2.0441687956028,3.05276795191625,2.97351528203892,31,1997,87,42,20,1,1,0.0619469026548673,0.0566215052079254,1,1,1,1,0.52212389380531,0.47787610619469,-0.00255122510912418
6597,4.58496747867057,7,97,TRUE,7,8.72151480665868,9.90436416819632,8.74815735136849,9.94172220276604,1.86320765990831,0,2.50772770685743,3.92395871639288,2.58262843835965,34,2001,58,27,16,1,1,0.0721649484536082,0.0657880752471038,1,1,1,1,0.422680412371134,0.577319587628866,0.0135058428385669
6605,4.99043258677874,7,146,TRUE,7,9.01283840064101,9.00249884192195,9.72111817763397,10.9756846080328,2.78514513292777,0,2.72268892702619,4.33974729328948,4.5100789019287,23,1999,77,33,13,6,1,0.143835616438356,0.0918558829048602,0.623287671232877,0.428410583599174,1,1,0.143835616438356,0.856164383561644,0.0504819213128312
6618,1.94591014905531,2,6,FALSE,2,5.71670026231866,5.47039937031382,10.6997672394251,11.5129254649702,9.97786873630753,11.5129254649702,0.73417601330776,0.995875752450707,3.76010571144958,8,2006,75,56,5,1,1,0.333333333333333,0.222222222222222,1,1,1,1,1,0,NA
6627,4.62497281328427,7,101,TRUE,7,8.08696449242949,7.90540846266892,8.1633682148661,7.90540846266892,2.32994698616247,0,1.96796259970838,2.97946573206348,2.72535227928847,33,1996,87,43,16,1,1,0.0693069306930693,0.0657778649152044,1,1,1,1,0.475247524752475,0.524752475247525,-0.0912439245491279
6648,3.13549421592915,7,22,TRUE,7,8.07339024347733,8.37970077310556,8.71572809042498,8.8121943581591,5.19695169622804,4.22467126225403,1.13547050389923,2.08662714799458,3.21373680012602,18,2003,72,36,4,2,1,0.454545454545455,0.34297520661157,0.863636363636364,0.764462809917355,1,1,1,0,0.0290093060376644
6653,3.66356164612965,4,38,TRUE,4,7.78601187266624,7.93685068738828,8.05355695979339,8.13063095904542,2.94679782086487,2.56494935746154,2.60146385777777,3.33184322790432,3.08684165067131,6,1966,83,51,13,1,1,0.105263157894737,0.0803324099722992,1,1,1,1,0.578947368421053,0.421052631578947,0.502295115345076
6683,4.76217393479776,7,116,TRUE,7,7.49758053563404,7.14757857204798,7.49793028087167,7.14757857204798,2.51818157388064,2.56494935746154,1.96892864345676,1.88531639622765,2.80474143571849,4,1978,73,61,18,1,1,0.0603448275862069,0.0584126040428062,1,1,1,1,0.53448275862069,0.46551724137931,-0.0282505585596207
6693,5.62040086571715,7,275,TRUE,7,8.83682505137869,9.05567289196404,9.2438927783481,9.5481338781933,2.99201840948374,0,1.93378835418254,2.99582450956057,4.2593525997922,83,2006,69,35,18,3,1,0.0763636363636364,0.0648330578512397,0.392727272727273,0.339742148760331,1,1,0.349090909090909,0.650909090909091,0.247959863401807
6703,4.79579054559674,7,120,TRUE,7,7.45268556047907,7.4540619940363,7.65796896267414,7.61833948419868,2.77222396565875,2.56494935746154,1.9005428765573,2.209150270599,2.90516948663882,13,1979,75,52,17,2,1,0.116666666666667,0.0741666666666667,0.833333333333333,0.722222222222222,1,1,0.583333333333333,0.416666666666667,-0.0250031173230036
6707,3.76120011569356,6,42,TRUE,6,6.4520744917249,6.80888111909979,8.28953874505491,8.11252141019353,5.61963828033828,3.31003660326518,1.47023551783403,2.03430619157535,4.34308513802605,99999,99999,99999,99999,12,2,1,0.261904761904762,0.13718820861678,0.642857142857143,0.540816326530612,1,1,0.642857142857143,0.357142857142857,-0.0152273523834496
6717,4.11087386417331,6,60,TRUE,6,7.39981991807905,7.66794013999056,8.33208701779332,7.94954012794121,3.35567246719842,0,1.15174038518128,1.69149455475912,4.73975314959182,14,2007,67,25,14,1,1,0.1,0.0861111111111111,1,1,1,1,0.3,0.7,0.237698385096211
6719,3.71357206670431,2,40,FALSE,2,8.11344928872017,7.88506514271541,9.92926821180617,11.5129254649702,6.33210900573363,11.5129254649702,1.60255151232528,2.75640650156249,5.80057420310509,51,2011,69,29,13,2,1,0.1,0.09,0.575,0.51125,1,1,0.075,0.925,NA
6728,3.8286413964891,5,45,TRUE,5,9.59586950860499,10.5741475305502,10.0152721501301,10.7848903153504,2.5584278811045,0,2.09317345136326,4.02450991292562,4.8404653997529,9,2008,63,36,10,1,1,0.111111111111111,0.105185185185185,1,1,1,1,0,1,0.0807877399162449
6729,2.39789527279837,2,10,FALSE,2,5.65839164893673,6.37974462911139,8.57775818942573,9.66567786852044,5.75646273248511,5.75646273248511,2.05339756375436,3.35071541132704,6.0678445001765,12,2011,63,30,5,1,1,0.2,0.2,1,1,1,1,0,1,NA
6741,4.71849887129509,7,111,TRUE,7,7.67237494143259,7.12601492341505,7.78003915854812,7.25841215059531,1.46141714363302,0,1.64106944440373,2.35890036941869,2.26858113090351,18,1968,85,48,15,2,1,0.126126126126126,0.077672266861456,0.873873873873874,0.779563347130915,1,1,0.324324324324324,0.675675675675676,0.00960908584968094
6749,0.693147180559945,1,1,FALSE,1,7.06646697013696,7.06646697013696,11.5129254649702,11.5129254649702,11.5129254649702,11.5129254649702,NA,0,NA,99999,99999,99999,99999,1,1,1,1,1,1,1,1,1,0,1,NA
6750,4.969813299576,7,143,TRUE,7,8.42650353905697,8.50591381777684,8.62758173993429,9.09773142759353,2.13101734578012,0,2.28054033025341,3.96117096732595,2.95299615590462,15,1987,68,27,22,2,1,0.0979020979020979,0.0545258936867329,0.902097902097902,0.823365445743068,1,1,0.412587412587413,0.587412587412587,-0.0443563056970456
6756,4.87519732320115,7,130,TRUE,7,8.41489060253262,8.66299743937894,8.91235851371445,9.25604360176575,2.8097176954019,0,2.19690817789763,3.19497582028367,4.45390616848253,42,2006,78,31,16,4,1,0.1,0.0755029585798817,0.753846153846154,0.606745562130177,1,1,0.238461538461538,0.761538461538461,0.0879047409175201
6760,2.70805020110221,7,14,TRUE,7,9.25080338359622,9.5043155559772,9.47067209103718,9.65597608960103,5.08045491597653,5.66003430313045,0.634415338165656,1.01145591218059,1.00675204762342,7,2003,67,23,2,1,1,0.5,0.5,1,1,1,1,1,0,-0.161886054699833
6770,2.77258872223978,3,15,TRUE,3,6.00362507956895,5.99396142730657,8.67479835248447,8.47803647621504,6.29283997170912,3.8286413964891,1.39529603790582,1.85668035292414,5.17535672754052,4,2006,65,65,7,1,1,0.2,0.155555555555556,1,1,1,1,0.6,0.4,0.106872705709057
6787,4.67282883446191,7,106,TRUE,7,7.25519526294594,6.87212810133899,7.46669920272047,6.92775022319013,3.16833426180569,3.2188758248682,1.96279818419396,1.59590354030222,3.00914912702405,7,1986,72,54,16,2,1,0.132075471698113,0.0760056959772161,0.886792452830189,0.799216803132788,1,1,0.669811320754717,0.330188679245283,0.000601954063427491
6806,3.55534806148941,4,34,TRUE,4,7.77632120379702,7.76755166830428,9.07201222093449,8.89335244856621,5.05250421673366,4.10804404931616,1.92265947590587,2.53830304301038,5.03192819525857,10,2009,71,49,11,1,1,0.117647058823529,0.0916955017301038,1,1,1,1,0.382352941176471,0.617647058823529,0.638297015223653
6808,4.26267987704132,7,70,TRUE,7,7.99584777290932,7.59657932378794,8.58996661050422,7.90567273269438,2.14829501141761,0,1.45651933525093,2.41798635564966,4.15771028278462,19,2006,68,45,11,1,1,0.1,0.0955102040816327,1,1,1,1,0.171428571428571,0.828571428571429,-0.00568751002361126
6812,5.11198778835654,7,165,TRUE,7,9.07850856392706,9.28079883562474,9.41419439791943,9.73811927337676,2.71669856520873,0,2.75963622218876,4.51049798210319,3.50765227167125,11,1979,70,33,21,5,1,0.127272727272727,0.0600550964187328,0.818181818181818,0.681689623507805,1,1,0.393939393939394,0.606060606060606,-0.137979134949304
6824,5.34710753071747,7,209,TRUE,7,7.77421668930287,7.62281560322895,8.23254333452623,8.46821300919452,2.13523721175586,0,2.34046488274158,3.52722558145053,3.94977023784915,59,2004,75,30,15,5,1,0.138755980861244,0.0926031913188801,0.435406698564593,0.283624459146998,1,1,0.167464114832536,0.832535885167464,0.0236931510546494
6827,2.30258509299405,1,9,FALSE,1,8.60183205359879,8.91945316857545,11.5129254649702,11.5129254649702,11.5129254649702,11.5129254649702,1.29615714943691,1.94400463041601,0,15,2012,65,26,9,1,1,0.111111111111111,0.111111111111111,1,1,1,1,0,1,NA
6828,4.67282883446191,7,106,TRUE,7,7.68328269851935,7.1826449364451,7.89636914285154,7.21118704833556,2.41225643594973,0,1.99218952231676,2.36362815981179,3.13784206193772,2,1972,68,68,18,1,1,0.0660377358490566,0.0626557493770025,1,1,1,1,0.433962264150943,0.566037735849057,-0.0208751144881648
6830,4.9416424226093,7,139,TRUE,7,7.87145209033774,7.66121644488071,7.98752806106653,7.96334871736402,1.89345893682825,0,1.93559524571805,3.17308148581734,2.40572757987928,10,1971,91,51,20,2,1,0.0719424460431655,0.0533616272449666,0.920863309352518,0.854251850318307,1,1,0.482014388489209,0.517985611510791,0.00968249357784348
6835,3.36729582998647,4,28,TRUE,4,8.21669787820106,8.94845241722449,9.30285759588594,9.71188235184501,3.37504639259144,0,2.19959250420051,2.93542412340461,5.26055642591001,7,2009,62,30,8,1,1,0.142857142857143,0.13265306122449,1,1,1,1,0.0714285714285714,0.928571428571429,0.00185578468001119
6845,4.82028156560504,7,123,TRUE,7,7.94587408280171,7.72001794043224,8.00085966240327,7.75364071379436,2.95488207952431,2.94443897916644,1.95447365957025,2.02192820198526,3.02817117958124,14,1958,86,53,20,1,1,0.0569105691056911,0.0543988366712935,1,1,1,1,0.569105691056911,0.430894308943089,-0.0309601516530833
6854,2.19722457733622,3,8,TRUE,3,7.11632471742414,6.14452858782193,9.0573054010583,10.4386161436439,6.85210346297686,5.82878988401721,2.10294691278233,3.91655400920821,4.10099200719399,17,2006,72,31,4,1,1,0.375,0.28125,1,1,1,1,1,0,0.168687355618341
6863,2.484906649788,5,11,TRUE,5,8.65287321375472,8.73741888993533,9.45383587476362,9.10195640139252,6.28186889425769,5.34710753071747,0.582649458856089,0.690517372681764,3.46185622170234,17,2008,69,27,3,1,1,0.454545454545455,0.421487603305785,1,1,1,1,1,0,0.11872024903203
6873,4.33073334028633,7,75,TRUE,7,6.16828256462822,6.23539063760472,8.25594128130335,8.42702994340472,6.23633331057562,3.95124371858143,2.07621841339132,3.22892322091384,4.60981559004913,99999,99999,99999,99999,19,3,1,0.186666666666667,0.0833777777777778,0.52,0.488355555555556,1,1,0.6,0.4,-0.045023186182124
6879,4.34380542185368,6,76,TRUE,6,8.11409430793673,8.35422932075194,8.62504603077704,8.55324195422468,2.86503232862966,0,1.63618756811599,2.15616937122007,4.24758572564357,32,2007,84,27,13,1,1,0.0789473684210526,0.0772160664819945,1,1,1,1,0.315789473684211,0.684210526315789,0.317776840911201
6893,3.63758615972639,4,37,TRUE,4,8.00199653338858,7.93200315236138,8.67830728916613,8.89323635458414,3.25195166217818,0,1.4965430723496,2.33009714694145,5.12514906081341,18,2009,77,28,11,1,1,0.108108108108108,0.0986121256391527,1,1,1,1,0.108108108108108,0.891891891891892,0.283264953337212
6897,2.70805020110221,7,14,TRUE,7,8.31921299791213,8.24100137743433,8.86592013381802,8.83461494629211,5.02158860657842,4.45811886586074,1.07458575690781,1.90677502513592,2.962482471988,20,2006,71,42,2,1,1,0.5,0.5,1,1,1,1,1,0,-0.0385753014219245
6902,3.2188758248682,6,24,TRUE,6,7.47578076355239,7.43232883983741,8.47810328040707,8.53010794518811,2.32777403141918,0,1.71721470178895,2.40401604745729,4.30312128065512,21,2004,66,29,10,2,1,0.208333333333333,0.118055555555556,0.958333333333333,0.920138888888889,1,1,0.333333333333333,0.666666666666667,-0.27005863770457
6934,5.19295685089021,7,179,TRUE,7,9.23803445523076,9.37798897218765,9.26639958984504,9.37798897218765,1.5919732691148,0,2.08064939409121,3.95164446286702,2.87475987590683,43,1982,76,31,18,2,1,0.0782122905027933,0.0662588558409538,0.631284916201117,0.534471458443869,1,1,0.284916201117318,0.715083798882682,0.0629343209563605
6939,4.71849887129509,7,111,TRUE,7,7.58773054394262,7.57842164911293,7.58994964749442,8.16279850286087,1.58872324158383,0,1.87111875798975,2.78021575487147,2.52457416909661,16,1962,95,33,18,1,1,0.0630630630630631,0.0603035467900333,1,1,1,1,0.369369369369369,0.630630630630631,-0.0898076737364148
6944,2.94443897916644,7,18,TRUE,7,6.65554660463159,6.53958491147879,7.87804257141481,6.88697956540302,4.45557174029739,3.20590913385495,1.8526340206844,1.86205556424821,3.34987981895199,11,2006,72,41,3,1,1,0.388888888888889,0.351851851851852,1,1,1,1,1,0,-0.693164511028954
6947,2.30258509299405,7,9,TRUE,7,5.84873568931051,6.30261897574491,6.5350359323308,6.61069604471776,2.95948925284693,2.63905732961526,1.19027537298651,0.781750427107552,0.468301884720348,99999,99999,99999,99999,2,2,1,0.888888888888889,0.802469135802469,0.888888888888889,0.802469135802469,1,1,1,0,0.123357533813988
6968,4.02535169073515,5,55,TRUE,5,6.81879538625692,6.45833828334479,8.003566228595,7.34018683532012,3.84663162176606,0,1.6248626070278,1.78755985734809,4.74179271737792,20,2006,71,51,12,1,1,0.0909090909090909,0.0869421487603306,1,1,1,1,0.363636363636364,0.636363636363636,-0.0869279372569013
6977,3.87120101090789,7,47,TRUE,7,7.2790257173927,6.56667242980324,8.02901011237111,6.75809450442773,4.40762617947422,4.29045944114839,2.28889537898294,4.88300029649635,3.71974875169929,17,1987,79,29,11,1,1,0.148936170212766,0.125396106835672,1,1,1,1,0.638297872340426,0.361702127659574,-0.196554959705163
6987,4.12713438504509,6,61,TRUE,6,9.2594036838514,9.71486619359364,9.64208950713628,10.0056604932707,2.30902405943391,0,1.70378480577002,2.46045922765111,4.4235801981771,38,2007,73,34,11,1,1,0.0983606557377049,0.097016930932545,1,1,1,1,0.114754098360656,0.885245901639344,0.232139182282884
6988,3.95124371858143,5,51,TRUE,5,7.34525374929025,7.51043055637801,8.38088856977467,7.96553515640907,3.18791454467109,0,1.52043467581214,2.16193239110444,4.75877946967346,19,2008,74,30,12,1,1,0.0980392156862745,0.0903498654363706,1,1,1,1,0.254901960784314,0.745098039215686,0.0713615833292407
6992,3.85014760171006,5,46,TRUE,5,8.79538758001913,9.10699707869146,9.38988862003067,9.68144268872461,2.50280988368918,0,1.54900064251181,2.59637770304201,4.80122181482208,5,2008,90,46,10,1,1,0.108695652173913,0.103024574669187,1,1,1,1,0,1,0.147212932362438
6996,2.56494935746154,3,12,TRUE,3,7.87633398202512,7.5792488256646,7.9881495684966,8.48825197785555,4.2474033014341,4.59004366440258,1.82900778798427,2.92809065963774,1.38411935964175,6,2004,66,40,6,1,1,0.25,0.194444444444444,1,1,1,1,1,0,-1.07532471351337
7005,5.62762111369064,7,277,TRUE,7,8.23850267609329,8.00336305862995,8.3480469960024,8.3719361787591,2.74628645650803,2.56494935746154,2.25225852365448,3.17296935504444,3.19166660740601,13,2001,70,33,22,4,1,0.075812274368231,0.0566539378852846,0.487364620938628,0.371841155234657,1,1,0.51985559566787,0.48014440433213,0.0356047657905562
7015,3.68887945411394,4,39,TRUE,4,7.63626161579315,7.45760928971561,8.25167717631648,7.87752990412913,3.99853431442496,0,1.58895839286665,2.79270673347396,5.23052849007716,11,2009,56,27,13,1,1,0.102564102564103,0.0887573964497041,1,1,1,1,0.230769230769231,0.769230769230769,0.58089274299992
7025,4.06044301054642,7,57,TRUE,7,6.96712453405911,7.22052013180138,7.25780772250355,7.4318919168078,1.83401361736488,0,1.33919646110617,2.2344020887988,3.37374343153861,36,2005,77,24,14,1,1,0.12280701754386,0.0963373345644814,1,1,1,1,0.315789473684211,0.684210526315789,-0.179338710123479
7041,3.58351893845611,4,35,TRUE,4,7.11932644696303,7.06492995335414,7.26623171339585,7.12689080889881,2.75801120558192,3.2188758248682,2.27496092051477,2.27469264000218,2.66810965641719,11,2004,76,42,11,1,1,0.114285714285714,0.102040816326531,1,1,1,1,0.571428571428571,0.428571428571429,-0.182743302987987
7043,4.64439089914137,7,103,TRUE,7,7.6917784923701,7.61716943200595,8.21670634977422,8.07533066091605,3.90885216526478,2.56494935746154,2.16387035332874,2.42737268266354,4.41180913197711,52,2003,73,29,24,4,1,0.12621359223301,0.0583466867753794,0.912621359223301,0.835422754265247,1,1,0.504854368932039,0.495145631067961,0.350948853383655
7058,1.6094379124341,4,4,TRUE,4,7.16379621952402,7.18951972044508,7.31246264106345,7.28117418786886,3.33612660709624,3.25735634543627,0.150021284095004,0.185354486217711,0.186752078710602,99999,99999,99999,99999,1,1,1,1,1,1,1,1,1,1,0,-0.040339380925642
7069,4.83628190695148,7,125,TRUE,7,8.34587405669683,8.64751945309181,8.30981856085359,8.69734573092535,2.25406371917128,0,2.19388461477702,3.12052953352979,2.98045163828391,13,1982,80,51,19,2,1,0.072,0.055488,0.984,0.968512,1,1,0.456,0.544,-0.0338865206171064
7072,3.91202300542815,7,49,TRUE,7,7.91071036041852,7.01845551293545,8.22077097027612,7.22183582528845,4.99207872771937,3.93182563272433,2.36601713985273,3.89787933425192,2.69373374348018,16,2005,84,45,8,1,1,0.142857142857143,0.137859225322782,1,1,1,1,0.979591836734694,0.0204081632653061,-0.0860520967829013
7091,2.19722457733622,1,8,FALSE,1,8.55342740309739,8.70115424309722,11.5129254649702,11.5129254649702,11.5129254649702,11.5129254649702,1.88283776157811,2.01825089707803,0,6,2012,57,57,8,1,1,0.125,0.125,1,1,1,1,0,1,NA
7095,4.67282883446191,7,106,TRUE,7,7.47581374060782,6.92179401528446,7.53663299147769,6.92179401528446,2.27400696659052,2.56494935746154,1.82303760735842,2.26213029970571,2.58504646518681,6,1991,71,40,17,1,1,0.0660377358490566,0.0621217515129939,1,1,1,1,0.537735849056604,0.462264150943396,0.160775852518848
7097,5.08140436498446,7,160,TRUE,7,8.7316210445325,8.87956553334956,8.89003499601438,8.9459240924599,2.08753007007349,0,2.21464612226947,4.12643572510069,3.07204281915126,55,2001,72,25,18,3,1,0.0875,0.067890625,0.6625,0.5090625,1,1,0.375,0.625,-0.0129418776682527
7113,2.89037175789616,1,17,FALSE,1,8.02787951487118,8.17168424646167,11.5129254649702,11.5129254649702,11.5129254649702,11.5129254649702,1.8600989543471,1.75845184835037,0,29,2011,69,23,11,2,1,0.117647058823529,0.100346020761246,0.588235294117647,0.515570934256055,1,1,0.117647058823529,0.882352941176471,NA
7138,5.48893772615669,7,241,TRUE,7,8.06692913954375,8.06306291132679,8.33224715868492,8.37668897362283,1.81624574401894,0,1.99461162503568,3.11954183321011,3.03219349189173,114,1991,92,24,19,5,1,0.112033195020747,0.0687832509770837,0.423236514522822,0.322876672233605,1,1,0.298755186721992,0.701244813278008,-0.066279284418274
7140,4.80402104473326,7,121,TRUE,7,8.53535126957267,8.63100747308795,9.05449577053703,9.46738280829585,2.34182237796192,0,2.5385088370425,4.35494098704175,4.19519685012196,31,2004,70,35,13,5,1,0.140495867768595,0.0874940236322656,0.710743801652893,0.541424766067891,1,1,0.140495867768595,0.859504132231405,0.104460856766406
7166,4.31748811353631,7,74,TRUE,7,7.61884839153484,7.44398261474585,8.31661386339432,7.91482918003377,4.15589448630438,3.89182029811063,2.06070914421454,2.32806852911933,4.11818027736958,10,2006,65,58,12,1,1,0.0945945945945946,0.0850986121256392,1,1,1,1,0.540540540540541,0.459459459459459,-0.194404360957487
7175,2.19722457733622,4,8,TRUE,4,7.26588429090194,7.14289017589254,9.31806202659667,8.78864139209965,6.27189373870822,4.584446591031,1.87194700228747,2.03066800856212,3.49662778356087,99999,99999,99999,99999,1,4,1,1,1,0.375,0.28125,1,1,1,0,-0.440704866122005
7190,3.55534806148941,7,34,TRUE,7,7.74524677477543,8.47480423788747,8.63614433569687,9.36873764371256,4.95184881608605,5.19849703126583,2.12057649131861,3.14897816926654,3.69060784335526,17,2005,70,39,9,1,1,0.205882352941176,0.153979238754325,1,1,1,1,0.617647058823529,0.382352941176471,-0.0331625432408981
7194,4.12713438504509,7,61,TRUE,7,6.6837988640759,6.3109722680386,6.80133876060925,6.47651071788649,2.2301870998824,2.56494935746154,2.33973702003237,3.69760455382272,2.37976438310013,26,2000,64,31,10,1,1,0.114754098360656,0.102391830153185,1,1,1,1,0.540983606557377,0.459016393442623,0.0860546316174354
7217,3.73766961828337,5,41,TRUE,5,8.75020347800034,9.03694961659084,9.04967742036359,9.66117392382386,2.52722754109103,0,1.78440473165423,2.65799277994929,4.82458556260336,38,2008,71,23,10,1,1,0.121951219512195,0.101725163593099,1,1,1,1,0,1,0.94067692740505
7222,4.0943445622221,5,59,TRUE,5,9.40721512315053,9.82911308333676,10.022450256079,10.8440825289126,2.73188061880649,0,2.15343623365383,2.83905359378328,4.93987506378768,53,2007,84,27,11,2,1,0.169491525423729,0.104854926745188,0.847457627118644,0.741453605285837,1,1,0.0169491525423729,0.983050847457627,0.0421623761071322
7227,4.52178857704904,7,91,TRUE,7,7.49112839800508,7.04141166379481,8.20402627238558,7.77527584648686,3.88800136402187,2.70805020110221,1.67614294425704,2.07912244259408,4.34514227942961,3,2006,73,73,17,3,1,0.0879120879120879,0.0653302741214829,0.978021978021978,0.956768506219056,1,1,0.494505494505495,0.505494505494505,-0.0315340446921108
7228,3.63758615972639,6,37,TRUE,6,7.66451508103779,6.95272864462487,8.7964458900129,9.71308704875741,6.07821294814648,4.66343909411207,2.13105527900749,4.04774793514663,3.3936885286204,41,2007,76,32,9,1,1,0.162162162162162,0.139517896274653,1,1,1,1,1,0,0.154299395856229
7247,4.86753445045558,7,129,TRUE,7,8.41900620977608,8.45269733603514,8.56105361739384,8.81796866988333,2.68199899356847,2.56494935746154,2.17165559953368,2.93445469562213,3.01437000561892,23,1988,73,28,21,1,1,0.0542635658914729,0.0518598641908539,1,1,1,1,0.527131782945736,0.472868217054264,-0.120122117162293
7253,3.95124371858143,5,51,TRUE,5,7.95062427748457,7.6406903195295,8.80237139003244,7.95478300277739,5.91540405870804,4.7361984483945,2.12294918855899,3.09782072236799,3.61243574116307,19,2008,67,52,10,3,1,0.254901960784314,0.132641291810842,0.843137254901961,0.72318339100346,1,1,1,0,0.300005571560444
7254,5.35658627467201,7,211,TRUE,7,8.37349305370208,8.31468035581089,8.2675613691385,8.21309172208457,2.41199553322756,2.56494935746154,2.12222841281668,3.42864730763637,2.95655135780995,33,1990,90,23,20,2,1,0.0663507109004739,0.0559511241885852,0.611374407582938,0.524808517328901,1,1,0.488151658767773,0.511848341232227,0.0942761297582702
7255,4.93447393313069,7,138,TRUE,7,8.73927139580051,8.49933089555915,8.88274969164951,8.56353485410051,3.19602840381009,2.56494935746154,1.96606113225324,2.28233098727739,3.40482262406326,9,1954,90,27,24,1,1,0.0507246376811594,0.0491493383742911,1,1,1,1,0.543478260869565,0.456521739130435,-0.0195785951179335
7256,4.02535169073515,7,55,TRUE,7,7.43500448813149,7.89817341139271,7.73173221758563,7.96078425602828,2.17529318412951,0,2.01571157905028,3.26696073983134,3.10485971338003,12,2004,72,31,12,1,1,0.127272727272727,0.0955371900826446,1,1,1,1,0.418181818181818,0.581818181818182,-0.0970737777623373
7257,4.30406509320417,7,73,TRUE,7,7.77579643540645,7.74810620807871,7.88362677799893,8.05640140258494,1.59759660114766,0,1.46439685264091,2.28437039018341,2.51444497037507,7,2003,69,38,12,1,1,0.0958904109589041,0.0910114468005254,1,1,1,1,0.328767123287671,0.671232876712329,0.0495736960102912
7267,3.13549421592915,2,22,FALSE,2,6.54721358289172,6.77384037931756,8.3888637407615,8.07586670481684,2.23843902963854,1.28247467873077,2.54970480421699,4.5008748246299,2.54278551981852,54,1959,97,37,16,1,1,0.0909090909090909,0.0702479338842975,1,1,1,1,0.5,0.5,NA
7274,4.80402104473326,7,121,TRUE,7,8.33724691062181,8.49021862715349,8.49878467679948,8.58783803098557,2.95597615937487,2.56494935746154,2.02700789690438,3.19825423158314,3.03100293910711,12,1989,69,35,21,1,1,0.0578512396694215,0.0544361723925961,1,1,1,1,0.578512396694215,0.421487603305785,0.00267477399903992
7305,2.99573227355399,4,19,TRUE,4,5.84851429279141,5.54517744447956,6.10199768797015,6.54678541076052,3.25892319402628,2.77258872223978,1.56453240432403,1.6714595599894,2.31832578291788,99999,99999,99999,99999,7,1,1,0.210526315789474,0.185595567867036,1,1,1,1,0.842105263157895,0.157894736842105,-0.290251468669017
7332,4.9416424226093,7,139,TRUE,7,9.12217556883069,8.94154547524288,9.32081452925374,9.12728479683886,3.61615239177255,3.66356164612965,2.04813724741559,2.38876074063542,3.47016291475155,7,1949,68,60,20,2,1,0.100719424460432,0.0611252005589773,0.863309352517986,0.763987371254076,1,1,0.611510791366906,0.388489208633094,-0.0645528101000741
7355,5.15905529921453,7,173,TRUE,7,8.57915417828458,8.01013047901077,9.0779053992419,9.21476855309426,2.76544184519028,0,2.55522425124922,4.95624046659952,3.64768041483524,32,1998,76,30,22,5,1,0.0867052023121387,0.0539610411306759,0.791907514450867,0.645627986234087,1,1,0.427745664739884,0.572254335260116,-0.173057489603334
7361,3.17805383034795,4,23,TRUE,4,6.44442077798815,6.92559519711047,7.88731305567996,7.0057890192535,3.58853862625421,0,1.28260982626316,0.947033773017344,5.37432328840821,7,2008,69,37,7,1,1,0.173913043478261,0.160680529300567,1,1,1,1,0.0869565217391304,0.91304347826087,0.126598882487848
7374,4.45434729625351,7,85,TRUE,7,7.73932552674489,7.468616005945,8.0114174060185,7.72028421656216,2.44100400685479,0,2.16683991526897,2.8058535504481,2.99735055838807,21,1999,80,40,17,1,1,0.0823529411764706,0.0721107266435986,1,1,1,1,0.458823529411765,0.541176470588235,0.0178588865861283
7385,4.91998092582813,7,136,TRUE,7,8.76832240349443,8.24609621183679,8.83871451495408,8.24609621183679,2.72625107088612,2.56494935746154,1.84303227379318,2.30481973696651,3.08361690506074,20,1986,76,44,19,2,1,0.102941176470588,0.0618512110726644,0.889705882352941,0.803741349480969,1,1,0.536764705882353,0.463235294117647,0.0100522625015353
7388,5.57215403217776,7,262,TRUE,7,8.0141533984025,8.11632612603402,8.23996477213768,8.31277818621958,2.09480929830569,0,2.48154111002447,3.70123059134236,2.86285469809717,37,1997,74,28,23,5,1,0.083969465648855,0.0573684517219276,0.541984732824427,0.399364838878853,1,1,0.435114503816794,0.564885496183206,0.0130040695774603
7391,4.70953020131233,7,110,TRUE,7,8.77831043568821,9.52965123168531,8.88675569529891,9.74778311433837,1.90858302464159,0,2.12743776866126,3.62286680373923,2.92137828803363,33,2000,85,36,17,2,1,0.0818181818181818,0.0652892561983471,0.945454545454545,0.896859504132231,1,1,0.4,0.6,0.11534836455509
7395,3.87120101090789,6,47,TRUE,6,6.89574870402593,6.53813982376767,7.94635439834856,7.76440640375354,5.36308638270495,4.35670882668959,2.71599557562975,4.72107443625933,3.37733793273493,38,2007,73,34,9,1,1,0.127659574468085,0.121774558623812,1,1,1,1,1,0,0.0693753859703569
7396,3.66356164612965,7,38,TRUE,7,7.04490012537914,7.81988703857694,8.54283670054656,9.46888424853079,4.72391508799941,4.92462126884187,2.42891055487379,4.56673991641732,4.39487730373147,23,2005,66,33,11,1,1,0.184210526315789,0.114958448753463,1,1,1,1,0.526315789473684,0.473684210526316,0.199300696712276
7400,3.63758615972639,7,37,TRUE,7,7.32580172203437,8.02486215028641,7.16194651054388,8.02486215028641,0,0,2.26185225995286,2.74113457473735,0,13,2004,68,47,7,1,1,0.162162162162162,0.143900657414171,1,1,1,1,0,1,0.00883241707083622
7406,5.32787616878958,7,205,TRUE,7,8.26037206946594,8.04750951098142,8.43160025677759,8.26318055481445,1.34708139026943,0,1.76834961633022,2.59536541060332,2.81855323215663,28,1999,62,35,15,3,1,0.102439024390244,0.0870196311719215,0.404878048780488,0.341058893515764,1,1,0.24390243902439,0.75609756097561,-0.0339589397703506
7428,4.58496747867057,5,97,TRUE,5,8.7485816330309,8.61376076219128,8.9121626840796,8.88571765171212,1.72215487393088,0,1.77443972754362,3.09714723914513,2.56741039340375,76,2002,74,34,18,2,1,0.0927835051546392,0.0619619513232012,0.731958762886598,0.607609735359762,1,1,0.350515463917526,0.649484536082474,-0.218189117632543
7429,2.484906649788,3,11,TRUE,3,8.26382166496544,9.06049026474919,9.53037947651421,10.9516537317138,7.24805686283242,6.41017488196617,2.62628409046579,3.81818472425611,3.66789885887875,6,2006,67,41,4,1,1,0.272727272727273,0.256198347107438,1,1,1,1,1,0,0.553243342136592
7433,3.17805383034795,7,23,TRUE,7,8.45170776670664,9.0290774546257,8.92645750210166,9.42884437722192,5.64036814640555,4.969813299576,1.96271174688009,3.16939102198794,3.36158973054997,13,2006,72,41,5,1,1,0.304347826086957,0.262759924385633,1,1,1,1,1,0,0.0971934403020547
7442,1.38629436111989,3,3,TRUE,3,5.40736851277609,5.95583736946483,7.82585867329255,6.00881318544259,5.34126165716236,2.56494935746154,0.996206531305291,0.875679101010881,5.35377231518489,8,2006,71,46,1,1,1,1,1,1,1,1,1,1,0,-0.875679101011468
7449,4.72738781871234,7,112,TRUE,7,8.56217500028115,8.20774679185394,8.73203067808187,8.32172727833649,2.91260265908978,0,2.18114360658355,2.58606837373769,3.29885385778748,36,1949,78,37,18,1,1,0.0625,0.0593112244897959,1,1,1,1,0.491071428571429,0.508928571428571,-0.109654857742926
7458,4.29045944114839,5,72,TRUE,5,8.01535302448132,8.34443105593276,8.81147795205736,8.7447902185867,4.35878615578326,3.15677402313855,2.28466894955532,2.80413200295117,4.48074808787251,36,2008,70,26,15,1,1,0.0694444444444444,0.068287037037037,1,1,1,1,0.513888888888889,0.486111111111111,0.100208055339679
7459,2.83321334405622,2,16,FALSE,2,8.23176072375732,8.05756377525145,9.80136330723147,11.5129254649702,6.47602057404575,11.5129254649702,1.19421852708496,1.45036849826641,5.89861902058562,4,2010,62,31,9,1,1,0.125,0.1171875,1,1,1,1,0,1,NA
7460,5.32300997913841,7,204,TRUE,7,8.19140386843589,8.19054403321037,8.49583671383979,8.40334262961029,2.1882823406559,0,1.9700401182889,2.79372563530113,3.14695515993249,65,1995,74,29,18,3,1,0.0833333333333333,0.0686274509803922,0.490196078431373,0.416426374471357,1,1,0.377450980392157,0.622549019607843,-0.122017471006718
7467,5.24702407216049,7,189,TRUE,7,9.00022394353546,8.53444354482276,9.29911468627437,9.21871619661801,2.32330549907499,0,2.42093253615306,4.19383562716138,3.38855872186869,45,1991,84,30,19,3,1,0.100529100529101,0.062960163489264,0.661375661375661,0.505724923714342,1,1,0.365079365079365,0.634920634920635,-0.0135242726736293
7469,1.38629436111989,2,3,FALSE,2,7.51742774338764,7.22693601849329,7.67528364331349,11.5129254649702,7.67528364331349,11.5129254649702,1.39393837794022,1.37104891226409,6.64699061636066,9,2008,65,51,2,1,1,0.666666666666667,0.555555555555556,1,1,1,1,0,1,NA
7479,4.15888308335967,7,63,TRUE,7,6.1936773509398,6.21260609575152,6.42551515906989,6.33327962813969,2.08498739418813,0,1.55549729068727,2.35289291430869,2.59794686158026,5,1965,74,42,10,1,1,0.111111111111111,0.108087679516251,1,1,1,1,0.444444444444444,0.555555555555556,-0.0905988967902705
7483,4.70953020131233,7,110,TRUE,7,8.13798217903724,7.80661685495014,8.36408085382355,7.98831033974313,2.62222397869468,0,1.99455162263725,2.56256326932553,3.18085398347855,7,1954,96,25,19,1,1,0.0636363636363636,0.0595041322314049,1,1,1,1,0.472727272727273,0.527272727272727,-0.0560452909028061
7484,5.04985600724954,7,155,TRUE,7,8.85483418678163,9.4302330449066,8.98612060072705,9.55032785145668,2.62611788755635,0,2.84762025358162,4.99871680418507,3.20465356435079,35,1980,64,31,23,2,1,0.0838709677419355,0.0529864724245577,0.890322580645161,0.804703433922997,1,1,0.483870967741935,0.516129032258065,0.0437972168320797
7487,2.70805020110221,7,14,TRUE,7,7.85801912120806,8.47775319646229,7.5888287926286,8.47775319646229,3.83880749715967,4.18062044482118,1.52211328733938,1.70279318676799,1.46729496084311,99999,99999,99999,99999,3,1,1,0.5,0.438775510204082,1,1,1,1,1,0,-0.231044948104381
7514,5.22035582507832,7,184,TRUE,7,7.71321835231045,7.69014425389589,8.04225130555178,7.94343144753525,2.93801764775376,2.56494935746154,1.90529272516257,2.28735369087047,3.41598568948122,22,2001,72,39,20,3,1,0.0923913043478261,0.0635633270321361,0.625,0.505612003780718,1,1,0.510869565217391,0.489130434782609,-0.0825710078437631
7527,4.9416424226093,7,139,TRUE,7,8.20542669887245,7.87510027667879,8.26397176945898,7.89580837708318,2.37628997341537,2.56494935746154,2.2577346498848,3.7664950237935,2.69359552851021,14,1974,70,31,21,1,1,0.0503597122302158,0.049531597743388,1,1,1,1,0.510791366906475,0.489208633093525,-0.0319599144693128
7529,4.90527477843843,7,134,TRUE,7,8.26588919821016,7.92942862565646,8.76329544049338,9.16163136304872,2.94504138667392,2.56494935746154,2.03470644439185,3.17084461094575,3.67304953867838,20,1988,70,39,22,3,1,0.0895522388059701,0.0550233905101359,0.902985074626866,0.823457340164848,1,1,0.455223880597015,0.544776119402985,-0.0705495982835666
7539,2.99573227355399,6,19,TRUE,6,7.147878872198,7.79556422842064,7.60873827468729,8.29504164789955,4.03936646949873,3.89182029811063,1.46877609794237,2.64672257686235,1.89911191942531,12,2004,76,39,4,1,1,0.315789473684211,0.279778393351801,1,1,1,1,1,0,-0.109071613251064
7541,3.04452243772342,4,20,TRUE,4,7.17535206276536,7.46613024081854,7.12124846144465,7.84989052225466,0.706820755078437,0,1.46543558488735,1.67188151494928,1.72631626441772,8,2002,77,41,8,1,1,0.15,0.135,1,1,1,1,0.2,0.8,-0.737008938706099
7545,4.59511985013459,7,98,TRUE,7,9.217463823502,9.62872367764072,9.32300236579507,9.7427126274286,1.60098081006113,0,1.780166246597,2.63876294466785,2.67052605485162,18,1997,85,28,15,3,1,0.0816326530612245,0.073094543940025,0.938775510204082,0.883381924198251,1,1,0.295918367346939,0.704081632653061,0.0555780254140812
7550,3.29583686600433,5,26,TRUE,5,7.13711462614432,6.16270168589212,8.35621142736299,9.02960611997742,5.70544740899289,4.69820245752449,1.91016556764418,3.45457402987001,3.78934654776814,17,2008,77,25,7,1,1,0.192307692307692,0.174556213017751,1,1,1,1,1,0,0.108782431923546
7560,2.63905732961526,3,13,TRUE,3,5.70247616357531,5.67675380226828,9.61161821009682,11.5129254649702,7.08487720921245,11.5129254649702,2.57504002593213,4.19027572761782,5.82979642433769,14,2007,61,35,8,1,1,0.230769230769231,0.14792899408284,1,1,1,1,0.0769230769230769,0.923076923076923,-0.273290564881815
7573,4.79579054559674,7,120,TRUE,7,7.82566848962827,7.98952429749549,7.95849488075612,8.16533774057817,1.25798728530496,0,1.66928758802527,2.47394299230191,2.1744168467846,20,2000,82,29,15,2,1,0.108333333333333,0.0806944444444445,0.666666666666667,0.555555555555556,1,1,0.283333333333333,0.716666666666667,-0.182281600468684
7589,5.63478960316925,7,279,TRUE,7,7.84183123320149,7.68280497516172,7.892399829881,7.71841879296992,2.50137015560031,0,2.5380217491923,3.54873384473819,3.05419822404181,12,1964,83,48,22,3,1,0.0752688172043011,0.0572063565473208,0.469534050179211,0.361570380647731,1,1,0.483870967741935,0.516129032258065,0.064730556868559
7596,2.07944154167984,1,7,FALSE,1,6.98569023145691,6.70686233660275,11.5129254649702,11.5129254649702,11.5129254649702,11.5129254649702,1.46654278900813,1.83232282256775,0,39,2012,84,26,7,1,1,0.142857142857143,0.142857142857143,1,1,1,1,0,1,NA
7605,3.04452243772342,2,20,FALSE,2,8.58428585742441,8.63483437979338,9.92889044409785,11.04457809749,5.75646273248511,5.75646273248511,1.71349786428766,2.27268155630336,5.90600614811468,1,2011,58,58,10,1,1,0.1,0.1,1,1,1,1,0,1,NA
7606,4.06044301054642,7,57,TRUE,7,7.49734340156419,7.48042830607421,8.08470950969224,7.94325735932145,2.86416437652632,0,1.74564879300649,2.70711829662153,4.07544328756367,14,2005,65,37,10,1,1,0.12280701754386,0.10803324099723,1,1,1,1,0.263157894736842,0.736842105263158,-0.194962911526509
7611,5.27299955856375,7,194,TRUE,7,7.59669888842255,7.10930643844162,7.80052418515488,7.18979393006371,2.81299446634475,2.56494935746154,2.01808366551246,2.32051821847554,3.07178481846252,10,1978,66,36,23,3,1,0.0721649484536082,0.0581889680093527,0.664948453608247,0.551014985652035,1,1,0.530927835051546,0.469072164948454,-0.0584188645503722
7625,1.09861228866811,1,2,FALSE,1,6.84396095041378,6.84396095041378,8.41469998674541,8.41469998674541,5.27372224445265,5.27372224445265,2.66525367999247,1.88461895070508,1.7654625679345,8,1975,79,59,2,1,1,0.5,0.5,1,1,1,1,1,0,NA
7630,3.49650756146648,7,32,TRUE,7,6.98231502082781,7.1693708892817,7.36171089390785,7.63628199379658,3.08846942735112,2.94857693381837,1.49462957129899,2.17928665727683,3.48797842578607,67,1999,71,27,8,2,1,0.21875,0.162109375,0.9375,0.8828125,1,1,0.46875,0.53125,0.014400301914314
7635,4.78749174278205,7,119,TRUE,7,7.80690027079327,7.42018361771407,7.94375676857678,7.46896978828126,2.08701259997138,0,1.81274922114332,2.3309955508501,2.4591883622693,14,1963,76,48,19,1,1,0.0588235294117647,0.0565638019913848,1,1,1,1,0.470588235294118,0.529411764705882,-0.0410027982290182
7639,5.13579843705026,7,169,TRUE,7,8.24861085910248,8.14425819498969,8.44420957560455,8.41232144518006,2.01428804698248,0,2.50355466552549,4.34205135570678,3.02533583270397,57,2003,76,24,20,4,1,0.118343195266272,0.0646686040404748,0.775147928994083,0.626273589860299,1,1,0.36094674556213,0.63905325443787,0.0305532209509623
7648,4.7361984483945,7,113,TRUE,7,7.59008686533093,7.40184157874383,7.90488180485983,7.62985428149185,3.0477678532415,2.56494935746154,2.42198282858984,3.166585255709,3.3692150837822,15,1985,77,40,20,1,1,0.0619469026548673,0.0578745399013235,1,1,1,1,0.584070796460177,0.415929203539823,-0.109465010664364
7651,4.77912349311153,7,118,TRUE,7,8.53970199928931,8.99188083490654,8.73709694625001,9.0599978982536,2.629331636829,2.44140096129319,2.27022967714251,3.13327094475678,3.19287278707676,25,1989,77,28,20,1,1,0.0593220338983051,0.0561620224073542,1,1,1,1,0.508474576271186,0.491525423728814,0.124382703373449
7653,2.70805020110221,7,14,TRUE,7,8.60734701182413,10.6101745932572,8.51440945486567,11.4899828767244,4.95086692000161,6.38354800689401,3.39224631806377,6.61913161757375,3.00762837903167,11,2003,74,46,3,1,1,0.5,0.438775510204082,1,1,1,1,1,0,0.132234649421728
7655,4.59511985013459,7,98,TRUE,7,7.37889097230401,6.84982656544156,7.55905689604483,6.90994223447703,2.90783102560395,3.17718502039868,2.36886196342268,2.059814805684,3.05907204896345,10,1982,80,56,16,1,1,0.0714285714285714,0.0689296126613911,1,1,1,1,0.571428571428571,0.428571428571429,-0.044889995823335
7670,4.89034912822175,7,132,TRUE,7,8.345119677403,8.37224622528265,8.54607297965225,8.47472289238971,3.1276710508523,2.56494935746154,2.01110933309036,1.78865809479986,3.32993923529018,10,1972,67,38,23,1,1,0.053030303030303,0.0501606978879706,1,1,1,1,0.553030303030303,0.446969696969697,0.0154063148511121
7673,4.62497281328427,7,101,TRUE,7,8.3176588542819,8.54049166191027,8.88009122158238,8.88975073643696,3.70567964082678,2.63905732961526,2.11164173569603,2.94767232192059,4.10375366889781,36,2005,73,32,17,1,1,0.0693069306930693,0.0653857464954416,1,1,1,1,0.485148514851485,0.514851485148515,-0.0932283133282015
7675,4.84418708645859,7,126,TRUE,7,8.84376990508493,8.89836329910268,8.92300815804845,8.91433350433162,3.01616147511914,2.99573227355399,2.1717322018337,3.14760790081009,3.2215755907991,4,1982,63,61,19,2,1,0.111111111111111,0.0603426555807508,0.944444444444444,0.895061728395062,1,1,0.555555555555556,0.444444444444444,0.0275287304056815
7682,3.95124371858143,4,51,TRUE,4,7.17939043606427,7.01352870937894,8.48957483332059,7.22492090812614,4.55719778609199,2.30258509299405,1.84950806043961,1.86798518212214,5.08917931259021,39,2009,85,29,16,1,1,0.0784313725490196,0.0703575547866205,1,1,1,1,0.352941176470588,0.647058823529412,0.0440580809776826
7683,4.49980967033027,6,89,TRUE,6,7.53780638579036,7.97246601597457,8.69388518254844,8.59932602095476,3.76011586494389,0,1.73396445380437,2.243081389675,4.8234548565869,6,2007,70,55,13,3,1,0.112359550561798,0.0902663805075117,0.651685393258427,0.50814291124858,1,1,0.314606741573034,0.685393258426966,-0.130311096231605
7685,4.64439089914137,7,103,TRUE,7,7.54578949108774,7.90396563403217,7.54722329600473,7.91208252887592,1.53645388729752,0,1.6536279817075,2.93932942449,2.04691750347137,9,1988,81,50,16,1,1,0.0679611650485437,0.0651333773211424,1,1,1,1,0.398058252427184,0.601941747572815,0.00517835166281329
7693,4.60517018598809,7,99,TRUE,7,8.47635340088976,8.39573716859352,8.56914497392131,8.64491775700697,1.8736094522565,0,1.80134986143988,3.02840830457458,2.7797621265272,9,1998,90,43,15,1,1,0.0707070707070707,0.0700948882767064,1,1,1,1,0.363636363636364,0.636363636363636,-0.0561587733980207
7705,3.97029191355212,6,52,TRUE,6,7.00544811313761,7.71908205888178,7.33875934239756,7.7624579849257,1.27149251069567,0,2.05873276771616,3.3678952630749,2.56682238767585,18,2003,77,51,12,1,1,0.115384615384615,0.0887573964497042,1,1,1,1,0.288461538461538,0.711538461538462,0.389376459656508
7712,4.63472898822964,5,102,TRUE,5,7.0220951107615,6.93438346213235,8.10638985620229,7.68447421622039,3.92357769605646,2.24990483516513,1.7156966092031,2.7137900602565,4.72785254798354,19,2008,67,52,19,3,1,0.127450980392157,0.0722798923490965,0.735294117647059,0.58958093041138,1,1,0.441176470588235,0.558823529411765,0.174031367560098
7716,4.62497281328427,7,101,TRUE,7,7.75794352289163,7.64445033546957,8.12158443452609,7.84737183615979,2.7680792037338,2.89037175789616,2.11024017146623,2.67192303465529,3.05574384542944,20,1969,76,27,17,1,1,0.0693069306930693,0.0653857464954416,1,1,1,1,0.514851485148515,0.485148514851485,-0.252322043831831
7734,5.08759633523238,7,161,TRUE,7,8.77934853534661,8.76188216420372,9.11092735176839,8.95415696658377,3.38460557002112,2.99573227355399,1.95290513256201,3.01361645990194,3.82039977290902,69,1981,75,26,23,2,1,0.062111801242236,0.0513483276108175,0.838509316770186,0.729177115080437,1,1,0.496894409937888,0.503105590062112,-0.000918397401691934
7736,3.55534806148941,5,34,TRUE,5,6.55178499469672,7.15778194466442,8.58091036831581,8.30204217490861,4.40200091307685,0,1.83044049392307,2.70711818955359,5.67898325457273,21,2008,75,42,7,3,1,0.205882352941176,0.160899653979239,0.794117647058823,0.662629757785467,1,1,0,1,0.0648242101292814
7738,4.74493212836325,7,114,TRUE,7,8.44978442176255,8.32404211344187,8.54974744796047,8.64357879434873,2.00309862893427,0,2.06446071162607,3.36712469675593,2.60308824871234,43,1976,82,30,19,1,1,0.0614035087719298,0.0575561711295783,1,1,1,1,0.429824561403509,0.570175438596491,0.013432884593262
7748,1.6094379124341,1,4,FALSE,1,5.42732945842338,5.61107653118163,7.99749341665713,7.57127167608372,2.83107602650694,2.91152294774151,2.04558487967018,2.85177238662873,2.2655414573597,55,1992,83,45,3,3,1,0.5,0.375,0.5,0.375,1,1,0.75,0.25,NA
7756,4.65396035015752,7,104,TRUE,7,8.40295760079248,8.33542799696838,8.59571598966184,8.43048071902583,2.28740430922484,0,1.96578315403859,2.60351824106065,2.67039855821058,33,1981,77,44,17,1,1,0.0673076923076923,0.0636094674556213,1,1,1,1,0.471153846153846,0.528846153846154,-0.039115050154203
7760,4.54329478227,7,93,TRUE,7,8.1996894907404,8.25270667656764,8.15330643491909,8.62356379676167,1.38958324459283,0,2.14798577866255,3.32415542034663,2.10754045603572,17,1982,86,37,12,2,1,0.129032258064516,0.090761937796277,0.849462365591398,0.744247889929472,1,1,0.354838709677419,0.645161290322581,-0.033973029333336
7761,3.8286413964891,5,45,TRUE,5,8.53054392429949,8.49344748037306,8.95360465175115,8.69513014989237,2.5584278811045,0,1.20827075672308,1.42637486035861,4.8404653997529,9,2008,69,46,10,1,1,0.111111111111111,0.10320987654321,1,1,1,1,0,1,0.532992128356478
7793,3.8286413964891,5,45,TRUE,5,9.06052927974764,9.25130763594432,9.75055583471178,9.86052785809599,3.07011345732539,0,1.69139741792162,2.52594879298442,5.14873679191236,27,2008,67,27,10,3,1,0.177777777777778,0.116049382716049,0.844444444444444,0.731358024691358,1,1,0,1,0.469917276521947
7797,4.35670882668959,7,77,TRUE,7,8.28363212944026,8.4213032435789,8.3256170403534,8.51719319141624,1.15704579672427,0,1.58988763982237,1.8113097448157,2.50245702199911,21,2002,72,35,12,2,1,0.103896103896104,0.0871985157699443,0.987012987012987,0.974363299038624,1,1,0.181818181818182,0.818181818181818,0.029094765034047
7831,3.91202300542815,7,49,TRUE,7,7.40755761970736,7.70353124742679,7.78613616440362,7.83535779075461,1.36467170019734,0,1.30855980832894,1.08747783796241,3.51725015757502,28,1991,67,46,9,1,1,0.142857142857143,0.126197417742607,1,1,1,1,0.122448979591837,0.877551020408163,0.140994348910974
7833,3.43398720448515,4,30,TRUE,4,8.87243904295439,9.36288485517327,10.0083987308426,10.5879698402767,3.45387763949107,0,2.73807159466779,2.81342778440172,5.36607784718792,12,2009,63,47,7,2,1,0.166666666666667,0.144444444444444,0.933333333333333,0.875555555555556,1,1,0,1,-0.365458655457586
7841,4.72738781871234,7,112,TRUE,7,8.02559946606329,8.27993204629902,8.20234491448333,8.66901661371335,1.83498899696853,0,1.91184179079685,3.12329267710044,2.67135304292903,36,2000,70,33,19,1,1,0.0625,0.0591517857142857,1,1,1,1,0.410714285714286,0.589285714285714,-0.0485244561220353
7842,1.09861228866811,1,2,FALSE,1,5.87731192289841,5.87731192289841,0,0,1.58902691517397,1.58902691517397,2.509760343245,1.77466855786162,0.693551015990727,16,2005,72,51,2,1,1,0.5,0.5,1,1,1,1,1,0,NA
7845,4.68213122712422,7,107,TRUE,7,7.97647024026118,8.55889735670941,8.10361580434359,8.68919501580334,1.73534387944319,0,1.73763105887735,3.39756402831471,2.21150350405555,15,1982,90,39,17,1,1,0.0654205607476635,0.0610533671062975,1,1,1,1,0.411214953271028,0.588785046728972,-0.184956352929044
7856,4.29045944114839,6,72,TRUE,6,8.57003908076373,8.63200567416441,9.12616269005029,9.08492598457564,1.84556395343363,0,1.95315355575205,3.01229741697129,3.83629423379954,28,2001,86,35,12,2,1,0.111111111111111,0.0922067901234568,0.763888888888889,0.639274691358025,1,1,0.125,0.875,-0.524021105058397
7867,4.71849887129509,7,111,TRUE,7,7.94193272439287,7.59625166132666,8.08592388183712,8.04782935745784,2.44511759660322,1.79175946922805,2.11265550540738,2.57697207956148,2.88344972561868,8,1971,70,59,19,1,1,0.0630630630630631,0.0580310039769499,1,1,1,1,0.522522522522523,0.477477477477477,-0.045640667253582
7873,4.63472898822964,7,102,TRUE,7,8.86545661400428,8.46395433366962,9.02625167188462,9.06746343599597,0.451487273136087,0,2.72942230497527,4.40333175442353,2.24578384682318,48,2003,82,35,9,3,1,0.176470588235294,0.12879661668589,0.598039215686274,0.439638600538255,1,1,0,1,-0.0822364135060829
7876,3.80666248977032,5,44,TRUE,5,6.28631981308766,6.43387878208404,7.73560779801443,7.0023855752667,2.99870421553578,0,1.49349756097389,1.68717647880678,4.7454645833007,10,2006,62,53,10,1,1,0.113636363636364,0.105371900826446,1,1,1,1,0.25,0.75,-0.402725538088481
7880,4.60517018598809,7,99,TRUE,7,8.11497063653034,8.17159948034546,8.15565534497525,8.19683364538561,2.96753383267386,3.2188758248682,1.8736134493826,2.25556742450166,2.91754523349531,2,1956,67,65,15,1,1,0.0707070707070707,0.0700948882767064,1,1,1,1,0.575757575757576,0.424242424242424,-0.0104301677074962
7884,4.65396035015752,7,104,TRUE,7,8.20177940714694,8.0868848788797,8.35721321365236,8.40348377971124,2.10490221643812,0,1.98399877710593,2.83793951690349,3.13987685283439,24,2003,69,29,17,1,1,0.0673076923076923,0.0625,1,1,1,1,0.432692307692308,0.567307692307692,0.0620436669984807
7887,3.25809653802148,7,25,TRUE,7,8.34237191338514,9.71037963151047,8.32683717015829,9.71037963151047,4.67195323446926,5.66642668811243,2.14414859920451,3.72784968867288,2.28751301986141,2,2005,52,52,5,1,1,0.28,0.248,1,1,1,1,1,0,0.216409243477078
7915,4.7361984483945,7,113,TRUE,7,9.32335911137486,9.99750143796838,9.45035589611055,10.2590899214719,1.69684495175451,0,2.46994078249797,3.29288886813061,2.68569643476195,23,1997,84,37,18,3,1,0.079646017699115,0.0597540919414206,0.973451327433628,0.94799906022398,1,1,0.353982300884956,0.646017699115044,0.101594020200585
7933,4.80402104473326,7,121,TRUE,7,7.72341614562963,7.62217459481762,7.64361008651346,7.69302574841789,0.589093865854176,0,2.07123254952963,3.18465657961307,2.0588287264904,15,2000,72,42,13,3,1,0.115702479338843,0.0988320469913257,0.619834710743802,0.511098968649682,1,1,0.0909090909090909,0.909090909090909,0.0160099611335538
7944,0.693147180559945,1,1,FALSE,1,8.44677072711969,8.44677072711969,11.5129254649702,11.5129254649702,11.5129254649702,11.5129254649702,NA,0,NA,99999,99999,99999,99999,1,1,1,1,1,1,1,1,1,0,1,NA
7949,3.71357206670431,5,40,TRUE,5,6.42881748265307,6.68754089648351,7.95478165951673,7.05749049691213,4.31690615988353,2.48142231512995,1.0592845509039,1.26019569161365,4.93878721274848,72,2006,74,34,10,2,1,0.175,0.115,0.9,0.82,1,1,0.425,0.575,-0.0118804961651316
7958,4.62497281328427,7,101,TRUE,7,8.2078041576681,8.58098268210053,8.34366846274845,8.68906871118168,1.64087328737357,0,2.09070734353826,2.99708945379802,2.2010690056811,41,2000,74,33,16,1,1,0.0693069306930693,0.0644054504460347,1,1,1,1,0.405940594059406,0.594059405940594,0.0176565140138649
7976,1.09861228866811,2,2,FALSE,2,7.44984952094938,7.44984952094938,7.96689208811515,7.96689208811515,3.35769169316734,3.35769169316734,0.494606838426924,0.349739849472918,0.196315283621241,6,2001,76,57,1,1,1,1,1,1,1,1,1,1,0,NA
7984,3.91202300542815,7,49,TRUE,7,7.00593668876913,7.23825974382356,7.41039053438208,8.32255448907164,4.81976341298228,3.3322045101752,2.02977671369172,2.60555968294331,5.01029235884307,99999,99999,99999,99999,17,1,1,0.142857142857143,0.0770512286547272,1,1,1,1,0.408163265306122,0.591836734693878,-0.0886067235285911
7985,4.97673374242057,7,144,TRUE,7,8.34241950659793,7.86280455041177,8.26852759576505,7.89891087734689,2.41812228163878,2.17190271092684,1.98939831338581,3.27155606723531,2.89508003951461,19,2002,61,40,20,2,1,0.0972222222222222,0.0588348765432099,0.847222222222222,0.741126543209877,1,1,0.548611111111111,0.451388888888889,0.102050974540944
7993,3.49650756146648,7,32,TRUE,7,7.46618269460809,6.72938194858412,6.91799853392248,6.57373419637494,3.37377692625663,3.2188758248682,1.67850858195134,2.91471776284905,1.64936525400622,9,1986,82,75,8,2,1,0.375,0.244140625,0.8125,0.6953125,1,1,0.875,0.125,-0.00525079529834238
7996,5.12989871492307,7,168,TRUE,7,7.97400716311233,7.63997826602082,8.09123907206253,7.71706732398732,1.93025787999155,0,1.84311172187607,2.51101339290002,2.66753859328273,8,1980,75,67,19,2,1,0.0833333333333333,0.0690901360544218,0.654761904761905,0.547902494331066,1,1,0.398809523809524,0.601190476190476,-0.044785072201229
8001,3.55534806148941,6,34,TRUE,6,6.38324647591084,6.04598703196453,7.87943997564068,7.09489796207552,4.13210961860957,2.56494935746154,1.45065484094923,2.22607613839943,4.96720974311207,7,2007,60,35,10,1,1,0.176470588235294,0.117647058823529,1,1,1,1,0.382352941176471,0.617647058823529,0.323354220322976
8003,4.92725368515721,7,137,TRUE,7,8.68999355143079,8.57376254290413,8.83775624399737,8.69868106746161,1.44566379851861,0,1.97293970492543,3.23164258321383,2.80603402885109,35,1989,84,33,16,3,1,0.102189781021898,0.0752837125046619,0.722627737226277,0.595183547338697,1,1,0.255474452554745,0.744525547445255,-0.0181037915546715
8005,3.46573590279973,4,31,TRUE,4,7.48500142115319,7.59378217034067,8.81983928465802,10.1680616811465,4.82800100143913,0,2.22325930676568,3.39953321246415,5.77500211295392,72,2006,74,34,10,3,1,0.161290322580645,0.115504682622268,0.774193548387097,0.637877211238293,1,1,0,1,0.173722097580319
8008,4.59511985013459,7,98,TRUE,7,10.0750442926545,10.6326104293932,10.2124318547018,10.7580881367506,2.01256462334208,0,1.85634476695065,2.59166506384869,2.98129421807529,107,2002,72,35,16,1,1,0.0714285714285714,0.0685131195335277,1,1,1,1,0.357142857142857,0.642857142857143,-0.0332726520873354
8009,2.07944154167984,3,7,TRUE,3,8.52027552384602,8.5691060938071,9.74218113467498,8.97921253088287,7.10650983650084,4.60517018598809,0.508545605682545,0.843243374104427,4.15277425507901,12,2010,59,33,3,1,1,0.428571428571429,0.387755102040816,1,1,1,1,1,0,0.303862955737037
8017,3.87120101090789,6,47,TRUE,6,7.11152073823439,7.21081845347222,7.59600235218766,7.88269220628903,0.824805658668707,0,1.73745269845387,2.60752786774686,1.65406254622431,26,1991,82,51,14,1,1,0.106382978723404,0.0765052059755545,1,1,1,1,0.212765957446809,0.787234042553192,-0.429304129144915
8032,4.44265125649032,5,84,TRUE,5,8.02384678339598,7.46146076224436,8.79666687325225,8.82920479951373,4.22999562508249,2.80473589759248,1.90130482810054,2.82958239910012,4.40412787799989,16,2008,69,43,18,1,1,0.0595238095238095,0.0578231292517007,1,1,1,1,0.535714285714286,0.464285714285714,0.034237632563686
8039,2.19722457733622,7,8,TRUE,7,10.28743798248,10.7322157225449,10.8967591115186,10.8225108097888,7.04354419222148,6.429542547675,1.22856766625314,0.326155962152674,1.81308831869264,2,1981,68,61,2,1,1,0.875,0.78125,1,1,1,1,1,0,-0.254039659681274
8041,1.79175946922805,4,5,TRUE,4,6.78177256469885,6.45519856334012,8.4534845035878,6.45519856334012,6.04703823730867,2.56494935746154,0.769810675339428,0.0901230618382103,4.99358478060858,5,2004,69,38,2,1,1,0.8,0.68,1,1,1,1,1,0,-0.221163270958649
8043,2.19722457733622,4,8,TRUE,4,6.34727677691725,6.31827379210123,7.61264464111641,6.49724377522388,4.55796277376682,2.56494935746154,0.264457905650039,0.417783730836048,4.31513587311616,7,2007,71,32,2,1,1,0.5,0.5,1,1,1,1,1,0,0.0601047123640615
8047,3.46573590279973,2,31,FALSE,2,8.43775885532189,8.33254893925264,10.1198739727245,11.5129254649702,6.939843413117,11.5129254649702,1.7898450103226,2.86249238113539,5.51496856590073,22,2011,68,28,18,1,1,0.0645161290322581,0.0593132154006243,1,1,1,1,0.387096774193548,0.612903225806452,NA
8050,5.03043792139244,7,152,TRUE,7,8.38438524916099,8.23897126060785,8.53587634306195,8.39941416130131,3.7435525493211,4.20290730171642,2.17407679360225,1.98577901811637,3.24140913255906,8,1967,79,43,21,2,1,0.0921052631578947,0.061547783933518,0.802631578947368,0.683171745152355,1,1,0.671052631578947,0.328947368421053,-0.0190000051602091
8079,4.70048036579242,7,109,TRUE,7,7.76245648104161,7.24286945099378,7.96421168359776,7.39498468889294,2.57408605872303,2.56494935746154,1.79715886613075,2.66292050192441,2.95331839694919,7,1978,94,62,18,1,1,0.0642201834862385,0.0603484555172124,1,1,1,1,0.522935779816514,0.477064220183486,-0.113239383639027
8088,4.58496747867057,7,97,TRUE,7,7.86693325214296,7.68378574433828,8.32623659436218,7.9079753097858,3.23908089275548,3.63758615972639,2.16007533351478,2.35893936850813,3.28486581257848,16,1972,71,33,20,1,1,0.0721649484536082,0.0662132001275375,1,1,1,1,0.56701030927835,0.43298969072165,0.00237190283920269
8089,3.78418963391826,7,43,TRUE,7,6.8653571937796,6.59578051396131,7.3189939971246,7.91862865334224,3.39932472616087,4.57471097850338,2.52774794052446,4.56691672519764,3.44789991098146,13,2004,76,33,7,1,1,0.162790697674419,0.159545700378583,1,1,1,1,0.511627906976744,0.488372093023256,-0.00107367585507365
8091,2.77258872223978,2,15,FALSE,2,6.91259175888137,6.83654924597322,7.7997654837785,7.68517926767075,4.10640887881616,3.89182029811063,2.07847846560635,2.48156973553768,1.1241331581337,11,2004,59,36,6,2,1,0.266666666666667,0.182222222222222,0.8,0.68,1,1,1,0,NA
8092,3.46573590279973,5,31,TRUE,5,8.20082383496075,7.51635168913918,9.01655355980726,9.38216536542583,5.98235380802605,5.02388052084628,2.10633011081032,3.74439603557774,3.4204490402729,15,2006,70,33,7,1,1,0.161290322580645,0.144640998959417,1,1,1,1,1,0,0.0317721716870251
8102,4.85981240436167,7,128,TRUE,7,8.52725535260319,8.58355391882645,8.59785424840644,8.63651587464559,2.93884460899535,3.2188758248682,2.06869703287179,2.66900857774318,3.04357420207499,6,1961,79,50,20,1,1,0.0546875,0.053955078125,1,1,1,1,0.5625,0.4375,-0.0213280378929176
8104,4.70953020131233,7,110,TRUE,7,8.71367938750652,8.58053227958063,9.04538115733536,9.29822958468701,1.77927029913176,0,2.7521820743084,4.28534519124911,4.18063292390342,19,2005,69,36,11,2,1,0.127272727272727,0.111074380165289,0.6,0.52,1,1,0.00909090909090909,0.990909090909091,0.0814162441538584
8125,4.63472898822964,7,102,TRUE,7,9.0493613210872,9.93738189381503,9.1884351844933,10.1569649797365,1.50792518450016,0,2.0786733123153,2.43331356084867,2.32561547834079,34,1982,70,29,16,2,1,0.0784313725490196,0.0651672433679354,0.980392156862745,0.961553248750481,1,1,0.333333333333333,0.666666666666667,-0.153484286607094
8127,4.90527477843843,7,134,TRUE,7,8.78586646391679,8.40572257605004,8.92154879567004,8.66532486432763,2.8393058042495,2.56494935746154,2.053586061135,2.56655239808483,3.0634873956395,42,1992,85,32,21,1,1,0.0522388059701493,0.0512363555357541,1,1,1,1,0.537313432835821,0.462686567164179,-0.0776318242295338
8133,2.07944154167984,1,7,FALSE,1,6.73840450754033,6.39859493453521,11.5129254649702,11.5129254649702,11.5129254649702,11.5129254649702,1.48900659424279,2.51406619015213,0,29,2012,75,25,7,1,1,0.142857142857143,0.142857142857143,1,1,1,1,0,1,NA
8136,3.55534806148941,7,34,TRUE,7,6.10072298866735,5.43628535726606,7.29096178843798,6.67174201802506,4.41690459618567,3.45337738932428,1.88354826773625,3.60367972412867,3.31204842090056,99999,99999,99999,99999,10,1,1,0.205882352941176,0.145328719723183,1,1,1,1,0.764705882352941,0.235294117647059,-0.286666003236592
8145,0.693147180559945,1,1,FALSE,1,6.93537044601511,6.93537044601511,11.5129254649702,11.5129254649702,11.5129254649702,11.5129254649702,NA,0,NA,17,2012,66,24,1,1,1,1,1,1,1,1,1,1,0,NA
8149,4.79579054559674,7,120,TRUE,7,7.77657463213243,7.75731103506312,8.05492606225906,8.07147378591703,3.13991516698418,3.2188758248682,1.73039268398951,2.2465860346682,3.15569587442772,6,2001,48,48,16,3,1,0.175,0.0940277777777778,0.7,0.535,1,1,0.583333333333333,0.416666666666667,0.00997986081248243
8150,4.70048036579242,7,109,TRUE,7,8.91722861980514,9.43738271312238,9.18880001992602,9.67464780867704,2.54365964132754,0,2.23735286283185,3.71421604751983,3.3072010793498,24,1983,81,31,21,1,1,0.0642201834862385,0.0584967595320259,1,1,1,1,0.477064220183486,0.522935779816514,-0.0952832083903843
8153,5.03043792139244,7,152,TRUE,7,8.17606812351518,7.63496864395244,8.28618165458735,7.83814291759034,2.22271840628183,0,2.47649089891907,3.7115668192703,3.16230656746794,12,1974,86,32,18,2,1,0.0921052631578947,0.0708968144044321,0.677631578947368,0.56310595567867,1,1,0.414473684210526,0.585526315789474,0.111258126787976
8157,5.26785815906333,7,193,TRUE,7,8.46985576171296,8.29854452296329,8.40598008556083,8.46749441458331,1.90591135169196,0,2.41260296296657,3.62872146473302,3.28229366354704,23,2002,77,26,18,4,1,0.0984455958549223,0.0728341700448334,0.528497409326425,0.3959569384413,1,1,0.316062176165803,0.683937823834197,0.101692976266855
8165,4.35670882668959,7,77,TRUE,7,6.80284388540474,6.96602418710611,7.01675529275076,6.98702845987664,2.46998800440647,2.56494935746154,2.023380814879,2.77622157122814,2.57599184925021,9,1981,71,37,12,1,1,0.0909090909090909,0.0888851408331928,1,1,1,1,0.532467532467532,0.467532467532468,-0.0714681126371272
8193,4.39444915467244,7,80,TRUE,7,7.42615185222136,7.01236723958482,7.50832434905423,7.04533629033081,1.94576675685735,0,2.1662086021291,1.98257514316286,2.86189430431898,11,1987,88,39,15,1,1,0.0875,0.0790625,1,1,1,1,0.3875,0.6125,-0.0521446159470586
8201,1.6094379124341,2,4,FALSE,2,5.90111740848877,6.28939597381219,6.11398858619648,6.19061345594278,2.42871654839841,2.56494935746154,0.843756558922086,0.510817394685138,0.323761239197458,2,2004,73,73,3,1,1,0.5,0.375,1,1,1,1,1,0,NA
8207,5.4971682252932,7,243,TRUE,7,8.11139222628067,8.27180403115471,8.29025474092808,8.43765419019464,1.48263066124323,0,2.46762441841233,3.93172690611069,2.71521034566184,65,1993,86,31,18,5,1,0.11522633744856,0.0727700723128249,0.465020576131687,0.341258954427679,1,1,0.283950617283951,0.716049382716049,-0.0201661848057899
8208,4.65396035015752,7,104,TRUE,7,8.54666555773055,8.96183095016229,8.68234084446206,9.08667705695893,1.48955461484534,0,2.11397012438766,2.89209389490003,2.21264647385398,193,1989,88,27,16,1,1,0.0673076923076923,0.0658284023668639,1,1,1,1,0.413461538461538,0.586538461538462,-0.0774771829471387
8221,2.30258509299405,3,9,TRUE,3,6.8346200728736,8.01537686180783,9.49067892784822,8.7869561716055,6.79712051704077,5.09375020080676,2.21298288256452,2.90347619455758,3.57990686417027,7,2004,69,46,5,1,1,0.333333333333333,0.259259259259259,1,1,1,1,0.666666666666667,0.333333333333333,-1.42605006529465
8222,3.3322045101752,7,27,TRUE,7,7.65694254562854,7.39878627541995,7.88049095046957,7.85107734990732,3.41931064737701,3.89182029811063,1.55309062730823,1.71900565529544,2.08949351854932,3,1999,58,50,5,1,1,0.259259259259259,0.226337448559671,1,1,1,1,0.777777777777778,0.222222222222222,-0.116006974823661
8233,4.31748811353631,7,74,TRUE,7,6.81922628359816,6.63825700021579,7.24223842842053,6.9688600466553,2.13669525959525,0,1.57141711868825,2.65321869922264,3.16779261272629,32,2003,73,36,14,1,1,0.0945945945945946,0.0836376917457999,1,1,1,1,0.364864864864865,0.635135135135135,0.0442358376556774
8235,4.86753445045558,7,129,TRUE,7,7.74103565282734,7.3178761986265,7.90907216166609,7.50327860525598,2.75357671897681,2.56494935746154,2.06357484702974,2.90733314695924,2.77409647264931,9,1968,78,46,19,3,1,0.108527131782946,0.0612343008232678,0.906976744186046,0.827053662640466,1,1,0.612403100775194,0.387596899224806,-0.0969724802087248
8242,4.79579054559674,7,120,TRUE,7,8.64025774953727,9.02988516322997,8.73923478136425,9.11381060607977,1.67781925889392,0,2.02057383061692,3.14787692635235,2.21169989859258,22,1989,80,22,18,1,1,0.0583333333333333,0.0579166666666667,1,1,1,1,0.416666666666667,0.583333333333333,-0.0356786412872022
8244,4.87519732320115,7,130,TRUE,7,8.45934436429707,8.26588829161597,8.60643036396299,8.45361527417581,3.15498528260249,3.35404204192653,2.00099071809746,1.91879841967964,3.41995910420173,7,1967,74,49,22,1,1,0.0538461538461538,0.0524260355029586,1,1,1,1,0.515384615384615,0.484615384615385,-0.0401781894832151
8246,4.60517018598809,7,99,TRUE,7,7.93576258612786,7.84854348245668,8.18812217448368,8.39231000926955,1.51575520370142,0,1.80213056872011,2.74031352668333,2.4690494074411,14,1983,74,27,17,1,1,0.0707070707070707,0.0666258545046424,1,1,1,1,0.323232323232323,0.676767676767677,-0.141945295739868
8260,4.62497281328427,7,101,TRUE,7,7.15384867525482,6.73995182270109,7.4340736667478,6.99418982296893,2.75610558868356,2.56494935746154,2.16113915689947,1.9037120790732,2.9650127932603,23,1997,72,40,17,1,1,0.0693069306930693,0.0649936280756789,1,1,1,1,0.574257425742574,0.425742574257426,-0.0376226417535777
8269,0.693147180559945,1,1,FALSE,1,7.0057890192535,7.0057890192535,11.5129254649702,11.5129254649702,11.5129254649702,11.5129254649702,NA,0,NA,99999,99999,99999,99999,1,1,1,1,1,1,1,1,1,0,1,NA
8277,5.26785815906333,7,193,TRUE,7,7.89140969253314,7.81359155295243,8.11001894440593,7.88909190325929,3.00707720416545,2.56494935746154,2.25345785760233,3.24795020621939,3.30870816383671,14,1972,81,30,22,2,1,0.0725388601036269,0.054041719240785,0.72020725388601,0.596982469328036,1,1,0.559585492227979,0.440414507772021,0.118580615615079
8288,4.26267987704132,7,70,TRUE,7,7.02720718710466,6.52649485957079,7.10443187129965,6.52208306624153,2.64658691642777,2.56494935746154,1.89311846238071,2.69192038703283,2.11570341876634,7,1973,81,59,11,1,1,0.1,0.0975510204081633,1,1,1,1,0.7,0.3,-0.0253905188387075
8303,3.63758615972639,7,37,TRUE,7,7.89312838514974,8.30207733178926,5.74798492103725,6.71417052990947,1.60755593401061,0,2.07248493378897,3.10520501901313,2.52072079980071,21,2002,80,36,12,1,1,0.189189189189189,0.10445580715851,1,1,1,1,0.378378378378378,0.621621621621622,-0.127657337366383
8308,2.39789527279837,2,10,FALSE,2,5.50251095935761,5.38095253699382,6.43259023690011,6.5289401606976,1.86081398310085,0,2.47421778671532,2.7996542997498,2.51766445104346,24,2003,75,30,6,1,1,0.2,0.18,1,1,1,1,0.4,0.6,NA
8311,4.72738781871234,7,112,TRUE,7,7.8365115559058,7.37088135486951,8.02449616779628,7.61833196398943,2.01398815851367,0,1.80777976181157,3.0451688665095,2.53469947710134,12,1981,95,30,18,1,1,0.0625,0.0578762755102041,1,1,1,1,0.455357142857143,0.544642857142857,-0.0983905465338955
8317,4.72738781871234,7,112,TRUE,7,8.82092260820388,9.79055121351234,8.85275809642513,9.9869104961022,1.78660487111042,0,2.34962433591183,3.75365520332921,2.39110732908389,11,1988,67,48,19,1,1,0.0625,0.0583545918367347,1,1,1,1,0.428571428571429,0.571428571428571,0.098408519782882
8336,0.693147180559945,1,1,FALSE,1,5.08759633523238,5.08759633523238,11.5129254649702,11.5129254649702,11.5129254649702,11.5129254649702,NA,0,NA,6,1983,78,55,1,1,1,1,1,1,1,1,1,0,1,NA
8345,4.12713438504509,5,61,TRUE,5,7.4582758175427,7.12125245324454,7.63478237138092,7.24289090845615,2.37133415268153,0,2.23907461120509,3.00594234105866,3.09886476048934,20,1998,80,34,16,1,1,0.0819672131147541,0.0685299650631551,1,1,1,1,0.442622950819672,0.557377049180328,-0.399037326246008
8355,3.29583686600433,7,26,TRUE,7,9.09137484633133,10.8965017224636,9.82160291503891,11.0025469900548,6.31085589437366,6.8046698264663,2.53155938637922,4.55230705109175,2.8527675868746,25,2005,74,29,6,1,1,0.269230769230769,0.230769230769231,1,1,1,1,1,0,-0.111865739118636
8357,2.99573227355399,2,19,FALSE,2,8.90602586352732,9.14109746923402,10.2509588987603,11.5129254649702,6.66537790077224,11.5129254649702,1.18026078305849,1.91207730155728,5.8400151813901,19,2011,80,30,11,1,1,0.105263157894737,0.0969529085872576,1,1,1,1,0.105263157894737,0.894736842105263,NA
8365,5.48893772615669,7,241,TRUE,7,8.65830287701007,8.28374674710613,8.81036812036436,8.46378397583495,2.36617512014582,0,2.62918643315427,4.38332321471563,3.46099079430414,77,1956,88,24,21,5,1,0.0954356846473029,0.0601745837709406,0.560165975103734,0.406001962776123,1,1,0.385892116182573,0.614107883817427,0.0683054112171834
8377,3.3322045101752,7,27,TRUE,7,6.74337599853939,7.32448997934853,7.60995281489049,8.30745439360066,4.82175194593772,3.61091791264422,1.77475669221536,2.54645697512765,4.32795303606247,22,2005,69,35,9,1,1,0.259259259259259,0.1440329218107,1,1,1,1,0.592592592592593,0.407407407407407,0.0199402451534479
8378,4.58496747867057,7,97,TRUE,7,9.260567952759,9.85897856105502,9.39881951883634,9.92623681462891,1.07810035202647,0,2.09948715177197,3.24144466276643,2.07503208864217,4,1990,83,65,15,2,1,0.103092783505155,0.0736528855351259,0.969072164948454,0.940057391858859,1,1,0.247422680412371,0.752577319587629,-0.0214045033989283
8392,3.80666248977032,4,44,TRUE,4,7.48121752135141,7.07764965016202,8.62478431761688,9.24352685684675,4.64923486765456,1.93560050545395,1.89241677949995,3.01107923629499,5.19439218869089,30,2009,77,27,15,1,1,0.0909090909090909,0.0774793388429752,1,1,1,1,0.386363636363636,0.613636363636364,0.627928043210308
8396,4.24849524204936,5,69,TRUE,5,7.55042595126627,7.97246601597457,8.67225395917735,8.49902922078857,3.57864785846354,0,1.7762504824863,2.81168509079257,5.02421238556096,14,2008,69,43,13,2,1,0.115942028985507,0.0917874396135266,0.681159420289855,0.565637471119513,1,1,0.231884057971014,0.768115942028985,0.463380139197305
8397,4.76217393479776,7,116,TRUE,7,7.63266445589023,7.43003998348292,7.99628428851353,7.59111182819252,2.64675547846381,0,1.76974911473746,2.3242791569926,3.38214287577859,20,1994,81,23,19,2,1,0.0775862068965517,0.0563317479191439,0.982758620689655,0.966111771700357,1,1,0.448275862068966,0.551724137931034,-0.129167488328971
8426,4.07753744390572,5,58,TRUE,5,8.67783440668435,8.66704590144169,9.40337123076981,9.39881592530525,2.9774807236992,0,1.70707033967062,2.3912122344894,5.08527127870867,18,2008,74,26,10,2,1,0.137931034482759,0.117717003567182,0.741379310344828,0.616527942925089,1,1,0,1,0.0982828797184817
8435,4.86753445045558,7,129,TRUE,7,7.7943332697129,7.80791662892641,7.90787667991945,7.81824521874661,2.84772249071677,2.56494935746154,1.77297292328501,1.61099716430927,2.95570629832507,6,1977,65,42,20,2,1,0.108527131782946,0.0590709692927108,0.945736434108527,0.897361937383571,1,1,0.565891472868217,0.434108527131783,-0.00693388678339446
8441,3.63758615972639,5,37,TRUE,5,7.20469532554371,6.64824593534719,7.40228815680045,6.96376692442337,1.50008944809268,0,1.56000540769662,3.03705005700911,2.62268755718134,4,2003,60,36,10,1,1,0.135135135135135,0.107377647918188,1,1,1,1,0.27027027027027,0.72972972972973,0.080119271705316
8444,3.55534806148941,5,34,TRUE,5,6.69020327718657,6.32944598334417,7.86779418016305,6.86691972090986,4.19660896812612,3.1639683918646,1.56981185334598,3.21585078544758,4.50831485964772,4,2005,54,34,8,1,1,0.147058823529412,0.136678200692042,1,1,1,1,0.5,0.5,-0.0394112271083948
8449,4.26267987704132,7,70,TRUE,7,9.27214886760095,9.8290623623104,9.23547109422068,9.74677305511758,0.328940727570578,0,1.77782324406907,2.57598657897027,1.93188638519601,8,2005,60,37,10,1,1,0.1,0.1,1,1,1,1,0,1,-0.078096696984441
8450,3.95124371858143,5,51,TRUE,5,7.41542745937442,7.49108759353488,8.29691958854318,7.66340766489348,2.91242553879977,0,1.30854317190931,2.32157705236899,4.66710134178875,13,2008,80,34,11,1,1,0.0980392156862745,0.0934256055363322,1,1,1,1,0.215686274509804,0.784313725490196,0.0659354812016108
8453,4.30406509320417,7,73,TRUE,7,6.87179061244267,6.78829583894481,7.39400699255345,7.2086003379602,2.18148975283902,0,2.41308641135489,2.65604057430581,2.85624538247706,16,1997,71,38,16,1,1,0.0958904109589041,0.0737474197785701,1,1,1,1,0.438356164383562,0.561643835616438,-0.513139332632819
8458,2.77258872223978,6,15,TRUE,6,6.36686034025432,6.3261494731551,6.57211138025023,6.3261494731551,3.07576230882057,3.2188758248682,1.08746639659887,1.78799818740018,0.334116866039375,99999,99999,99999,99999,3,1,1,0.4,0.342222222222222,1,1,1,1,1,0,-0.252866488577969
8464,4.30406509320417,7,73,TRUE,7,6.97880017565455,6.73815249459596,7.16033400186844,6.73815249459596,1.65507062133576,0,1.94734114733126,2.30333430368215,2.42624825929206,14,1951,84,57,13,1,1,0.0958904109589041,0.0823794332895477,1,1,1,1,0.356164383561644,0.643835616438356,-0.314357816280126
8466,3.87120101090789,7,47,TRUE,7,6.96752788967046,6.41017488196617,7.06585491552195,6.30078579466324,2.71730430990294,2.56494935746154,2.01139353973707,4.39443773064201,2.61808228037454,18,1960,86,37,8,2,1,0.148936170212766,0.138071525577184,0.595744680851064,0.518334087822544,1,1,0.595744680851064,0.404255319148936,0.0943006054939049
8474,5.32787616878958,7,205,TRUE,7,7.90089515436142,7.71171458811763,8.11663986157539,7.86901937649902,2.33545369150467,0,1.94910638267243,2.37307664997809,3.49455264822371,42,1996,84,25,19,4,1,0.0780487804878049,0.059940511600238,0.55609756097561,0.460226055919096,1,1,0.370731707317073,0.629268292682927,-0.015077366885027
8491,4.74493212836325,7,114,TRUE,7,9.21777059612854,9.03373744900731,9.44642291028585,9.41914517511059,3.56349565436395,3.80567385870181,2.16347810502639,2.5251810029666,3.60349371683409,56,1979,74,39,21,2,1,0.087719298245614,0.0564789165897199,0.947368421052632,0.900277008310249,1,1,0.56140350877193,0.43859649122807,-0.179842674653573
8532,4.11087386417331,6,60,TRUE,6,8.49209209334396,8.37792256277281,8.7169600734484,8.75614685768188,0.724707081627706,0,1.47902933539187,2.53918294731854,1.50866260609954,9,2002,77,35,10,1,1,0.1,0.1,1,1,1,1,0.2,0.8,-0.329168365636802
8543,5.34233425196481,7,208,TRUE,7,7.94595566240852,8.03008487204135,8.19520159301592,8.19929576970851,3.23659318138263,3.2188758248682,2.38522335546498,2.56225880290105,3.42117042409351,56,1940,68,35,22,3,1,0.0913461538461538,0.0601423816568047,0.586538461538462,0.458394970414201,1,1,0.524038461538462,0.475961538461538,-0.0702524545059635
8548,4.04305126783455,4,56,TRUE,4,6.72030260335032,6.31876545113939,7.14842407285319,6.61377433685607,2.41686143477178,3.02604458446221,1.93918230479587,1.89210841476195,2.63560064038759,10,1941,73,58,15,1,1,0.0714285714285714,0.0676020408163265,1,1,1,1,0.553571428571429,0.446428571428571,-0.252373020032915
8552,3.91202300542815,7,49,TRUE,7,5.85512845198981,5.56452040732269,6.72435229325961,6.10128261311007,4.80905770336793,2.56494935746154,1.68210477193514,2.48067576537175,5.09262550632275,99999,99999,99999,99999,12,2,1,0.163265306122449,0.103706788837984,0.816326530612245,0.700124947938359,1,1,0.346938775510204,0.653061224489796,-0.0407590193876388
8558,4.77912349311153,7,118,TRUE,7,8.9824929900155,9.81531873605942,8.95604075221591,9.70370297140943,1.7290788000984,0,2.35781210988642,3.33145736187449,2.57876123120369,24,2002,72,33,18,3,1,0.101694915254237,0.0660729675380638,0.915254237288136,0.843579431197932,1,1,0.398305084745763,0.601694915254237,0.125021783140772
8560,3.58351893845611,7,35,TRUE,7,8.60287443296891,8.3918771034334,9.07199375342697,10.6858516136737,5.69445847065639,5.95583736946483,2.38801839231995,4.31219239566114,3.41880536185074,7,2006,76,47,6,1,1,0.2,0.180408163265306,1,1,1,1,0.914285714285714,0.0857142857142857,0.000400026639828727
8581,4.33073334028633,5,75,TRUE,5,8.41754590832291,8.50529670803616,8.69995507467848,8.8270192656535,2.38661563083959,0,1.87501230256785,2.55682720833206,3.10912852957235,10,1974,83,56,16,1,1,0.0666666666666667,0.0641777777777778,1,1,1,1,0.413333333333333,0.586666666666667,-0.244368366081687
8582,2.94443897916644,7,18,TRUE,7,6.42313664266143,6.6419322595659,6.76796226480299,6.64453643211947,2.24972158979942,1.03972077083992,0.868891862009457,0.259349108814286,3.57927304251004,6,1999,60,53,4,1,1,0.388888888888889,0.308641975308642,1,1,1,1,0.444444444444444,0.555555555555556,0.203862774195502
8584,4.74493212836325,7,114,TRUE,7,8.02104941547663,8.04723810631757,8.22436963688286,8.17507180142703,3.33551739657391,2.72766055767885,2.17813439501052,2.78088481987917,3.36626615250089,10,1984,81,38,22,1,1,0.0614035087719298,0.0563250230840259,1,1,1,1,0.596491228070175,0.403508771929825,-0.0302987268164561
8585,1.94591014905531,4,6,TRUE,4,5.75730426231157,6.40477279127176,8.18948143288068,7.45164888557483,5.37177935353809,2.69908135075888,2.07990511318503,1.86911294063251,4.77457797678167,4,2006,78,32,2,1,1,0.666666666666667,0.555555555555556,1,1,1,1,1,0,0.267607624008921
8586,4.20469261939097,5,66,TRUE,5,7.83394774438134,8.22726166457912,8.54096379504009,8.85029984051616,2.61657396931142,0,2.13228442494651,3.39133500804059,4.86169561303215,24,2007,79,44,10,2,1,0.151515151515152,0.118457300275482,0.636363636363636,0.537190082644628,1,1,0,1,0.0606902131148565
8610,1.38629436111989,1,3,FALSE,1,7.96956064894246,7.3822674793295,9.57079257170141,10.231841568251,4.24917482094598,6.19644412779452,1.50027306926627,1.41142988917626,3.68416295840642,19,2001,70,57,3,1,1,0.333333333333333,0.333333333333333,1,1,1,1,0.666666666666667,0.333333333333333,NA
8611,4.39444915467244,7,80,TRUE,7,8.73654323819592,8.66313456753099,8.73310577347572,8.72769949227098,1.0697813201619,0,1.17056065457203,1.78415973341759,2.40676325140047,18,2000,66,29,12,1,1,0.0875,0.085625,1,1,1,1,0.175,0.825,0.178681345016595
8619,5.18738580584075,7,178,TRUE,7,8.01120640640209,7.95266057401044,8.0880354761733,8.08831642446921,2.4177080833299,0,2.1955629128449,2.59315013058967,3.36515976581088,28,1985,75,31,21,3,1,0.106741573033708,0.0702562807726297,0.629213483146067,0.48510289104911,1,1,0.398876404494382,0.601123595505618,0.0699911110315703
8623,4.35670882668959,7,77,TRUE,7,6.76402014355459,6.3491389913798,7.30808836040922,6.77441815320087,3.43475454812636,2.39789527279837,2.79850600549338,2.72044676888621,3.98930977200548,50,2005,86,31,17,1,1,0.0909090909090909,0.0703322651374599,1,1,1,1,0.506493506493506,0.493506493506494,0.180064661369412
8634,3.52636052461616,6,33,TRUE,6,7.67996822621946,8.12562802989281,8.39804375199611,8.56152772972527,5.66831104872377,5.36597601502185,2.78507138409699,4.7230126499138,3.35427057112015,8,2007,71,40,6,1,1,0.181818181818182,0.173553719008264,1,1,1,1,1,0,0.107754102897135
8636,5.09375020080676,7,162,TRUE,7,8.71665862509146,8.42905224428968,9.21555658706855,8.90301535781111,3.20045145016863,3.2188758248682,2.19298537601112,3.46407203382231,3.56869663209349,84,1998,81,24,23,3,1,0.0740740740740741,0.0474775186709343,0.919753086419753,0.849184575522024,1,1,0.493827160493827,0.506172839506173,-0.191931707793107
8637,2.30258509299405,6,9,TRUE,6,6.98353069697432,6.95368421087054,7.91194246574027,6.96790920180188,4.50567534256006,2.56494935746154,0.288867331340387,0.174443069221875,3.97384478138671,30,2006,78,38,2,1,1,0.666666666666667,0.555555555555556,1,1,1,1,1,0,0.102834033307449
8644,4.88280192258637,7,131,TRUE,7,8.76184817196762,8.67286442889526,8.87835362238017,8.76250050192817,2.75698942009125,2.56494935746154,2.15088686745314,3.01042757738385,3.15061642426398,30,1982,86,35,20,2,1,0.0763358778625954,0.0544840044286463,0.977099236641221,0.955247363207272,1,1,0.49618320610687,0.50381679389313,-0.0741308185453323
8652,5.48893772615669,7,241,TRUE,7,8.78196040661036,8.94154547524288,8.97628486365658,9.30984085110987,2.13244584213191,0,2.58419127902674,3.42328605134301,3.34012208393441,102,1982,93,31,19,5,1,0.0954356846473029,0.0631359652898538,0.50207468879668,0.393226700642207,1,1,0.340248962655602,0.659751037344398,-0.158381183584618
8655,3.68887945411394,7,39,TRUE,7,7.93836548969549,8.19430941210838,8.995767843634,8.81373589230022,3.97638004185687,1.94591014905531,1.78556336353137,2.67454598598048,4.77978066189764,3,1997,60,52,11,1,1,0.179487179487179,0.101906640368179,1,1,1,1,0.333333333333333,0.666666666666667,0.24814351004665
8658,4.17438726989564,7,64,TRUE,7,7.88562176674915,7.24672321548501,8.23666387312472,7.30594885170133,4.37963016801319,4.06029435587013,2.30604056147053,2.42990120035863,3.02706726083528,9,1996,68,39,16,1,1,0.109375,0.087890625,1,1,1,1,0.828125,0.171875,0.072251015845789
8666,4.61512051684126,7,100,TRUE,7,7.64512819079443,7.87968797272368,7.82594867888777,7.9147094940327,1.82705789968759,0,1.69404374963653,2.79885983821491,2.89736730513797,8,1986,87,39,18,1,1,0.07,0.0632,1,1,1,1,0.37,0.63,-0.0520822455629312
8677,4.7361984483945,7,113,TRUE,7,8.06312098388456,7.95402108727804,8.34782192221652,8.25821000465815,2.75254628403353,2.484906649788,1.72782869962112,2.3421763585497,3.30892784720783,13,1970,80,27,20,2,1,0.0707964601769911,0.0605372386247944,0.982300884955752,0.965228287258203,1,1,0.47787610619469,0.52212389380531,-0.00778683985155843
8691,4.45434729625351,7,85,TRUE,7,7.6183767741708,7.39633529380081,7.61983004198889,7.39633529380081,2.68143579119196,2.56494935746154,2.17689148282476,3.23126078898777,2.92898370223137,12,1976,84,42,14,1,1,0.0823529411764706,0.0776470588235294,1,1,1,1,0.552941176470588,0.447058823529412,0.0697517440324433
8693,3.97029191355212,5,52,TRUE,5,7.80015887699281,7.9030053852927,8.59265223191306,8.29181995724806,2.85355096089073,0,1.35295973677879,1.55745531201132,4.65391006798002,14,2006,51,41,11,1,1,0.0961538461538462,0.0924556213017751,1,1,1,1,0.173076923076923,0.826923076923077,0.0602093145299114
8694,4.81218435537242,7,122,TRUE,7,9.27560132672773,9.42114760174443,9.33603422280247,9.61270998299737,2.24969478466492,0,1.79130994761183,3.32342667008695,3.16735489091679,33,1985,73,32,19,3,1,0.0737704918032787,0.0587207739854878,0.959016393442623,0.92058586401505,1,1,0.385245901639344,0.614754098360656,-0.0325310040861731
8696,4.68213122712422,7,107,TRUE,7,7.95129932272511,7.83247042561619,8.0334215775985,7.83247042561619,3.07527536145639,3.61091791264422,1.79738925425689,1.50331976088051,2.73777668419275,4,1977,68,66,16,1,1,0.0654205607476635,0.0631496200541532,1,1,1,1,0.626168224299065,0.373831775700935,-0.00407788509266026
8703,5.11799381241676,7,166,TRUE,7,9.01014200931292,9.05864497241135,9.10521518054718,9.05864497241135,2.71143516990169,0,2.35705579181414,2.16541784235873,3.40399280439325,18,1989,88,37,19,3,1,0.0903614457831325,0.0632893017854551,0.728915662650602,0.595659747423429,1,1,0.433734939759036,0.566265060240964,0.0910210906222625
8712,4.52178857704904,7,91,TRUE,7,7.71314219420145,7.32115548740963,7.77630099807197,7.32115548740963,3.33331365639437,4.11087386417331,1.9842371579302,1.34344270019403,2.94440541355143,14,1959,89,43,15,1,1,0.0769230769230769,0.0733003260475788,1,1,1,1,0.626373626373626,0.373626373626374,0.00485779441305155
8732,5.23110861685459,7,186,TRUE,7,8.58189043460962,8.61490233304384,8.68789600877232,9.03273487688369,2.51610726365418,0,2.30883932184005,3.25556465494446,3.2560270572408,62,1960,92,23,20,3,1,0.0752688172043011,0.0582726326742976,0.67741935483871,0.553069719042664,1,1,0.451612903225806,0.548387096774194,0.0208040582125781
8735,3.13549421592915,7,22,TRUE,7,6.5554624174343,6.29105595962809,8.37417787832894,8.60416434685529,5.7841987801687,4.90896483208724,1.87702360254236,3.08126374509274,3.34035998867625,99999,99999,99999,99999,9,1,1,0.272727272727273,0.18595041322314,1,1,1,1,0.772727272727273,0.227272727272727,-0.173220920200939
8751,3.98898404656427,3,53,TRUE,3,7.31459854687392,7.21047127356676,7.74673532709873,7.5143473420866,3.03453154442407,3.2188758248682,2.08299608211953,2.29746645416376,2.99320857951852,14,1976,81,29,18,1,1,0.0566037735849057,0.0558917764328943,1,1,1,1,0.566037735849057,0.433962264150943,-0.36357979816817
8757,4.31748811353631,7,74,TRUE,7,7.01227631057236,7.04542654361741,7.1177942650422,7.49577426027536,0.982033760234443,0,1.86752510574659,3.46720493668353,1.43868363587012,5,1976,63,37,13,1,1,0.0945945945945946,0.0847333820306793,1,1,1,1,0.337837837837838,0.662162162162162,0.112939874554554
8769,4.63472898822964,7,102,TRUE,7,7.85357301838005,8.05016323047425,8.10994017153524,8.13126682090953,3.03443568753498,2.63649977928187,1.90190644408934,2.2020749107634,3.15310671762163,6,1956,57,53,18,1,1,0.0686274509803922,0.0647827758554402,1,1,1,1,0.588235294117647,0.411764705882353,-0.055239006379746
8777,0.693147180559945,1,1,FALSE,1,7.58396482423415,7.58396482423415,11.5129254649702,11.5129254649702,11.5129254649702,11.5129254649702,NA,0,NA,9,2012,65,33,1,1,1,1,1,1,1,1,1,1,0,NA
8783,3.80666248977032,6,44,TRUE,6,7.51576751663833,6.89306645073742,7.73521085354429,6.95748259319594,4.29788051366403,3.88023351460671,2.32021980956702,2.36784972893744,2.3008130826306,10,2005,49,39,10,1,1,0.136363636363636,0.114669421487603,1,1,1,1,1,0,-0.106364649220023
8784,4.29045944114839,7,72,TRUE,7,7.45547237049938,7.26457191659188,8.4143320606316,7.72825155922446,4.71515177196604,3.74943486698847,1.99467436954613,2.65556202305406,4.30467536193005,15,2006,57,31,16,1,1,0.0972222222222222,0.0744598765432099,1,1,1,1,0.611111111111111,0.388888888888889,-0.0750225585915236
8806,3.93182563272433,7,50,TRUE,7,7.05450224016158,6.73837900700869,7.25993320768754,6.78233137180108,2.73719541232128,2.56494935746154,1.75022646855063,3.56396687905791,2.92904540797834,1,1982,69,69,8,1,1,0.14,0.1312,1,1,1,1,0.58,0.42,0.0183014735093173
8812,3.2188758248682,7,24,TRUE,7,7.03515228222664,7.03102758643066,7.48845580639691,7.39900658069697,3.99199663247704,3.61091791264422,1.2720860264776,1.20750263691069,1.7285220259865,5,2002,67,34,4,1,1,0.291666666666667,0.270833333333333,1,1,1,1,1,0,-0.311887117476155
8814,3.29583686600433,3,26,TRUE,3,7.49014283459473,7.62244626777184,9.14577168384008,9.33529839494781,2.51546920140102,0,2.05158997133031,2.89234223484661,3.8337284795402,18,1997,84,42,14,2,1,0.115384615384615,0.0769230769230769,0.923076923076923,0.857988165680474,1,1,0.269230769230769,0.730769230769231,-0.730483633835303
8831,4.31748811353631,7,74,TRUE,7,7.0209708214199,6.54441363809244,7.33847249299898,6.89365635460264,3.50352140239763,3.61091791264422,2.34084314387312,1.695397616561,2.45446899859447,6,1957,81,54,15,1,1,0.0945945945945946,0.0840029218407597,1,1,1,1,0.783783783783784,0.216216216216216,0.0132723028896906
8843,4.52178857704904,7,91,TRUE,7,9.14259494336987,9.42657048042132,9.71909060580104,10.2702793976128,1.9150838653593,0,2.31368243179878,3.09697048931609,3.92448731590554,45,2004,66,22,15,4,1,0.0989010989010989,0.0728172925975124,0.912087912087912,0.835044076802319,1,1,0.21978021978022,0.78021978021978,0.0852969795794543
8850,4.89034912822175,7,132,TRUE,7,8.55976479880288,8.85970841825378,8.76700541162974,9.16328865629583,3.22781138625371,2.52492800362477,2.3154136623579,2.77055734723258,3.63814877607455,6,1965,81,45,23,1,1,0.053030303030303,0.0503902662993572,1,1,1,1,0.522727272727273,0.477272727272727,-0.0504830321630214
8852,4.26267987704132,6,70,TRUE,6,9.5092549699729,9.5989417034818,9.90826020581807,10.3768147066061,2.5573645565162,0,1.73162573016868,2.56343986171034,4.58670029442136,62,2006,73,34,14,1,1,0.0857142857142857,0.0787755102040816,1,1,1,1,0.157142857142857,0.842857142857143,0.145218205112096
8876,4.12713438504509,7,61,TRUE,7,7.43929706649109,7.41577697541539,7.63704776890928,7.62851762657506,1.39471009925664,0,1.43847876259746,2.46759123202665,2.17176223501086,12,1982,86,36,11,1,1,0.114754098360656,0.100779360386993,1,1,1,1,0.344262295081967,0.655737704918033,0.00302760350294406
8880,4.52178857704904,7,91,TRUE,7,9.32333211694404,9.83687969179146,9.33410639116621,9.83687969179146,1.11318151764851,0,1.90961912115744,2.74503840031096,2.47593157051281,70,2000,72,27,15,1,1,0.0769230769230769,0.0733003260475788,1,1,1,1,0.230769230769231,0.769230769230769,-0.0874592375020658
8883,1.79175946922805,3,5,TRUE,3,5.2169393320063,5.9781259826688,9.41951764990519,11.5129254649702,7.88126216907325,11.5129254649702,1.88050244745101,0.605372206296046,4.97372482940036,4,2006,65,36,3,1,1,0.6,0.44,1,1,1,1,0.6,0.4,-0.880234007617459
8889,2.07944154167984,1,7,FALSE,1,3.88263962553049,4.41920198827394,5.58456656296971,6.14418563412565,0.36642133678022,0,2.29276371223944,1.59680102272136,0.969459732188306,9,2002,81,57,7,1,1,0.142857142857143,0.142857142857143,1,1,1,1,0.142857142857143,0.857142857142857,NA
8906,3.8286413964891,5,45,TRUE,5,8.47214635479003,8.46331972915125,8.72125599241264,8.54519738782584,2.15197841552202,0,1.76810267207841,2.62320662655379,3.91025478298423,44,2005,84,38,12,1,1,0.111111111111111,0.0883950617283951,1,1,1,1,0.244444444444444,0.755555555555556,0.195188519335468
8913,4.85203026391962,7,127,TRUE,7,7.78049264451199,7.40379208527469,7.94253788473191,7.60060241453308,2.58306442389079,2.56494935746154,2.11452506348572,2.93911398347827,2.96589696038861,10,1987,76,55,21,1,1,0.0551181102362205,0.052762105524211,1,1,1,1,0.543307086614173,0.456692913385827,0.031197629587426
8922,4.61512051684126,7,100,TRUE,7,7.35047960217696,7.28623384794307,7.63937575959209,7.7687375617246,1.80652863944336,0,1.91345593233131,2.92209600202958,2.41432337226271,10,1981,82,41,17,1,1,0.07,0.0644,1,1,1,1,0.4,0.6,-0.129095607575569
8928,3.98898404656427,5,53,TRUE,5,7.04334392415742,6.68306052517519,7.49168881934475,7.47321112339924,1.36103543920856,0,1.47251487492564,1.71281854071509,1.94350744844318,10,1957,82,36,11,1,1,0.0943396226415094,0.0914916340334639,1,1,1,1,0.358490566037736,0.641509433962264,-0.528608353549134
8933,5.26269018890489,7,192,TRUE,7,7.84219473929128,7.8126572870113,8.0747644747685,8.12590506341104,2.87014966197893,2.56494935746154,2.36139431487877,3.27559305931516,3.19072463674451,18,1986,69,35,19,2,1,0.0729166666666667,0.0608723958333333,0.614583333333333,0.526258680555556,1,1,0.536458333333333,0.463541666666667,-0.16185707365395
8941,4.23410650459726,5,68,TRUE,5,7.32107479077678,6.98513061293848,8.20487058640606,7.45360640360296,4.00601698394894,3.11326833464373,1.84867811765856,1.8154471617992,4.49973571065237,51,2008,74,37,14,1,1,0.0735294117647059,0.0717993079584775,1,1,1,1,0.441176470588235,0.558823529411765,-0.000211077782013432
8942,4.29045944114839,7,72,TRUE,7,7.36694644956691,7.36219260528765,8.28134106699606,8.18276758947249,3.34000577375465,0,1.47276623205568,2.34413722645077,4.45463034781484,20,2006,69,27,14,1,1,0.0972222222222222,0.0852623456790123,1,1,1,1,0.361111111111111,0.638888888888889,-0.056133254821732
8959,5.47646355193151,7,238,TRUE,7,8.05561511309369,8.2804938533779,8.46113683614275,8.58297708199763,2.91448048793089,2.13833305950803,2.12814188226229,3.06241497955437,3.64660758518283,96,2000,76,29,23,4,1,0.0882352941176471,0.0603770920132759,0.491596638655462,0.398488807287621,1,1,0.491596638655462,0.508403361344538,-0.0672263312566555
8966,4.20469261939097,6,66,TRUE,6,8.5402784381473,8.66382818781816,9.04318394053734,9.18014199565973,3.13659675078215,0,1.74908920787563,2.73450660504331,4.87185328477202,31,2007,68,29,16,1,1,0.0909090909090909,0.0766758494031221,1,1,1,1,0.212121212121212,0.787878787878788,0.313623237908487
8969,3.13549421592915,3,22,TRUE,3,7.45155989941674,7.87332107940927,8.74370404333212,8.3788169596042,4.18651835089826,0,1.65127767417908,2.50105467391709,5.66857264406845,43,2010,69,28,8,2,1,0.136363636363636,0.132231404958678,0.954545454545455,0.913223140495868,1,1,0,1,0.531028857311588
8971,4.81218435537242,7,122,TRUE,7,9.00354211618872,8.76351954597762,9.13096215037588,8.77950137577319,2.68263424192694,0,1.95835740420387,3.06621089802325,3.15925224824265,8,1984,70,39,20,1,1,0.0573770491803279,0.056167696855684,1,1,1,1,0.483606557377049,0.516393442622951,-0.0642526922261958
8972,3.55534806148941,6,34,TRUE,6,8.2829206405799,8.69080469219867,9.34013476990814,9.99193605045426,2.70892363881652,0,2.06623813165933,3.24460337946923,4.95702297799357,44,2007,75,36,8,1,1,0.176470588235294,0.160899653979239,1,1,1,1,0,1,0.211405391905131
8987,4.76217393479776,7,116,TRUE,7,7.75063766773895,7.60704929563801,8.00611597587462,7.71588711595723,3.33972413850425,3.2755401675217,1.92141985326482,1.72901551492175,3.36431710152227,16,1990,90,27,21,1,1,0.0603448275862069,0.0576694411414982,1,1,1,1,0.577586206896552,0.422413793103448,-0.00668091115404816
8989,3.89182029811063,7,48,TRUE,7,7.27376913875566,7.24884672914103,7.42481784366026,7.26880468386783,2.84945997934674,3.2188758248682,1.91045709974134,2.21189701987782,2.26188717011459,8,1961,88,79,8,1,1,0.145833333333333,0.127604166666667,1,1,1,1,0.666666666666667,0.333333333333333,-0.276447394471531
9000,1.6094379124341,1,4,FALSE,1,7.86756706726795,7.37346275403625,11.5129254649702,11.5129254649702,11.5129254649702,11.5129254649702,1.91856353444956,2.40085143710801,0,14,2012,76,39,4,1,1,0.25,0.25,1,1,1,1,1,0,NA
9011,3.91202300542815,7,49,TRUE,7,6.58520031133076,6.79176064318497,6.6559762532995,6.75781571992634,0.234957662550413,0,1.48326325629253,2.68371435434564,1.64470363785289,14,2003,78,34,8,1,1,0.142857142857143,0.137859225322782,1,1,1,1,0,1,-0.0337758372346153
9012,4.74493212836325,6,114,TRUE,6,7.53061091424008,7.28704808356179,8.35325241151483,8.03000636920585,4.47610295386385,3.2188758248682,1.93607627195678,2.48772285234342,4.3837546989237,16,2007,72,52,18,4,1,0.114035087719298,0.0657125269313635,0.736842105263158,0.575869498307171,1,1,0.570175438596491,0.429824561403509,0.107555874070236
9026,3.55534806148941,6,34,TRUE,6,7.40413169743102,7.33354079054369,8.11483627814051,7.53284738788345,3.470909650138,2.56494935746154,1.50381631478175,1.15966196719551,4.33594529045941,14,2002,76,35,10,1,1,0.176470588235294,0.117647058823529,1,1,1,1,0.411764705882353,0.588235294117647,0.291850793587358
9028,5.01727983681492,7,150,TRUE,7,8.2340990599106,8.29569246924986,8.47334594180796,8.61294221395316,2.75165493061794,0,2.13673272416692,2.69991581303793,3.41928202740428,7,2005,70,30,21,3,1,0.1,0.0562666666666667,0.866666666666667,0.761422222222222,1,1,0.446666666666667,0.553333333333333,-0.0299989380114033
9031,4.71849887129509,7,111,TRUE,7,8.77384985926973,8.53426070915908,9.11176790979423,9.05442079523952,1.79275683806747,0,2.03651959895454,3.05226892076612,3.44718359589727,10,1989,91,46,15,3,1,0.0900900900900901,0.0755620485350215,0.828828828828829,0.7133349565782,1,1,0.216216216216216,0.783783783783784,-0.0626210360181886
9033,0.693147180559945,1,1,FALSE,1,5.52942908751142,5.52942908751142,11.5129254649702,11.5129254649702,11.5129254649702,11.5129254649702,NA,0,NA,2,1995,83,59,1,1,1,1,1,1,1,1,1,0,1,NA
9037,4.30406509320417,5,73,TRUE,5,8.18870749853033,8.2084100490564,9.09804112578017,9.27695080771553,3.78576742488543,0,1.83661807346887,2.47633355732551,4.93165292563295,12,2008,75,32,15,2,1,0.0958904109589041,0.0756239444548696,0.876712328767123,0.783824357290298,1,1,0.287671232876712,0.712328767123288,0.522424699931865
9052,3.25809653802148,6,25,TRUE,6,7.25284537521433,7.01329477862137,8.33564524656719,9.23144215500398,5.42247480282007,4.86753445045558,2.07816226333933,3.81215462671466,3.2913730885271,8,2006,60,36,5,1,1,0.24,0.2096,1,1,1,1,1,0,-0.147782174786858
9063,4.45434729625351,7,85,TRUE,7,7.99417792935346,8.20220843643645,8.20309771121449,8.1745141322629,2.21307295361857,0,1.82022634306181,2.85476767417931,2.75587853281814,17,1981,86,31,16,1,1,0.0823529411764706,0.0693425605536332,1,1,1,1,0.447058823529412,0.552941176470588,-0.177033999567378
9067,4.34380542185368,7,76,TRUE,7,7.43818132836889,7.58952396598077,7.59144266860354,7.5591178962824,2.25243784747543,2.56494935746154,1.55923850605636,2.87312585052558,2.62000645790611,10,2003,58,48,11,3,1,0.184210526315789,0.12292243767313,0.789473684210526,0.657894736842105,1,1,0.513157894736842,0.486842105263158,0.0353346623911556
9069,4.17438726989564,6,64,TRUE,6,8.70569337070795,8.90086745559325,9.78344788242205,10.3452347366937,3.41789974741304,0,1.81995521224231,2.89244961655839,5.30161869073338,26,2007,73,35,10,3,1,0.140625,0.10888671875,0.84375,0.72607421875,1,1,0,1,-0.275551983497348
9087,4.11087386417331,5,60,TRUE,5,7.81664645270591,8.22237760060621,8.75354861090443,8.69053123578537,3.04019574182443,0,1.6174194010108,2.14134431248764,4.52555193384626,4,2008,71,60,13,1,1,0.0833333333333333,0.0794444444444444,1,1,1,1,0.25,0.75,-0.287279577077468
9097,4.74493212836325,7,114,TRUE,7,9.70740041270214,9.91095044163965,9.77742439947517,10.5035026372296,2.27424408112174,0,2.14516662303035,3.19815444535957,3.49719094384869,30,1996,72,28,18,2,1,0.0701754385964912,0.0621729763004001,0.956140350877193,0.916128039396737,1,1,0.342105263157895,0.657894736842105,0.0444077635941117
9102,1.38629436111989,1,3,FALSE,1,7.04373751001353,7.82404601085629,11.5129254649702,11.5129254649702,11.5129254649702,11.5129254649702,1.80152240853211,1.66997663788382,0,18,2012,66,33,3,1,1,0.333333333333333,0.333333333333333,1,1,1,1,1,0,NA
9116,4.02535169073515,7,55,TRUE,7,7.03216145714753,7.20134238237054,6.99007150440375,7.29717907716272,2.25873710312245,0,2.27122933321413,4.03386624912711,3.14969447944989,18,2001,78,36,9,2,1,0.181818181818182,0.139834710743802,0.836363636363636,0.726280991735537,1,1,0.4,0.6,0.0138081240927284
9117,5.26269018890489,7,192,TRUE,7,7.54467643501923,7.7702554514186,7.75521888406743,7.9393113170913,1.86900063463549,0,2.1721025700535,3.00561431458249,2.56963319601174,41,1964,92,32,20,2,1,0.0729166666666667,0.0560980902777778,0.651041666666667,0.545627170138889,1,1,0.458333333333333,0.541666666666667,0.00957868174615095
9121,3.66356164612965,6,38,TRUE,6,7.36450954268319,7.07755573330576,8.15204592747216,8.20453355372483,5.55542492176418,4.85531534691339,2.49356309406092,5.37255029310366,3.20767687878895,17,2006,74,44,7,1,1,0.157894736842105,0.152354570637119,1,1,1,1,1,0,0.0805994177998297
9127,5.17614973257383,7,176,TRUE,7,8.00210371633481,7.58832367733522,8.23981968055753,7.70793145066546,2.46825564262854,0,1.99796241628119,2.28961246599592,3.31262200306775,20,1981,86,46,22,2,1,0.0795454545454545,0.0577221074380165,0.744318181818182,0.619382747933884,1,1,0.420454545454545,0.579545454545455,-0.0469973011091865
9143,2.77258872223978,3,15,TRUE,3,6.10678540267075,6.61204103483309,8.97228040936466,9.05497228474248,5.37269855031944,0,1.76003633798217,2.82012865064722,5.94524914559426,12,2006,78,39,7,1,1,0.2,0.155555555555556,1,1,1,1,0,1,-0.781752609368725
9144,5.0998664278242,7,163,TRUE,7,8.01776849562792,8.02617019494643,8.17317308768371,8.48218758221742,2.98837114341826,2.19722457733622,2.42670004674372,2.22813102262974,3.51677660586163,14,1970,86,35,23,2,1,0.0858895705521472,0.057623546238097,0.785276073619632,0.662764876359667,1,1,0.50920245398773,0.49079754601227,0.0475745689413324
9145,5.4553211153577,7,233,TRUE,7,8.36422146924473,8.14898629509158,8.46530843728873,8.2495751500002,2.07641948574326,0,2.4738504926975,3.58242035461259,2.90786928296478,105,1986,90,34,21,3,1,0.0772532188841202,0.0555361122879405,0.562231759656652,0.467958518300208,1,1,0.424892703862661,0.575107296137339,0.0914309690072629
9184,4.90527477843843,7,134,TRUE,7,8.4214989245154,8.73633285884905,8.73651992090933,9.50750103926977,2.23355705279658,0,2.57280917334562,4.31673167572268,3.2657824532788,15,1986,80,47,19,3,1,0.0970149253731343,0.0631543773668969,0.850746268656716,0.736689685898864,1,1,0.380597014925373,0.619402985074627,-0.0157513139127544
9188,5.40267738187228,7,221,TRUE,7,8.13926398771854,8.29169186272819,8.43107809266437,8.55674077421874,2.25350580694663,0,2.38563885159853,3.23700337882633,3.19326375354188,106,1985,86,29,22,4,1,0.104072398190045,0.0655391986241068,0.53393665158371,0.385843860690813,1,1,0.411764705882353,0.588235294117647,-0.0640011872095373
9198,1.38629436111989,3,3,TRUE,3,4.84046672656274,4.07753744390572,11.5129254649702,11.5129254649702,11.5129254649702,11.5129254649702,2.73491921357073,2.65390981139274,0,27,2001,82,33,2,2,1,0.666666666666667,0.555555555555556,0.666666666666667,0.555555555555556,1,1,1,0,2.65390981139429
9201,4.0943445622221,6,59,TRUE,6,7.43259781927887,7.06708111598178,8.42285330234697,8.7817197318638,3.76648353958376,1.6094379124341,1.89986101069774,2.68787750854358,4.59143240230778,12,2007,58,26,13,1,1,0.101694915254237,0.0881930479747199,1,1,1,1,0.372881355932203,0.627118644067797,-0.257273520612672
9205,0.693147180559945,1,1,FALSE,1,5.05802765639886,5.05802765639886,11.5129254649702,11.5129254649702,11.5129254649702,11.5129254649702,NA,0,NA,4,2006,71,46,1,1,1,1,1,1,1,1,1,1,0,NA
9226,4.68213122712422,7,107,TRUE,7,6.75399825043161,6.27852142416584,6.90471638537185,6.31835531341004,2.47969251306516,2.39789527279837,1.77772861608156,1.79282707246804,3.00138896180788,20,1997,86,35,16,2,1,0.102803738317757,0.0673421259498646,0.953271028037383,0.910909249716132,1,1,0.542056074766355,0.457943925233645,0.0284814239928555
9234,4.45434729625351,5,85,TRUE,5,8.22858703342338,8.48941081040379,9.12244665736082,9.4210226025391,4.1364503681595,2.63905732961526,1.98465575878162,3.45250745720189,4.69019311370329,70,2008,70,26,20,2,1,0.0823529411764706,0.0571626297577855,0.964705882352941,0.931903114186851,1,1,0.494117647058824,0.505882352941176,0.142102357916071
9243,4.15888308335967,7,63,TRUE,7,7.59132458217265,7.70416728076555,7.89003349320569,8.27023326850037,1.99309401826917,0,1.91831976558266,2.89448705618096,2.20583480502702,6,1979,88,84,10,1,1,0.111111111111111,0.102040816326531,1,1,1,1,0.492063492063492,0.507936507936508,-0.169500884169273
9252,4.99721227376411,7,147,TRUE,7,8.00207553040524,8.18685689137432,8.16414219600809,8.26996184457294,1.79251630659854,0,2.13514883440718,3.78578533764174,2.5327034044277,17,1982,72,28,18,3,1,0.0952380952380952,0.0619649220232311,0.829931972789116,0.709935674950252,1,1,0.394557823129252,0.605442176870748,-0.147345182890882
9253,4.62497281328427,7,101,TRUE,7,7.49925726704994,7.21788354026375,7.58294987158836,7.29492062991887,2.20071864005667,0,1.92721969581815,2.61843804241252,2.69103855128577,16,1996,87,26,17,1,1,0.0693069306930693,0.0649936280756789,1,1,1,1,0.475247524752475,0.524752475247525,-0.019532894419211
9255,4.55387689160054,7,94,TRUE,7,7.6501514177218,7.22826532199517,7.99410962168465,7.56311634155577,3.48320257328536,2.56494935746154,2.13837557178451,2.38281547604799,3.73501903814479,22,2005,75,32,16,1,1,0.074468085106383,0.0647351742870077,1,1,1,1,0.51063829787234,0.48936170212766,-0.0326899958536441
9258,2.77258872223978,7,15,TRUE,7,5.85303394053333,6.13506693162267,7.82037505822401,8.7717439327377,5.53283084362554,4.29045944114839,2.78213397206738,5.01856771465098,4.03817624191248,99999,99999,99999,99999,8,1,1,0.266666666666667,0.182222222222222,1,1,1,1,0.666666666666667,0.333333333333333,-0.0974253052226896
9273,2.70805020110221,7,14,TRUE,7,6.52470690349252,6.51866934010217,7.24095370518429,6.71913055874318,3.79069954708773,2.56494935746154,0.28765277112955,0.426284262279922,3.27424103343952,9,2006,72,46,2,1,1,0.5,0.5,1,1,1,1,1,0,0.00421695894835975
9285,5.5683445037611,7,261,TRUE,7,8.51376591477063,8.32889058374422,8.59907430487534,8.41072094690572,1.84667517539925,0,2.33226389590955,3.6354258573742,3.04791983358422,73,1989,90,36,19,4,1,0.0842911877394636,0.0620513498040252,0.444444444444444,0.364014033851529,1,1,0.329501915708812,0.670498084291188,0.0368103595308548
9286,4.87519732320115,7,130,TRUE,7,8.2147674960674,8.36660393408202,8.39298186120049,8.43482934817415,2.97614764099225,2.99448070844493,2.07123278726369,1.90212058865342,3.12570404295052,8,1962,65,35,22,1,1,0.0538461538461538,0.0513609467455621,1,1,1,1,0.569230769230769,0.430769230769231,-0.0365087591081497
9309,4.70953020131233,7,110,TRUE,7,9.20125423021111,9.98427452329475,9.52642756734289,10.224700101586,2.04745306658333,0,2.34126436347503,3.34918193923545,3.38241746233549,20,1998,94,25,16,3,1,0.118181818181818,0.0709090909090909,0.890909090909091,0.802314049586777,1,1,0.309090909090909,0.690909090909091,-0.0198252188520206
9314,5.37527840768417,7,215,TRUE,7,7.97014895343395,8.01932985964116,7.82676649641003,7.96857223815484,2.71006314882592,2.56494935746154,2.02387784951645,3.01354593445242,3.15294661012838,6,1979,59,32,24,2,1,0.0651162790697674,0.0518117901568415,0.604651162790698,0.52190373174689,1,1,0.52093023255814,0.47906976744186,-0.00294369054224503
9324,4.36944785246702,7,78,TRUE,7,7.76539651528732,7.56139309388496,8.04262518483254,8.03699950364447,2.4990236465632,0,2.12698402816943,2.86305683984328,2.93681371043361,18,1998,77,27,15,1,1,0.0897435897435897,0.0746219592373439,1,1,1,1,0.474358974358974,0.525641025641026,-0.247859444609343
9334,4.59511985013459,7,98,TRUE,7,8.04206885377848,8.01749437883639,8.20716073777829,8.1509658789335,3.22079744603184,3.2188758248682,1.95381619087666,2.26658060244445,3.19880102862797,24,1964,71,41,17,1,1,0.0714285714285714,0.068304872969596,1,1,1,1,0.591836734693878,0.408163265306122,-0.0404210543863698
9347,3.98898404656427,5,53,TRUE,5,7.27468541064592,6.85224256905188,8.35582866173405,7.82705747185243,5.52878679273215,4.24849524204936,2.51733449203873,2.35782678220151,3.98245313629759,8,2008,58,32,13,1,1,0.0943396226415094,0.0857956568173727,1,1,1,1,0.849056603773585,0.150943396226415,0.00545114444213357
9360,5.04342511691925,7,154,TRUE,7,8.56741151269299,8.81762753387303,8.71230007664664,9.14429066207859,1.90839575239548,0,2.16308535587868,3.49054536878575,3.03889017374723,39,1993,69,31,17,2,1,0.0909090909090909,0.0679709900489121,0.675324675324675,0.561477483555406,1,1,0.344155844155844,0.655844155844156,0.0228238667869634
9362,5.85507192220243,7,348,TRUE,7,7.90108812938333,7.48773376143644,8.20482495624842,7.66475276233052,1.82495607023898,0,2.57545800319318,3.24399938509506,3.24507175859201,135,1995,92,27,23,6,1,0.10632183908046,0.0685691636940151,0.387931034482759,0.239992072929053,1,1,0.295977011494253,0.704022988505747,-0.0889579216864293
9384,2.77258872223978,3,15,TRUE,3,5.19624228291434,5.99396142730657,5.37275161939048,5.99396142730657,2.30258509299405,0,1.41327811792054,2.36074006859407,4.76680401039091,9,2008,70,32,6,1,1,0.2,0.173333333333333,1,1,1,1,0,1,0.315781384117432
9410,4.90527477843843,7,134,TRUE,7,8.6806990133994,8.41256230264274,8.79496255914421,8.47848998147578,2.87266149851339,2.83148024006797,2.06554130596244,2.986545409021,3.14880368734045,52,1989,85,34,22,2,1,0.0522388059701493,0.0506794386277567,0.992537313432836,0.985186010247271,1,1,0.537313432835821,0.462686567164179,-0.0460514944523542
9419,2.19722457733622,1,8,FALSE,1,8.21478888480828,8.52633832570211,11.5129254649702,11.5129254649702,11.5129254649702,11.5129254649702,1.26877271958699,2.13353225990312,0,7,2012,64,33,8,1,1,0.125,0.125,1,1,1,1,0,1,NA
9426,3.04452243772342,6,20,TRUE,6,7.94999682123806,8.68967784073827,9.02009022809328,9.19073593275005,5.65074791385463,4.92722742947941,2.40629294329893,4.42659543224135,3.80999098710377,37,2006,69,31,5,1,1,0.3,0.24,1,1,1,1,0.8,0.2,-0.39489446850622
9427,4.44265125649032,7,84,TRUE,7,7.86841506072145,7.85261826217233,8.29112429576644,8.28516970408097,2.16927676348327,0,1.6997698106471,2.79058633673308,3.75334096239274,10,1982,90,35,17,2,1,0.0952380952380952,0.0756802721088435,0.976190476190476,0.953514739229025,1,1,0.30952380952381,0.69047619047619,0.106891625259801
9432,2.30258509299405,1,9,FALSE,1,6.39839527285936,6.68336094576627,11.5129254649702,11.5129254649702,11.5129254649702,11.5129254649702,1.21607383317814,0.836690912278214,0,5,2012,68,43,6,2,1,0.222222222222222,0.185185185185185,0.666666666666667,0.555555555555556,1,1,0.222222222222222,0.777777777777778,NA
9449,2.30258509299405,2,9,FALSE,2,5.7075156915964,6.01932287523638,10.9189864756722,11.5129254649702,10.233711524418,11.5129254649702,1.83445596143765,1.17161455277403,3.83764182165674,4,2006,60,57,8,1,1,0.222222222222222,0.135802469135802,1,1,1,1,0.111111111111111,0.888888888888889,NA
9458,4.63472898822964,7,102,TRUE,7,6.66679293749535,6.17150220815523,6.81555965873766,6.34297793646478,2.15546768504708,2.56494935746154,2.03088216265292,1.79194442951291,2.50589451189368,7,1984,80,69,16,1,1,0.0686274509803922,0.0657439446366782,1,1,1,1,0.53921568627451,0.46078431372549,-0.0178676825349414
9461,5.05624580534831,7,156,TRUE,7,8.85033444435723,9.5209678098424,8.90986180138812,9.68247095961777,1.53984489274964,0,2.67436164438025,5.03046287826572,2.93152313110244,34,1986,90,26,18,3,1,0.0961538461538462,0.0688691650230112,0.698717948717949,0.568129520052597,1,1,0.275641025641026,0.724358974358974,-0.00136040950310771
9467,3.76120011569356,5,42,TRUE,5,8.43435596176866,8.44316355632077,9.33756615070327,9.86160781177418,3.44144334123913,0,2.02798598771427,2.49808345621602,4.96138083628941,72,2008,91,35,11,1,1,0.119047619047619,0.102040816326531,1,1,1,1,0.214285714285714,0.785714285714286,0.378970367958167
9473,4.84418708645859,7,126,TRUE,7,9.2772291873889,9.24265747956009,9.45372149523761,9.26394835106361,3.20706809408146,3.2188758248682,2.00284183882516,2.42003358827822,3.45948216303534,31,1983,84,31,22,1,1,0.0555555555555556,0.0532879818594104,1,1,1,1,0.531746031746032,0.468253968253968,-0.0373379766612204
9487,5.24702407216049,7,189,TRUE,7,8.21097162679848,8.11404938699675,8.60771410439478,8.85544384571486,3.07075978149068,0,2.63880987105818,4.06435559070622,3.93893638424544,11,1966,95,45,24,6,1,0.17989417989418,0.0709666582682456,0.71957671957672,0.538254808096078,1,1,0.386243386243386,0.613756613756614,-0.115344611576279
9493,4.55387689160054,7,94,TRUE,7,8.17595716406554,8.21444770615632,8.39684773254035,8.44205448900279,2.62760494024729,0,2.08776647655874,2.7835971881103,3.60534364918907,6,2004,64,41,16,1,1,0.074468085106383,0.071299230421005,1,1,1,1,0.457446808510638,0.542553191489362,0.119981259963891
9494,4.69134788222914,7,108,TRUE,7,7.33772175183169,6.53735876412833,7.35706859642706,6.69878117740896,2.33001412287731,0,1.94147738878712,2.11227609081544,2.7538170768844,6,1963,87,61,17,1,1,0.0648148148148148,0.0620713305898491,1,1,1,1,0.5,0.5,-0.0298613051679163
9500,0.693147180559945,1,1,FALSE,1,8.43758055791421,8.43758055791421,11.5129254649702,11.5129254649702,11.5129254649702,11.5129254649702,NA,0,NA,99999,99999,99999,99999,1,1,1,1,1,1,1,1,1,0,1,NA
9502,4.88280192258637,7,131,TRUE,7,7.77792243918327,7.70885960104718,8.27036000377226,8.11136701813189,1.8178671220426,0,2.06633086363989,3.12516068784215,3.30817411779328,25,1986,72,23,16,4,1,0.122137404580153,0.0798904492745178,0.755725190839695,0.611561097838121,1,1,0.236641221374046,0.763358778625954,-0.161044811899186
9513,3.98898404656427,5,53,TRUE,5,7.42291126895918,7.09021849240898,8.57113494666479,9.36091323045556,5.17083249571032,3.93182563272433,2.39547404610321,4.12875442591789,4.6217022854256,38,2006,84,38,18,1,1,0.0943396226415094,0.0679957280170879,1,1,1,1,0.584905660377358,0.415094339622642,0.0445097769891683
9514,4.21950770517611,5,67,TRUE,5,7.25840208941225,6.95844839329766,7.67150618819513,7.35680974891498,2.6528630419815,2.56494935746154,1.88155503638053,2.26860533475929,2.66334017437906,38,1998,82,38,14,2,1,0.134328358208955,0.0817554020940076,0.761194029850746,0.636444642459345,1,1,0.611940298507463,0.388059701492537,0.0431536609188079
9521,4.64439089914137,7,103,TRUE,7,8.21775475640386,8.39117635083275,8.25173152450504,8.46842302704681,2.40494023122033,0,1.8283200274942,2.60888632353404,3.14212368797701,10,2000,69,30,19,1,1,0.0679611650485437,0.0611744745027806,1,1,1,1,0.485436893203884,0.514563106796116,0.0519635250246048
9528,4.86753445045558,7,129,TRUE,7,8.24823359094556,8.10569693242616,8.34597410906204,8.16706817834124,2.81680108639819,2.56494935746154,2.07274751000716,2.53978431805538,3.25341439171785,9,1979,82,34,19,2,1,0.062015503875969,0.0548644913166276,0.984496124031008,0.969472988402139,1,1,0.496124031007752,0.503875968992248,0.0359596322249908
9535,3.40119738166216,6,29,TRUE,6,8.34815369283536,8.305355487471,9.38309403191888,10.2255210504552,6.28228093343996,5.84932477994686,1.93752197207475,3.75163035410293,3.33594716384,15,2007,59,39,5,2,1,0.275862068965517,0.217598097502973,0.896551724137931,0.814506539833532,1,1,1,0,0.129979266146952
9545,4.4188406077966,7,82,TRUE,7,7.62366194745987,7.5374185409911,7.97847672889226,7.58897565009507,3.28141323554741,3.45786172431566,1.85954960177714,2.12654824020196,3.43833745078991,8,2003,45,34,12,1,1,0.0853658536585366,0.0838786436644854,1,1,1,1,0.51219512195122,0.48780487804878,-0.0491777774949519
9550,4.54329478227,5,93,TRUE,5,8.83023448184602,9.04570037106662,9.58828350145489,10.1823802362306,3.46625712923835,0,2.12132667479583,2.86971798395112,5.30989580481707,60,2008,82,31,11,5,1,0.182795698924731,0.135160134119551,0.440860215053763,0.273210775812233,1,1,0.010752688172043,0.989247311827957,0.15327752176576
9555,2.77258872223978,7,15,TRUE,7,8.53338046260388,8.79693330987521,8.97659166970019,9.97136533587665,5.14520443674558,5.49306144334055,1.55211147875547,3.13999997540562,2.37657942760024,4,2003,53,49,3,1,1,0.466666666666667,0.44,1,1,1,1,1,0,-0.100554091820222
9561,4.97673374242057,7,144,TRUE,7,8.24131777556266,8.10419896972682,8.56581107814159,8.35704485772833,1.83823955297143,0,2.31061690958164,4.08863612720956,2.57391084473503,164,1977,94,35,17,2,1,0.0902777777777778,0.064525462962963,0.784722222222222,0.662133487654321,1,1,0.416666666666667,0.583333333333333,-0.297301012592432
9566,4.27666611901606,7,71,TRUE,7,8.16128434889825,7.94905267097926,8.28291495975693,8.10936028227841,1.76287658229368,0,1.66975825020585,2.77015502326254,2.76124946701634,24,1989,94,31,12,1,1,0.0985915492957746,0.0934338424915691,1,1,1,1,0.338028169014085,0.661971830985915,0.03261565272159
9570,3.29583686600433,7,26,TRUE,7,6.78245340829765,7.28172453381414,8.64527292716621,8.03231163061201,6.41761981994699,4.20879691309674,1.53154650495619,1.91543329396509,3.81544077289603,99999,99999,99999,99999,10,2,1,0.269230769230769,0.168639053254438,0.923076923076923,0.857988165680474,1,1,0.653846153846154,0.346153846153846,-0.155950965613746
9571,4.87519732320115,7,130,TRUE,7,8.9073202999516,8.64969693775388,9.00306987253395,8.69110974264737,3.09662189424856,3.25064483527019,1.98475114190065,2.42459665735991,3.35474329326641,12,1940,76,36,21,1,1,0.0538461538461538,0.0525443786982249,1,1,1,1,0.515384615384615,0.484615384615385,-0.0164820404943696
9576,4.89783979995091,7,133,TRUE,7,7.99148273132249,7.71154897962915,8.04725282885992,7.69848278788095,2.3801896011986,2.56494935746154,2.13523816882774,2.80790918358353,2.75025071946719,12,1970,83,53,20,1,1,0.0526315789473684,0.0519531912487987,1,1,1,1,0.526315789473684,0.473684210526316,0.0164648545651875
9581,4.66343909411207,7,105,TRUE,7,8.8710027947899,9.47766309218921,8.90663602564312,9.62462183489631,1.54903305275566,0,1.83792779140814,3.11808408713866,2.52948211816974,19,1997,81,28,18,1,1,0.0666666666666667,0.0630385487528345,1,1,1,1,0.333333333333333,0.666666666666667,-0.034662277697375
9598,5.28826703069454,7,197,TRUE,7,7.75636454197058,7.78912324826703,7.90324503008096,8.11377398901499,1.70304871007141,0,1.87857728922456,2.9277728063581,2.83007357541628,22,1996,80,43,18,3,1,0.106598984771574,0.072483186889639,0.522842639593909,0.41214666701023,1,1,0.345177664974619,0.654822335025381,-0.16190857929963
9605,4.66343909411207,7,105,TRUE,7,7.28317979686521,7.07095347772431,7.40726129910932,7.07683960899407,2.79207381512045,2.56494935746154,2.12919910140396,1.54972287681868,3.04850730264587,6,1976,88,40,17,1,1,0.0666666666666667,0.0644897959183673,1,1,1,1,0.542857142857143,0.457142857142857,-0.0582598106902359
9608,4.71849887129509,7,111,TRUE,7,8.14746232272911,8.0519780789023,8.2901342136563,8.07899825868515,2.50161973681937,0,1.85498355701028,2.34582798956737,2.92659385220216,20,1966,95,41,17,1,1,0.0630630630630631,0.0617644671698726,1,1,1,1,0.495495495495495,0.504504504504504,-0.0247652103145099
9615,3.63758615972639,4,37,TRUE,4,7.56079347098569,7.30001355960302,8.11132055460112,7.50218648660292,2.817750734097,0,2.10391148322403,2.07528992504559,3.26525306487719,20,1986,83,38,13,1,1,0.108108108108108,0.0825420014609204,1,1,1,1,0.486486486486487,0.513513513513513,-0.375491135641672
9620,4.39444915467244,7,80,TRUE,7,7.34522311533438,7.20420456737628,7.74344406648109,7.35064330844901,2.84289811036615,2.56494935746154,2.09270373468804,3.04696604952379,3.10068491544207,47,1956,89,34,12,2,1,0.125,0.0925,0.9125,0.8403125,1,1,0.525,0.475,-0.0582370295185996
9623,4.54329478227,7,93,TRUE,7,8.77919902957643,8.9243049430625,8.8252949453349,8.94408574987123,2.34838381128399,0,1.813988958537,2.5594559125053,3.15384591975081,2,1997,49,49,17,1,1,0.0752688172043011,0.0713377269048445,1,1,1,1,0.419354838709677,0.580645161290323,0.0310584341754591
9634,5.68357976733868,7,293,TRUE,7,7.97861479942701,7.8712654182234,8.22388162755251,8.11266564366098,2.41480824939525,0,1.96727823383303,2.89102826436758,3.47074378237695,28,2001,72,49,24,3,1,0.0716723549488055,0.0559703665738681,0.41296928327645,0.343218907616862,1,1,0.426621160409556,0.573378839590444,0.0116363027865023
9635,4.71849887129509,7,111,TRUE,7,8.64826286130673,8.61091301636732,8.76791080078944,8.67310403553077,2.75474788580869,0,1.91882712400905,2.18578369114738,3.19942415202047,23,1989,93,30,18,1,1,0.0630630630630631,0.0611151692232773,1,1,1,1,0.495495495495495,0.504504504504504,0.0303433676713751
9637,0.693147180559945,1,1,FALSE,1,2.484906649788,2.484906649788,11.5129254649702,11.5129254649702,11.5129254649702,11.5129254649702,NA,0,NA,99999,99999,99999,99999,1,1,1,1,1,1,1,1,1,0,1,NA
9648,4.72738781871234,7,112,TRUE,7,7.57139719294774,7.33320998613051,7.69055948624182,7.36176987091822,3.34767420168812,3.49235816005913,2.01632150803229,2.07962931655926,3.21376368544947,15,1985,85,33,20,1,1,0.0625,0.0596301020408163,1,1,1,1,0.625,0.375,-0.0351910459804563
9649,3.95124371858143,5,51,TRUE,5,9.17901568109965,9.57741801967955,9.55326569950404,9.84086027048367,2.48318000224848,0,1.99539835220555,2.52164745245759,4.78235643021232,19,2008,61,27,10,3,1,0.117647058823529,0.101114955786236,0.96078431372549,0.923875432525952,1,1,0,1,0.334511667616292
9657,0.693147180559945,1,1,FALSE,1,6.21660610108486,6.21660610108486,11.5129254649702,11.5129254649702,11.5129254649702,11.5129254649702,NA,0,NA,23,2010,76,45,1,1,1,1,1,1,1,1,1,0,1,NA
9660,4.14313472639153,4,62,TRUE,4,7.80779736112702,8.3264000210665,8.95001006067876,9.19676081289825,4.35524258072415,1.38629436111989,1.80042219268866,2.70677698763407,5.16342000193557,14,2008,76,27,16,2,1,0.0806451612903226,0.0676378772112383,0.919354838709677,0.851716961498439,1,1,0.274193548387097,0.725806451612903,0.103636758809523
9663,1.09861228866811,1,2,FALSE,1,7.73935436585958,7.73935436585958,10.2443507232423,10.2443507232423,6.4775259025243,6.4775259025243,2.9662384108407,2.09744729492147,1.69622364712884,19,2002,80,35,2,1,1,0.5,0.5,1,1,1,1,1,0,NA
9666,4.75359019110636,7,115,TRUE,7,8.34440050470296,8.53742121841321,8.89243581544263,9.18224949180966,3.40175032252057,0,2.02045666497737,2.85399052674715,4.36589688233725,14,2005,67,33,18,2,1,0.0956521739130435,0.0631379962192817,0.939130434782609,0.885671077504726,1,1,0.4,0.6,0.278872479584796
9682,3.09104245335832,2,21,FALSE,2,7.00837621955296,6.65544035036765,7.74599589570938,7.16549347506085,2.33072990616213,0,2.02775714939639,2.22762205452059,3.30495292346163,6,1966,88,49,11,1,1,0.0952380952380952,0.0929705215419501,1,1,1,1,0.428571428571429,0.571428571428571,NA
9683,4.57471097850338,7,96,TRUE,7,8.16461786797297,7.80270427291355,8.61214849123094,8.39697975557038,3.74758024357945,2.56494935746154,1.83544643648416,1.79950283028906,4.2126735401849,29,2005,68,32,16,1,1,0.0729166666666667,0.0685763888888889,1,1,1,1,0.479166666666667,0.520833333333333,-0.0479401412651556
9689,3.46573590279973,2,31,FALSE,2,7.4863487250475,7.65611481437026,8.22569080924301,8.37793112408273,2.15138102058551,0,1.90385893312532,2.73541851022462,2.64612020654954,5,1981,89,38,18,1,1,0.0645161290322581,0.0593132154006243,1,1,1,1,0.451612903225806,0.548387096774194,NA
9692,3.3322045101752,5,27,TRUE,5,6.94834776966338,7.56631101477246,8.78271588866501,7.92637874741365,4.73513055937569,3.2188758248682,1.79495443774767,0.906122490641143,5.04931352964161,14,2008,69,43,9,1,1,0.185185185185185,0.152263374485597,1,1,1,1,0.37037037037037,0.62962962962963,0.603208454359872
9694,4.57471097850338,7,96,TRUE,7,7.41007666494594,6.93828448401696,7.55625521993577,6.93973726954267,2.71921809599969,3.2188758248682,1.88952814215188,1.71420383720927,2.60628477653492,12,1954,94,46,18,1,1,0.0729166666666667,0.0666232638888889,1,1,1,1,0.59375,0.40625,-0.0400558415694617
9717,3.91202300542815,7,49,TRUE,7,8.17425483649619,7.60290046220476,8.34877817532962,7.93506846743242,4.7902142379196,4.29045944114839,2.26941878827696,4.81808026779774,1.67152743964103,8,2001,83,42,7,1,1,0.142857142857143,0.142857142857143,1,1,1,1,1,0,-0.154551917107633
9725,5.26785815906333,7,193,TRUE,7,8.95934267853566,8.92099692019774,9.13598968390184,9.26269275533097,3.58648106373843,3.2188758248682,2.08632753002517,2.78662504672173,3.3297533008384,29,1957,93,44,23,3,1,0.0725388601036269,0.053504792074955,0.740932642487047,0.598056323659696,1,1,0.632124352331606,0.367875647668394,-0.0919744502018337
9726,5.15329159449778,7,172,TRUE,7,8.52531360722374,8.3514674743189,8.39474129450523,8.46591392864565,2.11877569392045,0,2.16243186415426,3.70674622103586,2.92295767932388,30,2002,78,33,19,3,1,0.0930232558139535,0.0643591130340725,0.668604651162791,0.549418604651163,1,1,0.441860465116279,0.558139534883721,0.0455479047531338
9727,4.82028156560504,7,123,TRUE,7,8.95770107472503,8.46851962044955,9.24783366567251,9.35077947632976,3.1339998794501,2.56494935746154,2.39623484994645,2.87911243296829,3.49537928218335,26,1979,57,33,22,2,1,0.0731707317073171,0.0555886046665345,0.967479674796748,0.937074492696147,1,1,0.528455284552846,0.471544715447154,0.0438374881750199
9733,5.66296048013595,7,287,TRUE,7,8.2652306376303,7.58206616519579,8.54271117771606,8.26751570832349,3.01863687206652,2.56494935746154,2.73646459019542,4.37874710310946,3.55094732457495,55,1962,87,35,24,6,1,0.101045296167247,0.0625113817091381,0.477351916376307,0.312508346586701,1,1,0.505226480836237,0.494773519163763,-0.0934251766572886
9753,3.85014760171006,3,46,TRUE,3,6.30547423222069,6.38164850242483,8.04524254771739,7.89243634485984,4.8025875626762,0.549306144334055,1.81151107758612,3.07547128077699,5.51215067492574,58,2009,73,26,14,2,1,0.130434782608696,0.0945179584120983,0.543478260869565,0.503780718336484,1,1,0.239130434782609,0.760869565217391,0.454129022865438
9759,4.69134788222914,7,108,TRUE,7,8.02116916089786,8.50925231926527,8.14711241750324,9.00348040470152,1.53301788223381,0,2.13255511182096,3.50843834488446,2.42580606278676,11,1981,82,48,17,1,1,0.0648148148148148,0.0627572016460905,1,1,1,1,0.351851851851852,0.648148148148148,0.0509259298305179
9761,5.24702407216049,7,189,TRUE,7,8.96582884369452,9.26910255464668,9.32268851738057,9.48607713242256,3.824632602876,3.2188758248682,2.45712307129113,3.56625996375543,3.87667811930794,27,1961,81,38,24,3,1,0.0952380952380952,0.055177626606198,0.724867724867725,0.565297724027883,1,1,0.576719576719577,0.423280423280423,-0.124225865232958
9763,3.58351893845611,7,35,TRUE,7,8.51040682174757,6.72504564689671,8.95963415864652,6.93841056724175,6.17246437313762,4.87519732320115,2.47036390461184,4.62441467232875,2.76807077241982,19,2005,69,42,5,1,1,0.2,0.2,1,1,1,1,1,0,-0.0453544056467065
9765,3.2188758248682,3,24,TRUE,3,8.25006003530384,8.36817967344315,9.35291412053342,9.27967735169216,3.83764182165674,0,1.40894660898346,2.12405071314515,5.54397341445327,22,2010,66,29,8,1,1,0.125,0.125,1,1,1,1,0,1,-0.014831422834171
9780,4.81218435537242,7,122,TRUE,7,8.40290628559428,8.73338128902539,8.5064879923649,9.06453420265648,1.31916956724309,0,2.19719725519678,3.6841991861594,1.93942485364607,12,2000,70,32,17,2,1,0.114754098360656,0.068798710024187,0.885245901639344,0.796828809459823,1,1,0.352459016393443,0.647540983606557,-0.0273346801275673
9794,0.693147180559945,1,1,FALSE,1,2.96784707006446,2.96784707006446,11.5129254649702,11.5129254649702,11.5129254649702,11.5129254649702,NA,0,NA,23,1971,87,38,1,1,1,1,1,1,1,1,1,0,1,NA
9807,4.40671924726425,7,81,TRUE,7,8.32844378526577,8.75951172211649,8.42024270748999,8.65669423019379,1.38824729417839,0,1.40915787808718,1.43743408205629,2.02782279080075,6,1986,93,49,12,1,1,0.0864197530864197,0.0845907636031093,1,1,1,1,0.345679012345679,0.654320987654321,-0.146292784842865
9830,3.52636052461616,4,33,TRUE,4,8.6257249324611,8.73293501742138,10.0628784874338,11.5129254649702,5.93403310362074,4.39444915467244,2.04833673680526,3.09165282891124,5.60169385944294,39,2007,98,46,15,2,1,0.121212121212121,0.0817263544536272,0.96969696969697,0.941230486685032,1,1,0.303030303030303,0.696969696969697,-1.21494057600164
9864,0.693147180559945,1,1,FALSE,1,6.16120732169508,6.16120732169508,11.5129254649702,11.5129254649702,11.5129254649702,11.5129254649702,NA,0,NA,7,2001,64,48,1,1,1,1,1,1,1,1,1,0,1,NA
9891,4.91998092582813,7,136,TRUE,7,8.25675844695343,7.83742718692021,8.59975008015535,8.27883687138553,3.01617684431715,0,2.01745815492573,2.36090020341986,3.74660519453618,37,1980,81,26,18,2,1,0.102941176470588,0.0659602076124567,0.772058823529412,0.648032006920415,1,1,0.441176470588235,0.558823529411765,-0.0473572271495832
9893,3.36729582998647,7,28,TRUE,7,9.16188267820218,9.22925185916958,9.15888574338193,9.12699544868028,5.35130389448768,4.98351278667006,1.27631420305524,2.12582991165729,0.967479767890194,39,2002,72,25,4,1,1,0.25,0.25,1,1,1,1,1,0,-0.0613333181288036
9919,4.36944785246702,7,78,TRUE,7,6.59111128785198,5.82304589548302,6.62198311733988,5.89868214187802,1.88626866697671,0.972955074527657,1.9389784930424,2.97873305825798,2.23280995684871,13,1952,94,43,13,1,1,0.0897435897435897,0.0818540433925049,1,1,1,1,0.5,0.5,-0.0264931621210943
9922,4.60517018598809,6,99,TRUE,6,7.52919077985543,7.00817963180902,8.17065775352462,7.57455848420248,3.48170906291812,2.56494935746154,1.79075286172928,3.03513786942665,4.23098142431564,16,2006,69,31,18,1,1,0.0606060606060606,0.0584634220997857,1,1,1,1,0.454545454545455,0.545454545454545,0.00673264432218518
9924,2.56494935746154,3,12,TRUE,3,6.35814395979495,6.66978503821729,8.09623306078785,8.67306238771737,3.83764182165674,0,2.58360259274842,4.12835761245638,5.66857264406845,13,2009,68,27,4,1,1,0.25,0.25,1,1,1,1,0,1,-0.166635778922235
9936,4.85203026391962,7,127,TRUE,7,8.8710094274617,8.72190878614139,9.06389204743419,8.8972392898382,3.5016533746938,3.2188758248682,2.04653216437995,2.69879256230335,3.50794685488331,6,1981,57,55,22,1,1,0.0551181102362205,0.0528861057722115,1,1,1,1,0.582677165354331,0.417322834645669,-0.0932985994221139
9942,5.09375020080676,7,162,TRUE,7,9.14204554266101,9.49908795115949,9.61955537083492,9.92673477558626,3.5152247070176,2.56494935746154,2.75678839222823,4.70754907510307,3.95184174822649,98,1951,94,26,23,5,1,0.0987654320987654,0.0536503581771071,0.808641975308642,0.667047706142356,1,1,0.487654320987654,0.512345679012346,-0.0668534310098723
9946,2.77258872223978,5,15,TRUE,5,5.36979808361354,5.63657372496275,6.34766982454188,6.17586727010576,2.70852141802384,0,1.03701051519917,1.6395475225556,4.64345673540646,31,2003,73,40,6,1,1,0.266666666666667,0.208888888888889,1,1,1,1,0.333333333333333,0.666666666666667,0.295365611398364
9951,4.21950770517611,7,67,TRUE,7,7.72633468317338,7.57967882309046,8.49460412421676,8.09122941383073,2.67604986769925,0,1.55782339121894,2.57733898267995,4.48205581983588,34,2005,83,33,13,1,1,0.104477611940299,0.0888839385163733,1,1,1,1,0.223880597014925,0.776119402985075,0.0870552804022091
9960,4.46590811865458,5,86,TRUE,5,7.16224445937893,7.12589987672886,8.24446320832124,8.51021443964617,4.55897669032208,0,1.8445226990308,2.43377854426898,5.37921840962948,23,2008,45,27,15,3,1,0.104651162790698,0.0781503515413737,0.651162790697674,0.517577068685776,1,1,0.27906976744186,0.720930232558139,0.262312854286158
9966,4.04305126783455,4,56,TRUE,4,7.08880552162348,7.55624403417465,7.38302535566839,8.06179511404209,1.74495192760376,0,2.13195475312158,2.88890080340795,3.04204757220676,28,1988,76,31,13,2,1,0.142857142857143,0.09375,0.732142857142857,0.607780612244898,1,1,0.285714285714286,0.714285714285714,0.0935219953108499
9969,5.46383180502561,7,235,TRUE,7,9.29720069503498,9.29731499829052,9.42317661951627,9.71293703048878,1.9153642470834,0,2.4064271077906,3.64053651659065,2.98742386779908,16,1998,69,38,20,4,1,0.0765957446808511,0.0561158895427795,0.578723404255319,0.476976007243096,1,1,0.357446808510638,0.642553191489362,-0.152792185598788
9998,5.10594547390058,7,164,TRUE,7,8.2994728491032,8.03849098976475,8.38189176769624,8.13131455575658,1.94316173718507,0,1.97527970412336,2.96355840007949,2.91445134767361,14,1999,83,44,17,3,1,0.109756097560976,0.0763682331945271,0.536585365853659,0.481261154074955,1,1,0.353658536585366,0.646341463414634,0.0122643192858886
