"AGENCY_ID","log_n_train_rows","n_train_years_active","mean_log_wp_train","mean_log_prev_wp_train","mean_log_prev_poly_train","sd_log_wp_train","iqr_log_wp_train","sd_log_prev_poly_train","mean_active_producers_train_clean","n_products_train","n_states_train","product_hhi","state_hhi","pl_share_train","slope_mean_log_wp_by_year","n_train_rows","has_trend_support","n_years_for_trend"
3,5.59842195899838,7,8.6279505465729,8.76074184448355,2.59739667466119,2.09217357125644,2.59223531063735,3.04729545330134,14,21,4,0.0555686073990133,0.415071654620583,0.509293680297398,-0.0389741806365355,269,TRUE,7
11,3.58351893845611,4,6.63985510028577,6.97209924830511,1.00174888288234,1.45019012422269,2.3402255547088,1.73351339245946,56,10,1,0.108571428571429,1,0.257142857142857,-0.365406108424912,35,TRUE,4
12,3.3322045101752,5,7.96458315183509,8.82206974093962,6.28812042592592,2.81376263498842,5.45703005116778,3.31772598571612,29,5,2,0.212620027434842,0.747599451303155,1,-0.184589479149607,27,TRUE,5
14,0.693147180559945,1,7.85399308722424,11.5129254649702,11.5129254649702,0,0,0,15.5,1,1,1,1,0,0,1,FALSE,1
16,4.94875989037817,7,7.68348877238279,7.84397642315541,2.47933406479176,1.85599643330012,2.27697966799272,3.05671666782849,45,19,2,0.0640816326530612,0.64734693877551,0.5,0.0293201690470322,140,TRUE,7
32,4.35670882668959,5,8.07491662941775,8.35484761802769,3.42260212558975,1.87622770195997,2.09801397345162,2.9510530607168,49,18,2,0.0588632147073706,0.901501096306291,0.662337662337662,-0.327524276652621,77,TRUE,5
36,4.30406509320417,7,7.44524663770262,7.55372092792362,0.586978751115442,1.10414309953521,1.92454319826635,1.36366267233105,9,11,1,0.0921373616063051,1,0.164383561643836,-0.0731021003492638,73,TRUE,7
37,2.39789527279837,7,8.010101544521,8.11236495872543,3.88239393959397,0.288883193503325,0.256816236391101,0.707048352144873,15,2,1,0.58,1,1,-0.020889197473665,10,TRUE,7
46,4.87519732320115,7,8.99112537139496,9.09410146985669,2.67383551703302,1.90911370676435,3.05213615810196,2.91844183369656,50,20,1,0.0527810650887574,1,0.515384615384615,-0.0370962364068743,130,TRUE,7
61,3.58351893845611,5,8.69933480555604,9.25277657348966,2.30258509299405,1.53321564364792,2.27727209782011,4.67240250415067,7,7,1,0.142857142857143,1,0,0.103001600763423,35,TRUE,5
84,3.25809653802148,5,7.94678444603094,8.64382281558507,5.61496428585767,2.02774917469867,3.52092801446885,3.36176162845429,17,5,1,0.2,1,1,0.168448466467262,25,TRUE,5
87,4.56434819146784,7,7.78747416647476,7.99101939703737,3.62112796332834,2.05999692601088,1.41293342536272,3.34709112649721,66,21,1,0.0610526315789474,1,0.652631578947368,-0.121794797910121,95,TRUE,7
96,4.43081679884331,7,7.85800750073861,7.99480903481661,1.673850806702,1.32292054906385,1.62661004629286,2.11091837385723,24,12,1,0.0834663957032951,1,0.409638554216867,-0.0946537496943762,83,TRUE,7
102,4.36944785246702,4,7.22296142177043,8.79370321436018,5.47142142072747,2.24541092954918,2.19355037209584,5.17460575692738,13,18,3,0.074293228139382,0.491452991452991,0.435897435897436,0.492967340922519,78,TRUE,4
111,0.693147180559945,1,7.2283884515736,6.50279004591562,0,0,0,0,8,1,1,1,1,0,0,1,FALSE,1
148,4.46590811865458,7,8.20653477526825,8.21724781528501,1.03821224565485,1.53348158160329,2.62094204762694,2.0624238086652,43,16,1,0.0754461871281774,1,0.267441860465116,0.0202091919923652,86,TRUE,7
152,4.84418708645859,7,7.92036331568167,8.02260274901266,2.64361292122317,2.05828332443738,2.47165036967567,3.13844617950523,19,21,1,0.0534139581758629,1,0.5,-0.0767624860520432,126,TRUE,7
153,2.19722457733622,2,8.26239135934445,8.61004042357022,5.02320682683404,2.77473915524521,4.24191499024317,2.09766799460188,5,6,1,0.1875,1,1,0,8,FALSE,2
156,5.28320372873799,7,8.57028741469833,8.6133669254508,1.8702343034277,2.26557284984965,4.04843740101489,2.90039217696077,30,22,4,0.0582049146189088,0.478082049146189,0.372448979591837,-0.0234146704147696,196,TRUE,7
160,0.693147180559945,1,7.80501404652311,9.20265289892803,4.24849524204936,0,0,0,15,1,1,1,1,1,0,1,FALSE,1
163,2.77258872223978,1,7.12524593680176,11.5129254649702,11.5129254649702,2.0883953546235,2.98305756720807,0,14,10,3,0.128888888888889,0.502222222222222,0.666666666666667,0,15,FALSE,1
164,1.6094379124341,1,6.61487315479222,11.5129254649702,11.5129254649702,1.86579879486465,1.27710476071271,0,18,4,1,0.25,1,1,0,4,FALSE,1
166,4.58496747867057,7,9.17081654311085,9.29264786813291,1.10185701796584,1.80985184458448,2.94751306747216,1.9961208389569,40,16,2,0.0702518864916569,0.979594005739186,0.268041237113402,0.058423300474887,97,TRUE,7
173,4.74493212836325,7,8.27404389256257,8.37961932932925,2.47772047614843,2.22150956710536,3.19197574225678,3.09837582699889,10,18,1,0.059248999692213,1,0.464912280701754,-0.0679901299369587,114,TRUE,7
184,5.01727983681492,7,7.73955905833053,7.96456813501895,3.22557975126651,2.30237259911362,2.73076357931045,3.17770367685533,11,20,2,0.0641777777777778,0.642222222222222,0.64,0.012508587985492,150,TRUE,7
188,4.65396035015752,7,7.45561745501874,7.67692493765378,2.9012991778412,2.34269604345412,2.17671188718782,3.01383077104919,12,18,1,0.0606508875739645,1,0.605769230769231,-0.161216057281747,104,TRUE,7
204,4.66343909411207,7,8.06767532458777,8.11279928907597,1.86056161728931,1.79808444706586,2.41631584682065,2.59869311848905,4,16,1,0.065578231292517,1,0.4,0.0205484814191057,105,TRUE,7
242,4.83628190695148,7,8.67076475488791,8.75807843169125,2.68564285217312,2.14724273062802,2.80092557072749,3.14108120755572,18,20,1,0.054208,1,0.496,0.0374525693742292,125,TRUE,7
245,5.09375020080676,7,8.4781263589091,8.7517731554299,0.714981454810664,2.3330247621378,3.57054304452122,2.00562365964945,98,14,4,0.0852766346593507,0.380506020423716,0.141975308641975,-0.250784577553199,162,TRUE,7
251,4.12713438504509,6,7.76107066770674,7.97333702572316,1.70185794842215,2.0365332434479,3.13129848532335,2.73399593600551,14,14,1,0.0782047836603064,1,0.377049180327869,0.077560388680566,61,TRUE,6
263,4.58496747867057,7,7.52271638257066,7.71354973387704,1.72258838785342,2.20556142022717,3.48693684192913,2.63386754438018,16,16,2,0.0717398235731746,0.831650547348284,0.350515463917526,-0.0886730537856669,97,TRUE,7
291,2.39789527279837,6,6.89055498219676,7.36310326857017,3.74196106137626,1.12758746786367,1.55624159129674,0.656981235399091,15.5,2,1,0.52,1,1,-0.477945425147354,10,TRUE,6
292,4.38202663467388,6,7.5518813466942,7.87595898866902,1.84423281732992,1.96938357187723,3.30305921090744,2.30582059106498,24,16,1,0.064252523634033,1,0.443037974683544,-0.226993834863948,79,TRUE,6
294,4.53259949315326,7,8.39046786283483,8.37042262253168,1.76248794507427,1.74671808026518,2.71451569529404,2.88123504752374,9,17,1,0.070179584120983,1,0.33695652173913,0.0348445790918715,92,TRUE,7
301,4.55387689160054,7,7.45159000908194,7.95798114769129,2.83486632587374,2.06775191467638,2.5869663668135,3.88854655814601,17,20,1,0.0613399728383884,1,0.468085106382979,0.000664720499430835,94,TRUE,7
307,3.29583686600433,7,7.76265827969177,9.71111608737941,7.57581148011915,1.33401986706951,1.73397854295796,3.77916027328346,15.5,14,1,0.162721893491124,1,0.653846153846154,-0.291193733094882,26,TRUE,7
313,2.19722457733622,4,6.17725348284496,7.46900652597913,2.87823136624256,0.828604289675057,1.4927624113571,5.32944890132634,5,2,1,0.5,1,0,0.159548664282218,8,TRUE,4
326,4.56434819146784,7,7.58889496658305,7.68748079049596,2.9325798488734,2.0108991042508,2.81003682679493,3.05718639017378,4,17,1,0.0692520775623269,1,0.6,0.128597326437858,95,TRUE,7
330,2.77258872223978,1,8.33325902976751,11.5129254649702,11.5129254649702,1.95026489685388,2.67398257847741,0,26,9,2,0.12,0.502222222222222,0,0,15,FALSE,1
348,0.693147180559945,1,4.84055846371874,11.5129254649702,11.5129254649702,0,0,0,15.5,1,1,1,1,0,0,1,FALSE,1
351,4.63472898822964,6,7.15431610405852,8.32978077840923,4.76222068331698,1.98199313702267,2.94978033656112,4.64358402209759,15,19,2,0.0718954248366013,0.620146097654748,0.53921568627451,0.135770810527479,102,TRUE,6
372,4.24849524204936,6,6.06799450660781,7.177971249629,3.37968792981935,1.51700333238715,2.15259242331545,4.20523481032907,4,13,1,0.079605124973745,1,0.507246376811594,-0.0152286489745695,69,TRUE,6
375,4.85981240436167,7,8.9608374512527,9.13088641760797,3.08357085753477,1.99772527086225,2.67576390550146,3.39270832064559,26,22,1,0.052490234375,1,0.515625,0.00623347081739869,128,TRUE,7
390,2.07944154167984,1,6.02290869653131,6.99827577863444,1.8533825338583,1.92927387890077,2.07387975704085,2.07709502233065,22,7,1,0.142857142857143,1,0.571428571428571,0,7,FALSE,1
401,4.20469261939097,7,8.05263704383611,8.00500869733144,2.61325744108172,2.19763038237987,3.01865200456422,2.85160043026006,11,11,1,0.0955004591368228,1,0.53030303030303,-0.0735800064324768,66,TRUE,7
426,2.39789527279837,6,5.98564034376368,6.28839965715867,2.87580177512539,0.962748578784135,1.94630521940531,0.404503662908828,15.5,2,1,0.52,1,1,-0.384439418596747,10,TRUE,6
448,4.14313472639153,7,9.12300535488241,9.30378835826005,0.371384692418394,1.30869277152658,1.8051237474615,2.05076338029154,17,10,1,0.106659729448491,1,0,-0.0550637597917639,62,TRUE,7
456,5.37989735354046,7,8.02558093912104,8.0889936575498,2.23037082991214,2.19460063107649,2.62475902196222,2.76543143874513,18,20,3,0.0637431412894376,0.428369341563786,0.472222222222222,-0.0268184231191263,216,TRUE,7
457,4.02535169073515,5,7.15527644505524,7.76523133756648,2.23881444713453,2.01823684702103,3.06259567010394,3.6686786342242,12,13,1,0.0790082644628099,1,0.363636363636364,-0.503297232933252,55,TRUE,5
462,2.07944154167984,7,6.91257057737668,6.82219260500391,3.24007868274224,0.133536180145181,0.146167133608939,0.0560974890185551,15.5,1,1,1,1,1,0.0610142888037046,7,TRUE,7
469,5.41164605185504,7,8.24743527872211,8.34857528468175,2.80889874823126,2.03200956767631,2.42563642791158,2.97999415877153,69,20,3,0.0566872448671801,0.496993705885902,0.542600896860987,-0.014720427414982,223,TRUE,7
470,5.27811465923052,7,8.50125268290421,8.72555562903916,2.471242139757,2.56815732102978,4.44258910173176,3.02046856419992,10,22,4,0.0542537804076266,0.570545693622617,0.507692307692308,-0.072269057841288,195,TRUE,7
477,1.94591014905531,1,8.49804823833238,11.5129254649702,11.5129254649702,1.08968107903784,1.45910036271784,0,8,6,1,0.166666666666667,1,0,0,6,FALSE,1
483,4.90527477843843,7,8.83783495442178,8.98768052081116,3.01384843452902,2.12271527756586,2.5018585474532,3.32057675823018,19,22,1,0.0506794386277567,1,0.529850746268657,-0.107202266589348,134,TRUE,7
506,4.34380542185368,6,7.89680483919403,8.58379127595491,3.37866242484091,1.91464618288774,2.83440904239635,4.71523189220823,21,18,1,0.0630193905817174,1,0.315789473684211,-0.0568212465519896,76,TRUE,6
507,4.76217393479776,7,8.87878738188915,9.12299104632159,2.01092224281921,2.18167572866286,3.57494411131195,2.90686972095092,16,19,2,0.058858501783591,0.982907253269917,0.387931034482759,-0.124113121774476,116,TRUE,7
512,4.75359019110636,7,8.21440073914037,8.50478762111949,3.15238991893442,2.10432641734609,2.18565386024937,3.37994068833165,12,21,1,0.0573913043478261,1,0.521739130434783,-0.0518020211127752,115,TRUE,7
526,1.79175946922805,2,6.73825177109046,9.53778152016928,7.82878931617976,1.4406907958154,2.78206978754061,5.08614837406023,7,3,1,0.36,1,1,0,5,FALSE,2
541,4.7361984483945,7,7.56702597934424,7.68508068886876,2.17732688371412,1.50665166946732,2.27397022513844,2.3670962538342,20,15,2,0.0776098363223432,0.744380922546793,0.504424778761062,-0.024715391053406,113,TRUE,7
548,1.09861228866811,2,7.31784264868714,5.75646273248511,5.75646273248511,1.81475113152208,1.28322283126523,8.14086766757574,11,1,1,1,1,0,0,2,FALSE,2
553,4.75359019110636,7,9.11628348315102,9.21817034617617,1.79252173060015,2.19632596908035,3.95717132908515,2.86760054942137,20,19,3,0.0616257088846881,0.916219281663516,0.347826086956522,-0.00152248477078948,115,TRUE,7
562,5.40267738187228,7,8.85004174727863,9.11898176502096,2.47875152922607,2.57271067172514,3.44544358786912,3.45389995464553,22,21,4,0.0587006818042219,0.461067545709547,0.384615384615385,-0.122574563850302,221,TRUE,7
563,4.64439089914137,7,7.08988340953399,7.33317170372268,2.21348044517059,2.06984641440843,3.01348396118236,2.43909273577177,8,18,1,0.0628711471392214,1,0.533980582524272,-0.0185362286411495,103,TRUE,7
564,4.12713438504509,7,7.10692449843687,7.25277121560852,2.57261839059625,2.38052579851138,3.05597682478598,2.92035272487268,15,9,1,0.111529158828272,1,0.540983606557377,-0.0504046763739009,61,TRUE,7
578,4.58496747867057,7,8.02595149039957,8.03247163681745,4.08236720889368,1.96694497752117,1.31451840638289,2.71824068313521,15,16,2,0.0783292592198958,0.866085662663407,0.793814432989691,0.0632080839103526,97,TRUE,7
581,3.2188758248682,7,7.2564483970313,8.11136484044336,4.41934424813831,2.32647521045472,1.71262461545194,4.23414310029764,28,6,1,0.215277777777778,1,0.541666666666667,0.0306989717382056,24,TRUE,7
586,4.91998092582813,7,9.17909857616761,9.33067865836376,3.57941477630994,2.31312458076494,2.12081243782292,3.77966973276283,22,23,1,0.049848615916955,1,0.536764705882353,-0.0806999376342679,136,TRUE,7
599,3.93182563272433,7,7.8435626660622,8.1317714406061,4.65032006113405,2.53074554416324,4.8452906023481,2.2171783920459,6,8,1,0.1376,1,1,-0.098672571355692,50,TRUE,7
604,5.68697535633982,7,8.30445186680699,8.4522601931328,2.39082976507366,2.29342901096576,3.21377724438575,3.32082925572108,34,22,5,0.0618260909806099,0.307719005969735,0.401360544217687,-0.0304869080252278,294,TRUE,7
609,1.79175946922805,1,8.46421159900042,11.5129254649702,11.5129254649702,2.10918183601799,2.18376638148671,0,10,5,1,0.2,1,1,0,5,FALSE,1
620,3.98898404656427,7,6.21901505749856,5.81404435826781,3.9215886703714,1.81662191950797,3.07812360416149,4.43162902187287,15.5,16,2,0.0836596653613386,0.829120683517266,0.528301886792453,0.0693510903206174,53,TRUE,7
625,1.94591014905531,3,5.80714260758566,8.57708158589044,5.81328383031355,2.63622325227235,1.13795362048639,4.4208299471577,5,2,1,0.5,1,1,-1.91362058603044,6,TRUE,3
626,4.74493212836325,7,7.21440433346595,7.20824686813401,2.69249447920367,1.89737940496585,2.66978624414937,2.19689360954731,31,13,2,0.0854108956602031,0.629424438288704,0.692982456140351,0.0208541908516015,114,TRUE,7
633,3.76120011569356,6,7.33226705285808,8.22640966447466,2.46705545677933,1.55862155812119,2.46834897194564,4.78131486286245,14,9,1,0.131519274376417,1,0.0476190476190476,0.437579298985397,42,TRUE,6
643,4.84418708645859,7,7.46833204181336,7.66521359432007,2.95117081676334,1.91684277342625,2.04380913828963,2.77821666483035,14,19,2,0.0686570924666163,0.711766187956664,0.650793650793651,-0.144761718523342,126,TRUE,7
650,4.969813299576,7,8.82594675868064,9.0509880098813,3.2677811799706,2.19736041713026,2.52528945190037,3.44728668947857,11,24,2,0.0494400704190914,0.94562081275368,0.531468531468531,-0.0601552434267896,143,TRUE,7
652,3.52636052461616,4,8.2730172330973,9.49112003043787,4.69342323643097,1.81491625602446,3.52417040110295,5.61899949860948,104,13,1,0.0853994490358127,1,0.181818181818182,1.07311790608266,33,TRUE,4
663,4.00733318523247,4,6.8204687321499,8.77305599183857,5.52276374529148,1.7255499077714,2.48658447438983,5.34397347497857,22,12,3,0.107681755829904,0.445130315500686,0.314814814814815,0.455930169873716,54,TRUE,4
668,4.07753744390572,6,8.11465526351735,8.81670652905807,3.23457649694308,1.98909981110594,3.0937356981708,4.65516054269108,41,14,1,0.079667063020214,1,0.327586206896552,-0.0537752490843051,58,TRUE,6
678,4.36944785246702,6,8.89827841972541,9.58640645998514,4.00565341802366,2.27442996499966,4.06322058509537,4.56767921539769,29,13,2,0.0775805391190007,0.92603550295858,0.384615384615385,-0.176240382178686,78,TRUE,6
683,4.64439089914137,7,9.16538148055565,9.37165036030359,2.03755556288573,2.15196979050246,3.48260331791475,3.15305955717589,96,17,2,0.0655104156847959,0.980771043453671,0.339805825242718,-0.0474341431343393,103,TRUE,7
684,4.68213122712422,7,8.27830280292062,8.37168373532953,2.11662314135401,1.82827130583833,2.387783002184,2.99466520728276,3,18,1,0.0626255568171893,1,0.392523364485981,0.0252429678338115,107,TRUE,7
685,2.56494935746154,2,5.72996578326099,7.74188702093393,4.39212475577742,2.1154165526481,2.21438372108573,4.04521114713061,18,12,2,0.0833333333333333,0.722222222222222,0.583333333333333,0,12,FALSE,2
690,4.92725368515721,7,8.88209355169373,9.02963895871627,2.80402680647255,1.95573700158881,2.71089400374769,2.90358209189344,36,20,2,0.0527998295061005,0.94331077841121,0.54014598540146,-0.100164561758137,137,TRUE,7
692,4.77068462446567,7,8.017319805899,8.23993894641977,2.76503805351095,1.88176538793144,2.00734425571541,3.2777707649313,28,20,1,0.0569070056249543,1,0.478632478632479,-0.0327442745598484,117,TRUE,7
693,4.87519732320115,7,9.06423841939653,9.33375227838885,2.92748896312334,2.12020299736688,2.83154496751084,3.19827827786314,59,19,2,0.0536094674556213,0.984733727810651,0.507692307692308,-0.267887843412353,130,TRUE,7
702,2.70805020110221,6,6.0503736060765,6.1313202137271,2.48760703616068,2.31343551643519,2.50451918758272,1.88603163588461,15.5,8,2,0.285714285714286,0.755102040816326,0.785714285714286,0.100816776464617,14,TRUE,6
703,4.33073334028633,6,7.53480171552654,8.52683273668959,4.88788991394627,2.12932793218284,2.18176008444198,4.29002965216015,24,14,2,0.0826666666666667,0.809422222222222,0.613333333333333,-0.158512982308163,75,TRUE,6
716,4.36944785246702,7,8.24899354813852,8.57937015222056,1.47656719080291,1.56958120288194,2.27127069261969,3.47701145263375,25,11,3,0.0913872452333991,0.856344510190664,0.0897435897435897,-0.0915990573943552,78,TRUE,7
726,4.23410650459726,7,7.55136951468265,7.64519240024799,2.09433633565744,1.7595863637503,2.502623844489,2.37748332530292,6,11,1,0.0990484429065744,1,0.485294117647059,0.048229863101379,68,TRUE,7
754,0.693147180559945,1,4.26267987704132,11.5129254649702,11.5129254649702,0,0,0,48,1,1,1,1,0,0,1,FALSE,1
756,1.09861228866811,1,4.13968036720777,11.5129254649702,11.5129254649702,0.173349893665892,0.12257688532912,0,12,2,1,0.5,1,0,0,2,FALSE,1
770,4.60517018598809,7,7.73488173992477,8.00364231197491,3.33488210197202,2.0262787805586,2.48448691169768,3.48842911243111,12,19,1,0.0645852464034282,1,0.575757575757576,0.0492023478140783,99,TRUE,7
772,5.3890717298165,7,8.37641068223441,8.89387143294472,2.90548094741814,2.75885280399448,3.68025556037365,4.08490019944945,301,21,6,0.0648514434811885,0.363058665095531,0.311926605504587,-0.0509196925013181,218,TRUE,7
778,4.24849524204936,7,8.60755566987823,8.72322220833626,0.499533584144496,1.49024018276798,1.51876799442519,1.69545762509677,38,11,1,0.0980886368409998,1,0.115942028985507,-0.0742389998266507,69,TRUE,7
780,3.97029191355212,7,6.42873250347639,6.92197540988518,2.33270462365521,1.94165416130127,3.38424608243237,3.09707047189281,22,10,1,0.11094674556213,1,0.461538461538462,-0.0981539683605181,52,TRUE,7
787,3.09104245335832,5,6.32305103431417,5.39039045276071,0.548234545950963,1.86709365752057,2.31437103521313,2.51232630541003,21,9,1,0.151927437641723,1,0,0.265900303158561,21,TRUE,5
791,5.04342511691925,7,8.62485505999254,9.06644227432111,2.59891733615888,2.30193620328194,3.41278360778523,4.15656697460336,12,16,3,0.0764884466183167,0.443329397874852,0.292207792207792,-0.11193643366042,154,TRUE,7
803,4.35670882668959,7,7.81625289396404,8.40993129415052,3.65040296619549,1.74730163273972,2.79166862750523,4.12228056668947,11,13,1,0.0834879406307978,1,0.519480519480519,0.123232213135696,77,TRUE,7
805,4.26267987704132,6,6.58451970631216,7.70241653794463,3.81021372257657,1.721141953853,1.86425172765449,4.67716612586669,11,15,2,0.0861224489795918,0.775918367346939,0.442857142857143,-0.0104830225342744,70,TRUE,6
806,4.95582705760126,7,7.97436450077296,8.07679244897429,2.65813695662008,2.15992721721781,2.32256289529724,2.94508542353565,12,22,2,0.0493435943866003,0.972033599919521,0.539007092198582,-0.0696561017256813,141,TRUE,7
808,3.93182563272433,7,7.84785256415985,8.4060894912233,5.03983968961692,2.37778704617454,4.56075549237929,2.97756433162158,11,8,2,0.1672,0.7592,0.94,-0.187626014884524,50,TRUE,7
810,4.63472898822964,7,7.94770969325237,7.97477644795689,2.05680181028334,1.84225452518532,2.48233701829336,2.53674459282289,12,16,1,0.0647827758554402,1,0.480392156862745,-0.0422672434064079,102,TRUE,7
811,5.71373280550937,7,8.25825024698375,8.41060419677802,2.31574760491101,2.08771851541784,2.91390816363442,3.14268244543166,91,21,4,0.0577825533967808,0.342901627121617,0.427152317880795,0.0419748178092824,302,TRUE,7
817,4.57471097850338,7,8.19909946481087,8.27438009581025,3.0162978593545,1.74063015615121,1.23493115300947,2.78375214110398,9,15,1,0.0705295138888889,1,0.604166666666667,-0.00631271096530425,96,TRUE,7
831,1.38629436111989,1,5.60670053759616,11.5129254649702,11.5129254649702,1.89579512525664,1.89441021064229,0,22,3,1,0.333333333333333,1,1,0,3,FALSE,1
834,4.9416424226093,7,8.3109271466025,8.52198437340183,3.03865245149533,2.3402016332338,3.04383318163692,3.15399000402809,9,23,1,0.0488069975674137,1,0.575539568345324,-0.075051533309349,139,TRUE,7
847,4.54329478227,7,8.42428047391214,8.51690475310688,1.37573346985822,1.39846742326137,2.06194864431545,2.40130194496406,12,15,1,0.0720314487223957,1,0.290322580645161,-0.00797516989245541,93,TRUE,7
851,3.73766961828337,5,7.29240684726972,7.66448340554652,2.00186837293551,1.54946318646652,2.44619602107655,3.18806731819837,8,12,1,0.0945865556216538,1,0.317073170731707,-0.00269288923382016,41,TRUE,5
859,4.78749174278205,7,8.90330959041198,8.90124080372155,2.22274262919287,2.07192646870063,3.15015982159597,2.85420339984109,67,18,1,0.0579761316291222,1,0.420168067226891,0.0179026024128682,119,TRUE,7
864,4.31748811353631,7,7.79260093242258,8.15519715070481,2.46831126849202,2.07860115925605,3.36404378889659,3.64769802520932,4,15,1,0.0814463111760409,1,0.391891891891892,-0.0756671442267715,74,TRUE,7
865,4.06044301054642,2,8.07717820002839,7.69928591797497,0.992805444373179,2.29121293033293,3.05378990805903,1.96297647279013,24,15,4,0.0834102800861804,0.354262850107725,0.228070175438596,0,57,FALSE,2
877,5.26785815906333,7,7.81046386103514,7.84121559729867,2.70608783930668,2.12018033299238,3.14407166210354,2.88568561007625,19,21,3,0.0689682944508577,0.437729871942871,0.559585492227979,-0.00811228917233709,193,TRUE,7
884,4.90527477843843,7,7.93752408293875,8.31043416612779,2.73741300518067,1.61008237440867,2.17931168926278,3.55035436985155,11,22,2,0.0566941412341279,0.812875918912898,0.5,0.0324679198272442,134,TRUE,7
885,4.53259949315326,7,7.98623715486383,8.12940295693243,2.07655667227264,1.78456237050198,2.59061904484566,3.47177648294883,6,17,1,0.0697069943289225,1,0.326086956521739,0.0219578139499651,92,TRUE,7
886,5.4510384535657,7,9.04550116659271,9.17442803073934,3.11940261392358,2.3668593037519,3.75069592325561,3.39097768341391,28,23,2,0.0527645659928656,0.521403091557669,0.525862068965517,-0.0188321800353964,232,TRUE,7
891,1.09861228866811,2,7.9053347972654,8.15885220035511,2.8518912373281,0.561082180354908,0.39674501453189,0.518994580881106,9,1,1,1,1,1,0,2,FALSE,2
897,4.77068462446567,7,8.28816797560986,8.42671632787358,2.33654209528535,2.08846467636413,3.17958772618465,2.8980647071114,29,18,1,0.0585141354372124,1,0.461538461538462,-0.0807001980132051,117,TRUE,7
915,4.89034912822175,7,7.94346525739816,8.03997032716138,2.47112740138436,1.96120699257677,2.53122078104201,2.7467211876562,19,19,2,0.0643939393939394,0.692952249770431,0.522727272727273,0.0252821450004349,132,TRUE,7
928,4.29045944114839,7,7.09053083695613,7.21248175742542,2.09557048898482,2.00748171284175,1.4538899462003,2.93034039965788,9,13,1,0.0910493827160494,1,0.402777777777778,-0.0232474740423681,72,TRUE,7
949,4.85203026391962,7,8.20334328227226,8.35198296338734,3.26435740755684,1.86475593598046,1.84801447484028,3.24247612775756,8,22,1,0.0528861057722115,1,0.582677165354331,0.0333988388661102,127,TRUE,7
955,4.45434729625351,7,6.73077068233792,6.87620612557055,1.10951375903362,1.385755174162,1.85365385314031,1.77321998138372,11,11,2,0.0961937716262976,0.757508650519031,0.305882352941176,0.0277163050743343,85,TRUE,7
972,5.00394630594546,7,7.48835851594708,7.60295395740966,2.48635129854657,2.12421849296054,2.90624050810605,2.86187512735998,16,17,2,0.0693024105186267,0.587746530314098,0.52027027027027,-0.0474206481774309,148,TRUE,7
976,2.19722457733622,1,5.9372261537284,11.5129254649702,11.5129254649702,1.63543060856458,2.48565125115096,0,58,8,1,0.125,1,0.25,0,8,FALSE,1
983,5.43372200355424,7,8.4317577843619,8.74532966557808,1.37302230147665,2.025129096726,2.59836038871693,2.78334356635702,52,17,4,0.0718682671591259,0.358995075407818,0.236842105263158,-0.124154026558167,228,TRUE,7
993,4.18965474202643,7,7.46212828107052,8.03050890139331,4.80884716764147,2.22859282198096,2.94554114405738,2.49560907044388,47,14,1,0.0977514792899408,1,0.923076923076923,-0.15013358810633,65,TRUE,7
1009,4.75359019110636,7,9.46402548369104,9.4041536704593,1.51916055962668,2.43114068557974,3.44160044757815,2.8704082228478,20,17,2,0.0729678638941399,0.786162570888469,0.269565217391304,-0.0157664854315445,115,TRUE,7
1010,4.38202663467388,7,7.6336659668996,7.84468896430919,2.29098377302129,1.51157414782645,1.94707466604183,2.8046699519536,12,13,1,0.0866848261496555,1,0.468354430379747,-0.103624651830614,79,TRUE,7
1020,3.36729582998647,7,6.75928432734466,6.97807195257305,3.20138745350545,2.21448840520051,3.66725879669768,1.97785936716838,10,9,1,0.165816326530612,1,0.857142857142857,0.296725341536507,28,TRUE,7
1022,3.58351893845611,4,9.68068512040481,10.1274462583005,3.61834800327636,1.81331947665653,2.59008142188337,5.42268248366246,16,9,2,0.113469387755102,0.892244897959184,0,0.897092635312902,35,TRUE,4
1031,1.38629436111989,1,6.23232698350616,7.99818625276406,4.69807375257565,3.18298965186945,3.11866627327694,1.76609020037369,32,3,1,0.333333333333333,1,1,0,3,FALSE,1
1049,4.61512051684126,7,7.4234054536675,7.39056639091472,2.0189479841119,1.62024461796381,2.51307469427433,2.52708722220789,13,14,3,0.0892,0.6762,0.52,0.100589990544768,100,TRUE,7
1057,4.52178857704904,7,8.39288080359334,8.37496322663481,0.619250648404495,1.85798852041768,2.78512018621009,1.14302008546099,18,13,1,0.0769230769230769,1,0.230769230769231,0.0270468437692288,91,TRUE,7
1062,4.35670882668959,7,6.66023220371981,6.94041459754567,2.08486183624535,1.5018005778395,1.61015450150095,2.79215072156318,21,13,1,0.0824759655928487,1,0.454545454545455,-0.0212183097786351,77,TRUE,7
1074,2.19722457733622,1,8.62671125599126,11.5129254649702,11.5129254649702,1.73267372399681,2.76222237821719,0,18,8,1,0.125,1,0,0,8,FALSE,1
1075,0.693147180559945,1,8.10638181746315,11.5129254649702,11.5129254649702,0,0,0,4,1,1,1,1,1,0,1,FALSE,1
1079,4.71849887129509,7,8.6706389583932,8.62658971360912,1.39320309091779,2.09289689804816,3.88432876913525,2.44567637727361,29,18,2,0.0645239834429024,0.881827773719666,0.315315315315315,0.179919383466813,111,TRUE,7
1100,4.4188406077966,7,7.26334172445242,7.56703006361622,3.78276331110221,2.65068689314392,3.02265153717681,3.304549234409,14,15,3,0.0865556216537775,0.88429506246282,0.670731707317073,0.0811128943289188,82,TRUE,7
1102,3.55534806148941,4,8.00511502109426,9.11232973632932,3.72477000337272,1.12904768734884,1.59361023555843,5.46700568071691,21,11,1,0.107266435986159,1,0.0882352941176471,0.158029133340163,34,TRUE,4
1126,4.76217393479776,7,7.59402178833743,7.645568160714,2.71401636844217,2.18574966727862,2.54447859811848,2.99263635863508,5,18,1,0.0590071343638526,1,0.517241379310345,0.0463161117774884,116,TRUE,7
1135,4.40671924726425,7,8.77597678952956,9.16201046071838,1.25967010310631,1.45719386710389,2.30172442914228,2.81133320625966,42,12,2,0.0879439109891785,0.906111873190063,0.172839506172839,-0.0448152291027788,81,TRUE,7
1136,4.62497281328427,7,7.45833806816679,7.53908513075566,2.4260223390877,2.11812207031076,2.59717870947439,2.85919864784199,25,17,1,0.0653857464954416,1,0.514851485148515,0.0745849778297993,101,TRUE,7
1162,5.57215403217776,7,7.45280744361507,7.63923781933621,3.06132906945214,2.35205557606837,3.7452281274039,3.04937756583321,21,22,3,0.0577472175281161,0.383835440825127,0.614503816793893,0.0387136773870594,262,TRUE,7
1163,3.63758615972639,7,6.38145569525783,7.22989190257744,3.10684836439963,1.56210515671884,1.38741215720564,4.26214836180827,14,7,2,0.14682249817385,0.56172388604821,0.486486486486487,0.117326820010235,37,TRUE,7
1170,3.97029191355212,7,7.77662662520561,8.03391132985202,1.78629989830975,1.3187129536945,2.00572030390267,3.71473099204708,14,11,1,0.100591715976331,1,0.211538461538462,0.161201384692555,52,TRUE,7
1183,3.87120101090789,6,7.62797580058322,8.51316743440133,2.44955860956813,1.42602164038771,1.77573414095997,4.7627601393731,26,10,1,0.110004526935265,1,0,-0.0168039202275102,47,TRUE,6
1184,1.79175946922805,2,7.05772763195657,9.40662163027478,7.62445906667336,0.810947718252521,1.22877273896304,5.32450190112016,31,3,1,0.36,1,1,0,5,FALSE,2
1186,2.94443897916644,3,7.69433321376927,8.87993521609387,3.83764182165674,1.03366664723338,1.18953666155226,5.58458914728654,30,6,1,0.166666666666667,1,0,0.230999358093131,18,TRUE,3
1189,4.95582705760126,7,7.85748345109314,8.18951169883376,2.83191023428037,2.27244437292094,2.1921521909719,3.37662563736961,34,18,3,0.06513756853277,0.653940948644434,0.475177304964539,-0.198183974013436,141,TRUE,7
1191,4.70048036579242,7,8.03023199445697,8.16800346238048,3.2268633328913,2.10843678899187,1.94004192166072,3.38183054827318,26,19,1,0.060685127514519,1,0.541284403669725,-0.0627469335732044,109,TRUE,7
1193,4.81218435537242,7,8.30535201097373,8.50145404700571,2.80633273193375,2.03638726304626,2.28619047804399,3.4596928639392,4,22,3,0.0563020693361999,0.920854608976082,0.459016393442623,-0.107336916542243,122,TRUE,7
1207,4.85203026391962,7,7.91385722111351,7.99407100374191,2.81329556927203,2.31472583626008,2.65682285831937,3.01485480844653,3,20,1,0.054002108004216,1,0.559055118110236,0.0156228641791674,127,TRUE,7
1210,4.85203026391962,7,7.88676212096158,7.8021808234886,2.11061754281867,1.85058393778543,2.93400353546202,3.60113232752858,37,15,2,0.0905821811643623,0.516399032798066,0.299212598425197,0.154003867076051,127,TRUE,7
1214,3.25809653802148,3,8.66586863303207,9.46409731076741,4.60517018598809,1.77176679177443,2.96671949889581,5.75646273248511,10,10,1,0.1104,1,0,1.2582255439665,25,TRUE,3
1246,4.59511985013459,6,7.89974940161481,8.54209715486142,2.58879856614483,1.72033946308721,3.01679701141987,3.88776623715333,13,17,3,0.070387338608913,0.698250728862974,0.36734693877551,-0.132987614840908,98,TRUE,6
1247,4.31748811353631,5,8.13095080364693,9.08707033522562,3.11160147701898,2.61027242254746,4.47339155578616,5.14778358690708,10,10,5,0.118334550766983,0.451789627465303,0,0.230707467352338,74,TRUE,5
1262,5.04342511691925,7,8.98350484673964,9.34827109998386,3.35976872899989,2.43319070265282,3.52028685734411,3.96284932785228,16,24,4,0.0564176083656603,0.701214370045539,0.474025974025974,0.00462627915608302,154,TRUE,7
1286,4.77068462446567,7,7.63683012059936,7.67392462895051,1.82584885332433,2.01833306807114,3.48459902984815,2.36108749714385,12,19,1,0.0563225947841332,1,0.452991452991453,-0.177765409854194,117,TRUE,7
1296,4.14313472639153,7,7.24531454689151,7.54646517265271,2.27318559408578,1.6317965724219,2.7840150847041,2.7409754670279,20,12,1,0.0993756503642039,1,0.5,0.00563921567518932,62,TRUE,7
1297,4.72738781871234,7,9.29379463568699,9.45800840989647,2.81633153767684,1.85984334932702,2.28025828392157,3.80235516059107,29,20,1,0.0577168367346939,1,0.446428571428571,0.0752328192128537,112,TRUE,7
1299,0.693147180559945,1,4.22624963310204,11.5129254649702,11.5129254649702,0,0,0,9,1,1,1,1,0,0,1,FALSE,1
1315,5.4249500174814,7,8.37963687199839,8.77194184332614,2.83073278617467,2.3269454322607,3.69667858626683,3.81933735188172,83,23,4,0.0577962252329861,0.405748296655964,0.380530973451327,-0.117621819459678,226,TRUE,7
1342,3.63758615972639,5,6.34568500198287,6.87387188496689,1.40868943054776,1.41632496361612,1.83166300931125,1.99582298798232,18,10,1,0.111760409057706,1,0.351351351351351,-0.0957353982320038,37,TRUE,5
1348,1.38629436111989,1,8.27102659793448,8.26389067458033,4.82362980338312,1.88371702295832,1.80112042391336,1.39378058882454,8,3,1,0.333333333333333,1,1,0,3,FALSE,1
1360,2.99573227355399,2,8.7999531832447,10.2000539958092,6.05943445524749,1.3985479195469,2.11750934106351,5.90600614811468,26,10,1,0.102493074792244,1,0,0,19,FALSE,2
1378,4.80402104473326,7,8.44967815007234,8.62214319070281,2.45654174221292,2.19682088657752,3.70409558601999,3.00281806346711,43,20,1,0.0553923912301072,1,0.479338842975207,-0.0527373877782988,121,TRUE,7
1395,1.94591014905531,6,7.13278355699489,7.24008806709308,3.09599114547725,0.355409098580056,0.544374216269194,0.262285512718534,19,1,1,1,1,1,-0.160384779444583,6,TRUE,6
1407,1.38629436111989,2,8.20210047487042,10.5488829655347,9.0170675402252,1.15246574882729,1.0939362915612,4.32295273413181,50,2,1,0.555555555555556,1,1,0,3,FALSE,2
1411,2.39789527279837,5,6.72340587360604,8.38468423729238,4.98985845631376,1.70761563095448,2.03333460452885,4.54665173051882,13,3,1,0.36,1,1,-0.812826930266595,10,TRUE,5
1414,5.5834963087817,7,8.2293923531124,8.65139985426283,2.58069065795408,2.29166595011227,3.18007969519584,3.48666964717699,91,22,5,0.0615592737629049,0.34689925240299,0.415094339622642,0.0536069925723213,265,TRUE,7
1447,4.02535169073515,5,8.16233218668574,9.06916179032926,3.14356780280666,1.94368468946115,2.21434116390166,4.80775270697167,15,13,1,0.084297520661157,1,0.236363636363636,-0.0589544728034159,55,TRUE,5
1448,4.82028156560504,7,8.57353791616821,8.69374878477198,3.22032411645922,2.09014656443798,2.24337472895842,3.33447879795128,13,22,1,0.0532090686760526,1,0.560975609756098,0.0976165453463906,123,TRUE,7
1456,5.59471137960184,7,7.98040633030996,8.07074863607606,2.29494359160142,2.47331779371605,3.05855898733362,3.13892827921379,7,21,3,0.0583927378035197,0.388755847627534,0.399253731343284,-0.014313379785201,268,TRUE,7
1469,4.21950770517611,6,8.65369219581362,8.97316164825928,1.11640117940348,1.29484872960613,1.92229775647104,1.98152739130964,8,12,1,0.0848741367787926,1,0.253731343283582,-0.362362324869991,67,TRUE,6
1478,3.93182563272433,7,7.09765052815148,7.68393789904076,2.4993368238215,1.99621723905219,3.85045715271325,3.32028629879254,2,11,1,0.116,1,0.46,-0.0924130255522787,50,TRUE,7
1485,3.68887945411394,5,7.11463883220623,8.09987511654008,2.65682895345467,1.47471386340414,1.61539140481648,4.91409415389993,12,9,1,0.120315581854043,1,0.0256410256410256,0.0258110373563635,39,TRUE,5
1486,4.45434729625351,7,7.77017551776167,8.04747622982214,3.3352330616532,2.21904138279811,2.55674410285376,3.26609832573122,16,15,1,0.078477508650519,1,0.611764705882353,-0.0525664972447915,85,TRUE,7
1489,4.39444915467244,7,7.98288834628373,8.59540035185799,3.45976542787868,1.77246345716154,2.91457572114985,4.30395697648083,18,14,1,0.0809375,1,0.4,0.107110679179106,80,TRUE,7
1490,3.04452243772342,7,7.23170872644996,7.50088167676295,3.98417378259562,0.826357952988271,1.43902917490233,2.74590909508413,8,4,1,0.31,1,1,0.0917079013301937,20,TRUE,7
1500,4.35670882668959,5,7.95398206022096,9.0319105548942,3.28940727570578,2.31887916119207,4.06185271051226,5.23511491780848,26,10,3,0.111823241693372,0.475796930342385,0,0.385212557763266,77,TRUE,5
1502,2.39789527279837,2,5.7517605968948,6.90089749791913,1.01420712883382,1.90106530133557,2.13833022813482,1.70314673614928,6,7,1,0.16,1,0.3,0,10,FALSE,2
1504,4.52178857704904,7,7.76201439212072,7.95519365535456,2.13751416962331,1.83095075340944,3.09540026313457,2.90312443289457,13,17,1,0.0701606086221471,1,0.450549450549451,0.0691547135328083,91,TRUE,7
1512,5.4249500174814,7,7.6731562018947,7.81038552258419,2.37468433249973,2.34905027001835,2.98243962636295,3.06581053602238,15,21,3,0.0623776333307229,0.389341373639283,0.469026548672566,0.010904562415593,226,TRUE,7
1525,4.87519732320115,7,7.65065440630919,7.85539872945053,2.82120362038469,2.24548069532703,2.23872579249562,3.26277144599638,16,20,2,0.0640236686390533,0.807810650887574,0.515384615384615,-0.0622551978381358,130,TRUE,7
1536,4.96284463025991,7,7.99786178184257,8.31360432959247,2.57743365966017,2.17134227788444,2.48654780505529,3.27216970903142,22,19,3,0.0645705217218806,0.650366990676453,0.464788732394366,0.0254173270779214,142,TRUE,7
1541,4.58496747867057,7,7.30150183851782,7.59658036707355,1.44181977937975,1.80275559895172,2.83616376456853,2.0318263138355,2,12,2,0.100860877882878,0.538739504729514,0.360824742268041,-0.331069087787198,97,TRUE,7
1542,1.6094379124341,4,5.511021943204,7.9331159864338,4.71001218930738,2.45792247725664,1.27444491846049,4.53858714154521,16,1,1,1,1,1,-1.48378052067821,4,TRUE,4
1544,1.38629436111989,3,7.42286052552206,9.05092161759411,5.89208008966829,0.68985428653339,0.622658048166844,4.86972852891818,2,1,1,1,1,1,-0.622658048166936,3,TRUE,3
1566,4.00733318523247,7,7.62999523585393,8.54476849636899,6.10394192268725,2.39779032712583,4.78455262573668,3.41476520238348,16,14,1,0.111796982167353,1,0.888888888888889,0.050636637706296,54,TRUE,7
1569,4.89783979995091,7,7.82678611148168,7.88546743375898,2.78368892192562,2.29081574795834,2.64884335029416,3.07806724962727,16,21,2,0.0513878681666572,0.985075470631466,0.518796992481203,-0.0462269638626136,133,TRUE,7
1580,3.8286413964891,4,7.72212222611135,8.77383039696558,3.48546083850556,1.62339121563357,2.93067657035478,4.99856725063536,22,12,1,0.0844444444444444,1,0.222222222222222,-0.0610932722682127,45,TRUE,4
1582,3.29583686600433,7,7.26008612805382,7.53757656976661,2.26861989948684,1.1813436163037,1.64304415987868,1.87204450621502,25,8,1,0.180473372781065,1,0.615384615384615,-0.10416694069364,26,TRUE,7
1588,4.85203026391962,7,8.38462972836413,8.53317204934336,2.59301692324525,2.11501931641621,3.10606947033291,2.94254535517653,12,21,1,0.0533821067642135,1,0.519685039370079,-0.0719903508887861,127,TRUE,7
1603,4.91998092582813,7,9.25706066957341,9.43801724443268,3.46105188297506,1.95108312471669,2.16562064442463,3.36704707230082,6,23,1,0.049848615916955,1,0.588235294117647,-0.0829431349163814,136,TRUE,7
1604,4.80402104473326,7,7.98629091793913,8.22616954874329,2.36885145472335,1.86957928588023,2.38214141117742,3.03343726158599,9,22,1,0.0525237347175739,1,0.487603305785124,0.050889935304333,121,TRUE,7
1606,1.09861228866811,1,4.55610466363545,6.75135310698263,1.94591014905531,2.02512437076357,1.43197917531306,2.75193252395347,22,2,2,0.5,0.5,0.5,0,2,FALSE,1
1609,3.71357206670431,6,7.0634243729836,8.02239660232087,4.45393494966176,2.33030805756433,3.21817526419203,4.18776725513425,31,8,1,0.13,1,0.625,-0.164794116540579,40,TRUE,6
1613,4.77912349311153,7,8.24102377075796,8.46074432906307,3.05767571551652,2.03235200733249,2.57661345234922,3.26444972542859,13,21,1,0.0563056592933065,1,0.559322033898305,-0.0483380471093833,118,TRUE,7
1617,1.09861228866811,1,5.56459412364814,11.5129254649702,11.5129254649702,0.709575938817903,0.50174595810495,0,9,2,1,0.5,1,1,0,2,FALSE,1
1620,3.66356164612965,5,7.33605932221971,8.63945492286424,6.05221505709027,2.41062075898105,3.54595757281229,3.60594897936359,36,8,2,0.150969529085873,0.771468144044321,1,0.173844015233702,38,TRUE,5
1625,3.46573590279973,3,7.32436307231233,8.25977729623858,1.60718328548232,1.85510099756222,2.72421752088664,2.86658267690037,4,12,1,0.0863683662851197,1,0.258064516129032,-1.40839692979131,31,TRUE,3
1640,0.693147180559945,1,2.43361335540045,5.33271879326537,1.6094379124341,0,0,0,10,1,1,1,1,1,0,1,FALSE,1
1644,4.85981240436167,7,8.785436425469,8.98020810196767,3.42686863137245,2.09786371492222,2.46137828982057,3.54397057583018,8,22,1,0.052490234375,1,0.5703125,-0.134904108307718,128,TRUE,7
1653,1.94591014905531,6,6.34960511771864,6.51636911392925,3.45710348290547,0.493247228542149,0.816885905014232,0.311110571729732,15.5,1,1,1,1,1,-0.23629895732504,6,TRUE,6
1660,5.02388052084628,7,8.43635596838876,8.84754468496059,2.93391819128366,2.63495838082705,3.71696156158392,3.54218035192299,20,23,4,0.0497785184860313,0.770887241787641,0.456953642384106,-0.117664421485236,151,TRUE,7
1662,4.87519732320115,7,8.76484551782666,8.9820345730764,3.56829861006492,1.97927645992141,2.42623851745633,3.48435732113752,14,23,1,0.0510059171597633,1,0.592307692307692,-0.115504648901945,130,TRUE,7
1668,4.59511985013459,7,8.67915276209114,8.85197266986429,1.68694963901464,1.87134172925038,2.79465770965824,3.21726928340917,18,18,2,0.0670553935860058,0.979800083298626,0.295918367346939,0.0315693113167994,98,TRUE,7
1673,4.9416424226093,7,8.61735189196288,8.80427293171731,3.30285308884471,2.3550434373199,2.87917323508373,3.32129977081225,13,23,1,0.0488069975674137,1,0.575539568345324,-0.0720488488279368,139,TRUE,7
1676,3.2188758248682,2,6.63294489965608,7.11463302988268,3.42355848346233,1.86173641173259,2.36460855010641,2.10674968651692,26,10,2,0.125,0.555555555555556,0.791666666666667,0,24,FALSE,2
1678,2.94443897916644,3,7.71164311519188,8.83204779767279,4.47724879193287,1.65314505894596,2.31456364083727,5.77524406373069,10,7,1,0.154320987654321,1,0,0.694081091878889,18,TRUE,3
1684,3.09104245335832,7,8.77099391759459,8.76428426619844,4.71477276611588,1.81422238747734,4.00460934241975,1.5624045923096,3,3,1,0.333333333333333,1,1,0.0182554255428791,21,TRUE,7
1700,4.99043258677874,7,8.00014733993005,8.62673821389905,2.89264552149655,1.84550881465387,2.51367948056035,4.44098225608671,38,16,3,0.0762807280915744,0.50150121974104,0.273972602739726,0.120360721371778,146,TRUE,7
1703,3.66356164612965,4,6.52857801071793,6.74743708090549,1.92586111666382,1.66228332517923,1.34636101048918,2.22891591343335,2,10,1,0.102493074792244,1,0.473684210526316,-0.000496979321692593,38,TRUE,4
1712,2.19722457733622,1,6.737751195737,6.71350769544447,2.49998320165193,1.89676457299025,2.48419997275369,3.92481797581594,8,8,1,0.125,1,0.375,0,8,FALSE,1
1717,5.06259503302697,7,8.86012116967192,9.06914644020331,3.07894276470225,2.7386595259595,3.16738813748585,3.64065476242756,16,23,3,0.0560266136557264,0.770862915331251,0.471337579617834,0.058663512083491,157,TRUE,7
1722,4.77912349311153,7,8.92540583923936,8.98160207926705,1.17192427943965,2.38443208652335,4.36978823984066,2.3649543241648,29,16,4,0.0745475438092502,0.687302499281816,0.271186440677966,-0.0363152620571244,118,TRUE,7
1724,4.44265125649032,7,6.64905850476176,6.81391319945551,2.57759710879383,2.19262444524988,2.12774515672428,2.41938428724324,17,16,1,0.0736961451247165,1,0.619047619047619,-0.0135731462696813,84,TRUE,7
1728,4.65396035015752,7,8.08055116895074,8.61038571767764,2.43940824160466,2.25418327865731,3.07885330626363,3.69619029973285,43,16,3,0.0706360946745562,0.821560650887574,0.298076923076923,0.0605893863346354,104,TRUE,7
1729,4.35670882668959,4,6.21796921422128,6.66243572930422,1.48511689941709,2.06130746748689,2.49211010256188,2.34090488137982,7,16,3,0.0750548153145556,0.436329903862371,0.337662337662338,0.150682854834819,77,TRUE,4
1732,0.693147180559945,1,10.1084671332227,11.5129254649702,11.5129254649702,0,0,0,15.5,1,1,1,1,0,0,1,FALSE,1
1744,4.97673374242057,7,8.13812227647215,8.12576496429734,2.07856848234381,2.23500567864644,3.70332678319336,2.57753716743199,80,17,3,0.0733989197530864,0.588638117283951,0.5,0.135443790371409,144,TRUE,7
1745,3.8286413964891,6,7.21622357399565,8.52802406614902,5.43184946737598,2.45184037280197,2.57501046248782,4.42423953535694,13,12,1,0.094320987654321,1,0.6,-0.116538853830197,45,TRUE,6
1761,4.77068462446567,7,8.03870466817671,8.18578236873728,3.14079001146519,2.15266864289336,2.2844243486369,3.42843597683169,7,22,1,0.0555920812331069,1,0.564102564102564,0.0555942599364508,117,TRUE,7
1763,2.70805020110221,7,6.61841806011785,6.766102346837,3.13269512882485,0.733176342236195,0.277078324014232,0.569272059789802,15.5,3,1,0.377551020408163,1,1,-0.174964874231134,14,TRUE,7
1771,5.12989871492307,7,7.40443783974806,7.71815057202363,2.42209060357927,2.06993638668699,2.98579832840506,2.95110620672538,22,21,2,0.0566893424036281,0.649943310657596,0.505952380952381,-0.0067217024524038,168,TRUE,7
1779,5.06890420222023,7,7.8702332543613,7.92206799874687,2.93422711034429,1.77604548920191,1.98399634973368,3.03610706826424,18,20,2,0.061368370453453,0.648133311969236,0.575949367088608,-0.00976995866596016,158,TRUE,7
1786,5.75890177387728,7,8.61018808795315,8.7072788699045,2.33030764878739,2.38311730296963,3.89298185255306,3.12508766457451,46,23,3,0.0542581317096619,0.349082679057843,0.430379746835443,-0.0278640137038837,316,TRUE,7
1794,4.9416424226093,7,8.61557433383297,8.86202393784023,2.80623430666974,2.16131368788395,3.27444256501715,3.34453998812324,21,22,2,0.0586408570984939,0.743491537705088,0.532374100719424,0.0333909822306088,139,TRUE,7
1815,4.82028156560504,7,8.90417820369957,9.01801635137811,2.48597769660243,1.94100760020574,2.76868564497859,2.92374242932501,13,20,1,0.0554564082226188,1,0.48780487804878,-0.038899481995373,123,TRUE,7
1821,1.94591014905531,2,7.0078035008168,9.90007468007069,8.41375310978737,0.909980818830601,1.34816412002845,4.80868772697218,12,4,1,0.277777777777778,1,1,0,6,FALSE,2
1826,3.66356164612965,5,6.6579319827435,7.83639770816368,2.94446286638834,1.90289897668068,2.36220748282042,3.61385555954171,34,13,2,0.0983379501385041,0.638504155124654,0.552631578947368,-0.493519364445338,38,TRUE,5
1829,4.18965474202643,7,7.01018254913533,8.03953013634627,5.76642585638141,1.708909492364,1.75317850237386,4.78833163125233,5,17,2,0.0821301775147929,0.500118343195266,0.538461538461538,0.0632244408341552,65,TRUE,7
1832,4.0943445622221,3,7.42037195108282,7.71258608807694,1.7772785488037,2.4538733193654,2.60717504643138,2.44689037504227,43,15,2,0.0761275495547257,0.575983912668773,0.406779661016949,-0.532716497019437,59,TRUE,3
1836,4.35670882668959,7,8.45594438621357,8.58645780544919,1.91512608436051,1.82824174048666,2.65165532651355,3.75095901115895,15,14,1,0.0807893405296003,1,0.220779220779221,0.572052134769718,77,TRUE,7
1839,4.86753445045558,7,8.1965727702223,8.33539576849942,3.1149735270073,2.02531421218474,2.16094945855443,3.18564775057682,7,21,1,0.0531819001261943,1,0.565891472868217,-0.0425906445154004,129,TRUE,7
1845,4.85203026391962,7,7.92586785574972,8.18534757627451,2.82607423556767,1.84265875525324,1.62842281500905,3.3133205657708,5,23,1,0.0510261020522041,1,0.511811023622047,-0.10046510165748,127,TRUE,7
1847,4.60517018598809,7,7.2381196207779,7.44876166112139,1.58232992435493,1.98359885545185,2.73422552009402,2.05743036351616,26,15,1,0.0700948882767064,1,0.424242424242424,-0.218970239780524,99,TRUE,7
1850,4.969813299576,7,9.42912735561584,9.53400619578339,3.41010504848333,2.23460589976595,3.06836134247693,3.53770373947123,29,23,1,0.0480708103085725,1,0.559440559440559,-0.0474413703856899,143,TRUE,7
1865,4.29045944114839,5,7.01572877658875,7.95485901007208,4.35867326025459,2.11375682691406,1.90699586880295,4.34905216551562,24,15,2,0.0729166666666667,0.895061728395062,0.569444444444444,0.00778507340889191,72,TRUE,5
1876,4.60517018598809,7,8.25964960557809,8.71569241071122,2.56693616591328,2.04709257869603,2.87191773425217,3.38550215534908,10,18,1,0.064993368023671,1,0.454545454545455,-0.116206570272642,99,TRUE,7
1882,3.55534806148941,3,7.01372278168137,9.22821907258438,7.32176519618413,1.68543869727627,2.44183387550157,4.95928697931394,20,18,2,0.0743944636678201,0.889273356401384,0.588235294117647,0.0934993512282265,34,TRUE,3
1886,0.693147180559945,1,4.61512051684126,11.5129254649702,11.5129254649702,0,0,0,8,1,1,1,1,0,0,1,FALSE,1
1901,5.04985600724954,7,8.0115083706707,7.92016066625594,2.8421683595375,2.44495743842435,3.77201079857952,3.42239912624015,66,20,3,0.054318418314256,0.739771071800208,0.451612903225806,0.1732475503183,155,TRUE,7
1906,1.94591014905531,6,6.92087416589945,6.88687797006851,2.56494935746154,0.0869135152337955,0.134192480368847,0,15.5,1,1,1,1,1,0.0455823501899704,6,TRUE,6
1917,0.693147180559945,1,7.30773872352106,11.5129254649702,11.5129254649702,0,0,0,7,1,1,1,1,1,0,1,FALSE,1
1926,3.93182563272433,7,6.73414136078656,6.4996785484472,4.87509489682293,1.37482311151433,2.01245574308575,5.19275208758787,15.5,14,2,0.0896,0.7888,0.3,0.0521872557150579,50,TRUE,7
1938,5.0998664278242,7,8.25419551267619,8.42466723691778,2.45704714961399,2.34313130532663,3.82098789198564,3.17470389311173,73,19,3,0.0656780458428996,0.587940833301969,0.47239263803681,0.00561237959311811,163,TRUE,7
1939,5.01063529409626,7,8.42623658092966,8.52650752113619,2.239828478083,2.06213922433428,3.34435072937253,2.46612061152472,12,19,2,0.0613936309175262,0.711904869150038,0.530201342281879,0.00809837333517095,149,TRUE,7
1951,5.03695260241363,7,9.53289143005544,9.74906446524021,3.26356260720064,2.51892327811245,3.55023799011437,3.59712668348763,35,22,3,0.0533555470118331,0.796488530052544,0.522875816993464,-0.144802845337735,153,TRUE,7
1952,4.79579054559674,7,8.14988017226871,8.21795476320482,2.76139706666201,2.12170760058673,2.75321171923236,3.16396931588796,17,20,1,0.0551388888888889,1,0.5,0.0101947432967776,120,TRUE,7
1953,4.87519732320115,7,7.93020913974609,8.55365916320882,2.11810583951024,2.17030654086898,2.74051812163358,4.07272547576431,19,14,4,0.0952662721893491,0.469467455621302,0.153846153846154,-0.101408088611883,130,TRUE,7
1955,4.84418708645859,7,8.6403562997289,9.031235811656,3.16086624313642,2.16120761152053,2.29596225773354,3.63077415452445,4,20,2,0.0564373897707231,0.938523557571177,0.468253968253968,0.0455019689855071,126,TRUE,7
1958,4.0943445622221,6,7.07696985534681,7.54353013668708,1.32025186401035,1.54299096742596,2.61096877834167,2.79155573571944,16,12,1,0.0927894283251939,1,0.254237288135593,-0.233709892069241,59,TRUE,6
1968,4.18965474202643,7,8.28683269952775,8.41769588769967,1.08943090059505,1.28591642120835,1.99041642785414,2.62859491351462,15,11,1,0.100591715976331,1,0.184615384615385,0.122199467995902,65,TRUE,7
1981,5.3890717298165,7,7.73403089291574,7.93466039262698,2.72031678378264,2.15263824471798,2.70353536631352,3.04424225969814,50,20,3,0.0619476475044188,0.446805824425553,0.568807339449541,-0.102572808026307,218,TRUE,7
1992,4.27666611901606,7,6.19035356911792,6.29322311932935,2.29669077120552,1.79163247961694,2.02798745379898,1.75593240829657,8,11,2,0.0930370958143226,0.869073596508629,0.704225352112676,-0.058934524151467,71,TRUE,7
1996,2.19722457733622,1,7.48556455210106,11.5129254649702,11.5129254649702,1.33410346655244,1.79502940507246,0,9,8,1,0.125,1,0.125,0,8,FALSE,1
2006,4.54329478227,7,8.29425653121241,8.40116729080569,3.4182288645211,2.37339592355385,2.62853894259849,3.69430491879745,14,17,1,0.0706440050872933,1,0.548387096774194,-0.0607961887476922,93,TRUE,7
2017,3.40119738166216,7,6.14883477362371,8.55303622385884,6.97915853380338,2.05785078986705,3.38799698039584,4.30180758208475,15.5,12,1,0.13436385255648,1,0.551724137931034,0.0973121292580128,29,TRUE,7
2025,4.90527477843843,7,9.33921973397959,9.56417156676174,3.035015164339,2.3425585773128,3.76145288703595,3.36364803123392,46,21,2,0.0522388059701493,0.95622633103141,0.507462686567164,-0.0521703787203175,134,TRUE,7
2049,4.86753445045558,7,8.86818339566016,9.05943336424278,3.06811212425084,1.93285769533985,2.43710268485132,3.42123266507587,26,21,1,0.0531819001261943,1,0.511627906976744,-0.128822410147003,129,TRUE,7
2053,2.70805020110221,2,7.51800954047405,7.93217659688973,2.4672307608682,2.02042013207703,2.43013478540957,2.68667177741596,8,10,1,0.112244897959184,1,0.5,0,14,FALSE,2
2056,4.74493212836325,7,8.55583399355929,8.67299260902512,1.57793233344607,2.33475409326436,3.65508037252419,2.22435315419302,69,17,1,0.0606340412434595,1,0.385964912280702,-0.0905477970199506,114,TRUE,7
2089,2.39789527279837,1,5.41343536829372,6.15895859471537,1.5361089398383,1.8716158989757,1.70962988870242,2.18191825389695,10,10,1,0.1,1,0.4,0,10,FALSE,1
2090,4.4188406077966,6,8.4409980124526,9.02286735493688,3.73794592017113,2.02866345196838,3.24771213742293,4.57556538604832,10,17,1,0.0621653777513385,1,0.390243902439024,0.113043776605978,82,TRUE,6
2093,1.09861228866811,1,6.38176711455918,11.5129254649702,11.5129254649702,2.33964563749585,1.65437929584684,0,15,2,1,0.5,1,1,0,2,FALSE,1
2105,5.22035582507832,7,9.10106285431074,9.20696114008212,2.8096993768082,2.43777337062692,4.5297956284099,3.29376757210769,22,24,4,0.0536389413988658,0.634629017013232,0.521739130434783,-0.141322277787185,184,TRUE,7
2109,4.79579054559674,7,8.70541844480626,8.86643622410468,3.52778037695521,1.94458664901232,1.74843215170708,3.4135681947921,4,23,1,0.0534722222222222,1,0.583333333333333,-0.0274284590229199,120,TRUE,7
2114,4.11087386417331,3,7.48977342703581,9.26786736247288,5.70946320653176,2.22349627658384,3.99091858127539,5.27644030853159,16,16,3,0.0766666666666667,0.52,0.4,0.251090866073684,60,TRUE,3
2131,3.61091791264422,7,7.99411897157384,7.85527561191223,4.58341304694178,2.8874126616146,5.99713511262838,2.14123527873314,8,6,1,0.189814814814815,1,1,0.00470020532128329,36,TRUE,7
2144,3.68887945411394,4,8.85696735625365,9.86183641855606,3.83764182165674,1.92335149291267,2.61554945882539,5.49819250348324,27,13,1,0.0927021696252465,1,0.102564102564103,-0.332593797841572,39,TRUE,4
2147,4.98360662170834,7,9.34193389162725,9.91469313238337,3.65802836514638,2.1111870349829,3.16581040996264,4.01266955486704,23,22,5,0.0540784780023781,0.760570749108204,0.441379310344828,-0.000738455312081196,145,TRUE,7
2150,3.43398720448515,6,5.56642226734318,6.5413529271436,1.91882091082837,1.01568242736037,1.87405304222353,4.36396313543183,7,5,1,0.2,1,0,0.0373122149559803,30,TRUE,6
2189,4.99721227376411,7,8.19673851895516,8.25842067150586,2.12923393617711,2.25481599823891,3.54585059836691,3.16186206110047,13,20,2,0.0625202461937156,0.691609977324263,0.380952380952381,0.00808750223027542,147,TRUE,7
2213,2.39789527279837,1,6.94399594251087,11.5129254649702,11.5129254649702,1.86630808663382,2.86359428558627,0,8,9,2,0.12,0.82,0.3,0,10,FALSE,1
2214,3.55534806148941,6,7.59628986926263,8.52928117171903,5.48148448550197,1.93853549610432,3.38566057038501,3.40058284325281,5,6,2,0.209342560553633,0.749134948096886,1,0.0882652670263571,34,TRUE,6
2217,4.91265488573605,7,8.71972676690335,8.97071619898233,3.17893043698826,2.15926841939974,2.43231142228741,3.48855541923641,7,25,1,0.0481207133058985,1,0.540740740740741,0.0919778747148357,135,TRUE,7
2228,4.02535169073515,7,6.74333006318845,7.48071770101737,3.49718982761084,1.67862686685164,3.02460221152046,3.79432213513834,15,12,1,0.0955371900826446,1,0.509090909090909,-0.0209071919193856,55,TRUE,7
2229,1.6094379124341,1,6.4484061782567,7.10167536440667,3.90799065994568,2.2993938100216,1.3544164483667,1.40557607143007,8,4,1,0.25,1,1,0,4,FALSE,1
2232,5.47227067367148,7,8.17247361403767,8.36351550953641,2.44469325897376,1.95044813023099,2.73832330282701,3.11016122199328,25,21,3,0.0557424914098524,0.458420124979971,0.455696202531646,-0.0433709704446069,237,TRUE,7
2237,4.75359019110636,7,7.51203472908141,7.77259676850386,2.49989671830629,1.74751503105341,2.39677689542343,2.47374303229908,5,15,2,0.0837051039697543,0.606200378071834,0.591304347826087,-0.120668684587021,115,TRUE,7
2244,4.82028156560504,7,7.6188472024574,7.8192528695716,2.23377999448597,2.05603601360984,3.14110526572444,2.64430263473156,2,20,1,0.0543988366712935,1,0.504065040650406,-0.112911298896048,123,TRUE,7
2252,4.17438726989564,7,9.38067871345991,9.84790943837165,2.30334743930919,1.9217601651796,2.39329223134457,4.50259106073902,31,12,1,0.09716796875,1,0.109375,0.306826941046724,64,TRUE,7
2257,4.58496747867057,7,7.42874153937526,7.5758854675196,1.73679249328373,1.70147301392532,2.21472307672276,2.51256837162776,18,16,2,0.0674885747688383,0.979594005739186,0.412371134020619,-0.155364911850466,97,TRUE,7
2260,2.99573227355399,5,7.05190964600152,8.37284017415719,4.70046041988523,1.36882033612169,0.552173654256146,4.28287682914267,10,5,1,0.229916897506925,1,0.789473684210526,0.0914442021947087,19,TRUE,5
2265,4.969813299576,7,9.01639746483101,9.37143287993025,3.45871674479106,2.41196381219639,3.13166086124371,3.70297192379841,49,22,3,0.0558951537972517,0.821018142696464,0.552447552447552,-0.129485624138202,143,TRUE,7
2268,4.39444915467244,6,7.78978615146829,8.56172339772131,3.46912819510805,1.99652586401321,2.65366191736121,4.46135425448678,10,16,1,0.07,1,0.4,0.0240256374061375,80,TRUE,6
2279,4.65396035015752,7,7.33999564737558,7.94230163211948,2.74174799491083,2.06295618134783,3.01144038274247,3.99246280208548,25,15,2,0.0948594674556213,0.634800295857988,0.307692307692308,-0.0418233393373598,104,TRUE,7
2290,4.48863636973214,7,7.40091083237719,7.59711270772867,1.87172786576352,2.01053624646592,3.04984108002254,2.34181284747901,7,14,1,0.0764462809917355,1,0.443181818181818,-0.179176182288884,88,TRUE,7
2305,4.02535169073515,3,8.18093619483399,9.42220174897391,4.39584426844318,2.05581021154829,2.82903151889207,5.64490417892446,28,9,4,0.129256198347107,0.36396694214876,0,-0.0273888854469218,55,TRUE,3
2313,4.98360662170834,6,7.0747940733948,7.51431131440044,1.94508101369885,2.10598020211708,2.36183812927142,2.88439279852965,18,14,4,0.0866111771700357,0.389583828775267,0.386206896551724,-0.318311943134795,145,TRUE,6
2324,4.92725368515721,7,8.84068297355787,8.89893101842993,2.58264822616555,1.96501673199859,2.36932621216739,2.992047848656,6,22,2,0.0512014491981459,0.957163407746817,0.489051094890511,0.0738085901567695,137,TRUE,7
2333,4.39444915467244,5,8.18377164488304,8.8372143620162,2.44649666130617,1.5136209098356,2.47952143310951,4.73938390464193,18,10,2,0.1096875,0.52,0,0.173983824432519,80,TRUE,5
2343,4.51085950651685,7,7.82244341736319,8.44262089923264,2.88025334329928,1.674014521695,2.187369907778,4.27151989999395,9,14,3,0.0837037037037037,0.782962962962963,0.344444444444444,0.158907022947046,90,TRUE,7
2358,5.18738580584075,7,8.23771935147514,8.41002646494907,2.11477853761809,1.89298071337978,3.41809098737249,3.02625573715926,13,19,2,0.0602827925766949,0.581807852543871,0.387640449438202,-0.0913541281562566,178,TRUE,7
2361,4.02535169073515,4,9.07240483588694,9.47698631191406,2.93056284562879,1.59293932742802,1.97380789632906,5.06131555160489,10,10,2,0.110082644628099,0.603305785123967,0,0.197905138817292,55,TRUE,4
2363,3.63758615972639,3,7.63322031243026,8.25870533230602,1.66368799195985,1.86804739652663,2.7730011255027,2.37815095897681,24,15,1,0.070854638422206,1,0.378378378378378,-1.05487613337994,37,TRUE,3
2364,5.41164605185504,7,7.74062784487537,7.87084810324216,2.47496844035408,2.31733501547349,3.50531018036731,3.05347791299931,26,23,3,0.0565665909228016,0.478533652395986,0.506726457399103,-0.00424417094202656,223,TRUE,7
2379,5.19849703126583,7,7.70509131906595,7.68917052976338,3.73012698097185,1.94120760405943,3.2714354747196,2.79927760840381,15.5,17,6,0.129938271604938,0.219938271604938,0.788888888888889,0.0033003461704828,180,TRUE,7
2386,2.94443897916644,3,8.11287836615252,9.7459742680514,3.83764182165674,2.23590318987704,1.95500231161661,5.58458914728654,15,6,1,0.166666666666667,1,0,-1.04565273053853,18,TRUE,3
2393,4.89034912822175,7,8.84692049485997,9.08213932811068,3.31293140181547,2.14626013139676,2.45901674519438,3.61152788828719,12,23,1,0.051078971533517,1,0.522727272727273,-0.120285393980748,132,TRUE,7
2395,5.16478597392351,7,8.35603333147853,8.55147468220803,2.74329365641118,2.12711333274705,3.33640787343121,3.33499221359325,21,23,3,0.0514599022327917,0.656427533359757,0.5,0.0417437015581896,174,TRUE,7
2398,2.39789527279837,1,7.85434211727,11.5129254649702,11.5129254649702,1.40114666645278,1.25966127902277,0,31,10,1,0.1,1,0.3,0,10,FALSE,1
2405,1.6094379124341,4,5.58940130638081,7.66102090003223,4.58863523536195,1.57728838607779,0.924929184803135,4.62922915574542,11,1,1,1,1,1,-0.910691599006777,4,TRUE,4
2406,3.17805383034795,2,6.15718043304844,7.11121032036153,3.24054734397369,2.4586744587864,3.61278784139264,2.09482263283761,10,10,2,0.126654064272212,0.5765595463138,0.782608695652174,0,23,FALSE,2
2418,4.81218435537242,7,8.63932028798739,8.63923097743277,2.76662403923779,2.0792938504502,2.75109018519636,3.02467694506892,33,21,3,0.0534802472453641,0.967616232195646,0.540983606557377,-0.0596755441409361,122,TRUE,7
2429,4.66343909411207,7,8.30715588768325,8.28015350123678,2.51698440696086,1.87608708831526,2.71931666422551,2.96498983145727,10,18,1,0.0639455782312925,1,0.485714285714286,0.0356745144018834,105,TRUE,7
2432,4.70048036579242,7,8.10137558162297,8.12051496327955,1.95707873932005,2.02220268481062,3.02299364613785,2.99364596927963,58,18,2,0.0627051594983587,0.912465280700278,0.412844036697248,0.00771986249897524,109,TRUE,7
2444,3.58351893845611,5,7.47941613633249,8.02630724192986,4.7174692892465,2.53774362737267,4.06654510734433,2.38688204434301,14,8,1,0.128163265306122,1,1,-0.414588354655166,35,TRUE,5
2446,4.68213122712422,7,7.50969337281911,7.83711799818728,3.55829429007395,2.48710609986903,2.43226945429107,3.20396028876284,8,20,1,0.0607039916149882,1,0.644859813084112,-0.0614143258881951,107,TRUE,7
2463,4.81218435537242,7,9.0971819023959,9.2376293214483,2.18261260555554,2.04606372487227,3.65106160570646,2.85927535839345,28,20,1,0.056167696855684,1,0.426229508196721,-0.0687233701559623,122,TRUE,7
2477,0.693147180559945,1,4.67282883446191,11.5129254649702,11.5129254649702,0,0,0,15.5,1,1,1,1,0,0,1,FALSE,1
2479,4.00733318523247,7,7.46420376862926,6.94892039648293,4.61520007925824,1.28451162884563,1.31022761838017,3.71331698271626,15.5,14,2,0.0967078189300411,0.928669410150891,0.648148148148148,-0.143519439223387,54,TRUE,7
2485,5.13579843705026,7,8.36637681327287,8.60235482163702,2.61843296815396,1.97061909643727,2.78499743054589,3.31776548002824,15,19,3,0.0648786807184622,0.582507615279577,0.437869822485207,-0.0948995366555469,169,TRUE,7
2486,4.89783979995091,7,8.74274143755452,8.87409930270925,2.48427409200504,2.14374865554691,4.01407011302554,2.98493182688336,40,19,3,0.0556843235909322,0.899146362145966,0.511278195488722,-0.134285037467514,133,TRUE,7
2517,3.97029191355212,6,7.55432561895087,8.36620218141863,5.50856769201304,2.27280892663443,2.49755319687585,3.33061791770678,10,7,2,0.158284023668639,0.644970414201184,1,0.0536170372962615,52,TRUE,6
2519,4.75359019110636,7,8.87918518420729,9.25949834762423,2.41016517599556,2.11161462868751,3.13855310239836,3.74444000130795,35,18,3,0.067523629489603,0.709792060491493,0.304347826086957,0.0163677986395576,115,TRUE,7
2523,4.57471097850338,7,7.06722813731819,7.00386199927601,2.16190725862394,1.79691442052971,1.87715765772301,2.44864174114392,10,16,1,0.0692274305555556,1,0.489583333333333,0.054539678996731,96,TRUE,7
2529,5.08759633523238,7,8.33976539065619,8.50482156185018,3.34398251073044,1.77853040874618,1.69281729605774,3.11028435703207,22,22,2,0.0557463060838702,0.720844103236758,0.608695652173913,0.0228909353558572,161,TRUE,7
2530,3.49650756146648,7,6.90365409549059,7.36975311999442,3.8611532978724,1.66297695760891,3.01926806248174,1.77168635867216,15.5,7,2,0.162109375,0.8828125,1,-0.090989901342457,32,TRUE,7
2549,0.693147180559945,1,8.84908782391917,11.44774727262,6.93925394604151,0,0,0,18,1,1,1,1,1,0,1,FALSE,1
2558,4.71849887129509,7,8.88176569381837,8.99025566781152,2.50786203150544,1.97886410361683,3.03254421236825,3.49404123664245,13,20,1,0.0586803019235452,1,0.432432432432432,0.00942663378393435,111,TRUE,7
2563,2.19722457733622,1,8.89967159287753,11.5129254649702,11.5129254649702,1.35882213098634,2.14630987913252,0,17,8,1,0.125,1,0,0,8,FALSE,1
2565,4.80402104473326,7,8.70742994066002,8.95474633682088,2.9702877694038,2.00138321953561,2.2932293979927,3.40965917806015,15,21,1,0.0544361723925961,1,0.495867768595041,-0.0441682236197512,121,TRUE,7
2570,4.81218435537242,7,9.21350195564836,9.2793643025974,2.50733022617779,2.4010761141811,3.63986221273548,3.0327933617826,82,21,1,0.0548239720505241,1,0.483606557377049,-0.00388388169581457,122,TRUE,7
2583,0.693147180559945,1,5.31968739228423,11.5129254649702,11.5129254649702,0,0,0,15.5,1,1,1,1,1,0,1,FALSE,1
2586,2.07944154167984,1,7.37340158463248,11.5129254649702,11.5129254649702,1.67840722095058,2.30670624174519,0,20,7,1,0.142857142857143,1,0,0,7,FALSE,1
2595,5.33271879326537,7,7.76215053327672,8.03150989512758,4.09055317038913,2.05281089958499,2.63911937962568,2.91434300977464,15.5,19,5,0.0882741068903761,0.366339900084834,0.800970873786408,-0.0184472267505337,206,TRUE,7
2606,4.20469261939097,6,8.74432237670593,9.23511744035381,2.39796163098053,1.82201962141575,3.14928254879653,4.26147508385824,5,11,1,0.0909090909090909,1,0.181818181818182,-0.141308266296955,66,TRUE,6
2613,3.49650756146648,5,7.10331341148605,8.75729547214524,3.83647567666816,1.82519170968561,1.65422904336553,5.05326889933843,28,9,1,0.115234375,1,0.25,-0.456499305307971,32,TRUE,5
2647,1.09861228866811,2,5.17650947417476,7.35858780887281,0,0.373354725340699,0.264001658076449,0,16,1,1,1,1,0,0,2,FALSE,2
2651,4.44265125649032,7,9.1016124181619,9.16865210777017,1.2650817407772,1.88773505052684,3.03446595016549,2.67163827579813,38,16,1,0.074546485260771,1,0.25,-0.144153761564585,84,TRUE,7
2657,1.94591014905531,1,7.66441258099047,11.5129254649702,11.5129254649702,1.10992059498575,1.54907383098336,0,7,4,2,0.277777777777778,0.555555555555556,0,0,6,FALSE,1
2660,4.75359019110636,7,7.78380879739617,8.07078799675148,2.678895110901,1.90069764766063,2.11840442985684,3.24096695826408,22,21,1,0.0572400756143667,1,0.48695652173913,0.0348184223184449,115,TRUE,7
2663,5.08759633523238,7,8.47160051401431,8.95325173085758,3.47183245424298,2.24774759043849,2.37258050156723,3.4556439105958,27,21,3,0.0572894564252922,0.68458007021334,0.571428571428571,-0.0130484567211071,161,TRUE,7
2669,4.62497281328427,7,8.10057377885987,8.14179726520021,1.97472493988991,1.89328872010989,3.14656338490426,3.08622735906021,7,16,2,0.070679345162239,0.923929026566023,0.376237623762376,-0.0481064024593751,101,TRUE,7
2674,4.15888308335967,7,7.48450444511726,7.41019313830445,1.36578486177285,1.32431022370906,1.92803546311187,3.20219681945033,27,10,1,0.102040816326531,1,0.174603174603175,0.213672388864641,63,TRUE,7
2677,5.40717177146012,7,7.51302511974252,7.73089400001682,2.77563993203403,1.87012215055513,2.7236768848961,2.68436441564393,4,22,3,0.0575034493953413,0.457186916646376,0.63963963963964,-0.0182550933903866,222,TRUE,7
2678,1.79175946922805,5,5.52974031617912,6.14981136115462,2.66086397351391,1.42246407135332,0.180335458822325,0.214471601528908,15.5,1,1,1,1,1,-0.600464720336538,5,TRUE,5
2711,4.0943445622221,5,7.19689137179543,8.59848654319333,5.6652598905602,1.97527899646133,2.11722232239888,3.94682711128259,61,14,3,0.101407641482333,0.478310830221201,0.813559322033898,-0.278753238660137,59,TRUE,5
2722,3.58351893845611,5,6.20473639033873,7.25493334625002,3.62084278917912,1.3998670478086,1.73417075557876,4.61225159562255,38,11,1,0.0971428571428571,1,0.371428571428571,-0.213929738801736,35,TRUE,5
2726,2.56494935746154,1,7.4852604424045,7.48027771333173,2.0727366740636,2.16411792654741,2.7929723866814,2.8280010256402,7,12,1,0.0833333333333333,1,0.5,0,12,FALSE,1
2730,1.6094379124341,2,9.23519153800374,9.68039309200807,5.45735619446657,1.34479412496155,1.71286419840816,0.598516369121229,14,2,1,0.5,1,1,0,4,FALSE,2
2741,4.63472898822964,7,7.73742954186755,7.7652661372822,2.33636709338334,2.07679772735243,2.84263354079875,2.85536889500623,12,17,1,0.0632449058054595,1,0.5,0.0675589836143937,102,TRUE,7
2745,4.90527477843843,7,9.06985997080099,8.93595601075407,1.01537124010056,2.44085222152902,4.62053596057312,2.82861650120259,68,14,4,0.0970149253731343,0.420360882156382,0.104477611940299,0.127754918786041,134,TRUE,7
2747,3.71357206670431,3,8.36912435824924,9.71626108986981,4.89299332261235,1.66659909853034,2.61497025562781,5.76383808814604,41,9,3,0.1175,0.51375,0,0.491837975425881,40,TRUE,3
2752,5.01727983681492,7,8.39059079603511,8.47977744633684,1.93465270430021,2.47072582061446,4.43793391996828,3.0158522916588,14,20,2,0.0612444444444444,0.688088888888889,0.393333333333333,0.0552844271320203,150,TRUE,7
2757,5.08140436498446,7,7.62847868876271,8.16189242310683,3.1772010899831,2.14534428593835,2.55082946035652,3.37943563893074,10,19,3,0.075625,0.479453125,0.58125,-0.0659142122507106,160,TRUE,7
2776,4.72738781871234,7,7.83449965612178,7.79679802017592,2.44469264724324,2.15875131765259,2.98391940924318,3.03323426388568,6,18,1,0.0593112244897959,1,0.482142857142857,0.0195135844520246,112,TRUE,7
2783,4.80402104473326,7,8.08867485404697,8.06964189211224,2.5575780211393,2.14948761970568,2.66308751946884,3.04407223636195,10,19,1,0.0558021993033263,1,0.495867768595041,0.0492122842505013,121,TRUE,7
2788,5.50125821054473,7,8.21469410054057,8.38979166278965,1.68244668957321,2.15187229688341,3.14316366245954,2.78017954292107,60,21,4,0.0618449341574846,0.383532652512765,0.331967213114754,0.0316637847101461,244,TRUE,7
2805,5.72031177660741,7,8.18468504599147,8.18476659404003,2.2101775621819,2.26014821460988,3.55251183229812,3.0322782033163,116,23,3,0.0548389889196676,0.355154951523546,0.434210526315789,0.058512891363991,304,TRUE,7
2837,4.11087386417331,7,7.01801311068742,7.1379419791671,3.17576650501642,2.14646775055601,2.26750930693118,2.4795027810806,6,10,1,0.111666666666667,1,0.766666666666667,0.0471900303763816,60,TRUE,7
2842,4.82028156560504,7,9.06567021663991,9.20702619552504,2.51443629669824,2.27028433157197,3.52947857652979,3.14606110726519,96,20,2,0.0563817833300284,0.937074492696147,0.455284552845528,0.145906562213649,123,TRUE,7
2846,4.18965474202643,7,6.67605191607186,6.53130427672821,2.22330602981615,2.089621892724,2.21849983989271,2.35937893025957,18,11,1,0.093491124260355,1,0.553846153846154,0.0082515247874733,65,TRUE,7
2857,4.87519732320115,7,8.67429906229374,8.80398969784753,3.16107282910854,1.98005295208276,2.35052663533893,3.42541431291204,4,22,1,0.0524260355029586,1,0.515384615384615,-0.0176166851623845,130,TRUE,7
2859,4.77912349311153,7,8.79629132982964,9.22517000670916,3.11887811787883,2.02568768095026,3.49389957659163,3.95700984761523,37,21,3,0.0593220338983051,0.88695777075553,0.415254237288136,-0.0342738582201531,118,TRUE,7
2860,4.79579054559674,7,8.28745636404292,8.58324463443811,1.35117151049187,2.26779056167776,4.1161160790772,2.94732268151227,18,15,4,0.0945833333333333,0.561805555555555,0.191666666666667,-0.0843220019847416,120,TRUE,7
2864,4.60517018598809,7,7.29411161569156,7.35844646122782,2.44693709727835,1.71651028058141,1.86777077503017,2.59366156821287,12,17,1,0.0656055504540353,1,0.545454545454545,0.0588389833721671,99,TRUE,7
2866,2.39789527279837,1,5.14067609701777,6.27594328793784,2.51238848766968,2.46417701628149,3.01412807389323,2.46559429552966,14,10,1,0.1,1,0.6,0,10,FALSE,1
2869,2.484906649788,4,7.06094016485304,7.60171884358554,3.53130413306596,1.16751746101459,2.17644314580874,0.816302027098917,8,3,1,0.338842975206612,1,1,-0.320053574229865,11,TRUE,4
2873,5.04342511691925,7,7.43180424922904,7.65248600836471,1.57906058296457,1.59094850642177,2.16144782516253,2.23092134429749,21,16,2,0.075139146567718,0.537190082644628,0.37012987012987,-0.177397853416107,154,TRUE,7
2899,3.78418963391826,3,7.57384067887617,8.92005828528722,4.55162169545335,1.31752388602187,2.16664130160442,5.69557997890614,41,10,3,0.121687398593835,0.478637101135749,0,0.337808659667091,43,TRUE,3
2900,4.02535169073515,5,8.94704528140861,9.68786722462642,3.4656504499077,1.75361102233253,2.52347074449326,4.94755371529695,22,14,1,0.0816528925619835,1,0.236363636363636,0.124461478114379,55,TRUE,5
2902,5.06890420222023,7,7.74194499129566,7.92234249163679,1.65232071464036,2.75528643644612,4.96564194630866,2.98138755192643,23,17,4,0.0921326710463067,0.495032847300112,0.278481012658228,-0.127674470748044,158,TRUE,7
2913,4.36944785246702,7,7.77863992718326,7.92302162873906,2.00565110156728,1.79372183294572,2.573929536139,2.6141328181416,8,13,1,0.0834976988823143,1,0.423076923076923,-0.0603089233468287,78,TRUE,7
2914,4.17438726989564,5,7.75910577356737,9.31044200513278,4.70698494136259,1.635044421206,2.0781472075408,5.25035664756059,73,14,3,0.0888671875,0.61376953125,0.3125,0.183044840277342,64,TRUE,5
2938,5.38449506278909,7,8.32504005229401,8.56022503365027,1.9263311681295,2.41705490058245,3.51105284124556,3.02664084369075,25,22,4,0.0650470385865064,0.455541633927244,0.341013824884793,-0.101994135989881,217,TRUE,7
2945,3.43398720448515,5,7.01511465479947,8.48157241606836,4.260958918858,1.3519440289644,1.68101422367427,5.02708825470375,15,9,1,0.12,1,0.333333333333333,0.380339537375128,30,TRUE,5
2946,4.59511985013459,7,7.93637493412354,8.08559485976281,2.1676029111326,1.79973951973834,2.58055996176482,2.85953102626597,10,16,1,0.0689296126613911,1,0.438775510204082,-0.0678230762462755,98,TRUE,7
2970,2.83321334405622,3,6.68164552670916,8.78383439534957,5.81117952856973,1.31262074425521,1.33073459826786,5.32932044851596,10,7,1,0.1484375,1,0.375,-0.174954538013451,16,TRUE,3
2975,4.72738781871234,7,8.65149685609462,8.747695194783,2.62715197094176,2.07604947778201,3.20455582930986,3.22809595020281,16,19,1,0.0601084183673469,1,0.464285714285714,-0.0653635000259919,112,TRUE,7
3008,3.55534806148941,5,7.06946201028076,8.36669362243241,4.1747578545894,1.2631809365663,1.38951054270686,5.01814417437396,14,10,1,0.115916955017301,1,0.352941176470588,0.183711957980028,34,TRUE,5
3024,2.19722457733622,4,6.89637127548012,7.25712013934108,3.1778128164967,0.75742372190922,1.20806719896965,0.116143726701643,15.5,2,1,0.5,1,1,-0.492189795527122,8,TRUE,4
3031,1.6094379124341,4,6.61068359526773,2.87823136624256,2.87823136624256,1.67935743423265,1.40105878348254,5.75646273248511,8,3,1,0.375,1,0,-0.130193577320796,4,TRUE,4
3036,4.63472898822964,7,9.16631091026178,9.35562834727909,1.35305872717967,2.21871486273446,2.89980591667443,2.36862886780168,13,16,1,0.0668973471741638,1,0.313725490196078,-0.163843654307839,102,TRUE,7
3038,4.99721227376411,7,9.51380058976654,9.5073565302779,2.07164020317601,2.04446169716299,3.61238864695165,3.09213875483836,54,19,2,0.0665000694155213,0.659401175436161,0.353741496598639,0.00370686490547103,147,TRUE,7
3057,1.79175946922805,1,4.78848147154287,11.5129254649702,11.5129254649702,1.08746211752514,1.03337176679971,0,10,5,1,0.2,1,0,0,5,FALSE,1
3072,4.75359019110636,7,8.26187020609236,8.30764730160142,1.97149501073125,1.66805279002633,2.81339983492004,2.50213628568224,9,18,1,0.0596597353497164,1,0.452173913043478,0.00842987671727924,115,TRUE,7
3074,4.67282883446191,7,7.90884863260638,7.97290715474033,2.68466461421115,1.70061626682751,2.09902161739488,2.85829412596058,2,18,1,0.0621217515129939,1,0.547169811320755,-0.0253916409591889,106,TRUE,7
3076,3.43398720448515,4,7.83316215091736,9.0769829649849,3.45387763949107,1.42335760208296,1.47722960299412,5.36607784718792,4,9,1,0.126666666666667,1,0.0333333333333333,-0.0811074748458749,30,TRUE,4
3077,4.72738781871234,6,8.12577835775063,8.14909721575765,1.14215494733769,2.45988845483625,3.39385626362448,2.6274783757282,65,14,3,0.084343112244898,0.453603316326531,0.1875,-0.554290135679416,112,TRUE,6
3091,4.59511985013459,7,7.40867682569738,7.63619178505579,3.18814808070917,2.26723500026071,2.51737155713839,3.1657551929632,6,18,1,0.0676801332778009,1,0.602040816326531,-0.0584202008718578,98,TRUE,7
3095,5.06890420222023,7,8.60312437189634,8.79439526713782,2.60936063768291,2.17480696241673,3.47415902959724,3.17247577943916,22,22,4,0.0550392565294023,0.712946643166159,0.512658227848101,0.0238462516984961,158,TRUE,7
3096,4.7361984483945,7,8.86909438283853,9.50818189859582,1.97358576267291,1.99468753235317,3.16257633247313,4.11013544330179,70,16,4,0.0884172605529016,0.508497141514606,0.150442477876106,-0.325624992293895,113,TRUE,7
3101,2.484906649788,2,7.47291319110864,9.67029499931387,6.2797775263474,0.768868386182754,0.451409901708915,6.01242923440404,11,6,1,0.173553719008264,1,0,0,11,FALSE,2
3103,0.693147180559945,1,5.97380961186926,11.5129254649702,11.5129254649702,0,0,0,15.5,1,1,1,1,0,0,1,FALSE,1
3104,4.64439089914137,7,7.42002602443153,7.72623332006859,3.07503212649173,2.07884139972853,2.51050262693972,3.27781079865526,10,19,1,0.0626826279573947,1,0.592233009708738,-0.0364674267043403,103,TRUE,7
3112,4.86753445045558,7,8.64236391132444,8.7916623647149,2.76869624914817,2.09833435693044,3.08369575289958,3.20373816563139,11,21,1,0.0525809747010396,1,0.511627906976744,-0.0312367369105095,129,TRUE,7
3143,5.30330490805908,7,8.27242619398761,8.49658525195843,2.64985280222242,1.96184430011322,3.3795439347887,3.33446861059088,25,23,3,0.0536,0.55455,0.48,0.116374174141518,200,TRUE,7
3170,4.45434729625351,7,8.54583101822532,8.50941060553723,2.78772262924982,2.002316964562,2.12862583974514,3.43003894488209,18,15,1,0.0740484429065744,1,0.423529411764706,0.0275239996730251,85,TRUE,7
3171,2.63905732961526,1,7.8551743837382,11.5129254649702,11.5129254649702,1.81619105563546,2.30742294382418,0,15.5,13,1,0.0769230769230769,1,0.384615384615385,0,13,FALSE,1
3177,2.99573227355399,2,7.36191959190802,10.776176422557,9.65023315965227,2.0283284960285,3.55032902360634,3.80501406770833,16,13,2,0.0914127423822715,0.811634349030471,0.526315789473684,0,19,FALSE,2
3186,4.75359019110636,7,8.01564191268083,8.18471307787197,2.93074644367772,2.00116838054938,2.13838469777588,3.10887068690834,30,19,2,0.0593572778827977,0.965822306238185,0.573913043478261,0.0577610949447398,115,TRUE,7
3191,1.38629436111989,3,5.98772030141581,6.34177181007959,2.56494935746154,0.633389378293874,0.553890554964333,0,15.5,1,1,1,1,1,-0.543010153485604,3,TRUE,3
3211,4.90527477843843,7,8.30830448945608,8.57306227108304,2.87909310460186,2.11689357513747,2.4918818089149,3.35639497757026,11,17,3,0.0721764312764536,0.643461795500111,0.522388059701492,-0.11176454171903,134,TRUE,7
3212,4.27666611901606,6,8.81409515127837,9.4606141976719,3.08037496257467,1.36487723568397,1.39097605436527,4.60638739208533,12,14,2,0.0787542154334457,0.97222773259274,0.23943661971831,0.143004847649952,71,TRUE,6
3246,5.07517381523383,7,8.1344119728438,8.38973173813157,3.30371359664004,2.13705236864278,2.70626319654526,3.22689524348222,39,23,2,0.0569202167635774,0.701752304101895,0.635220125786163,-0.0352040765407271,159,TRUE,7
3262,1.6094379124341,1,7.91183281448056,8.59514444843766,4.60349377784194,1.64820224360934,2.01797348416859,1.27101244961902,6,4,1,0.25,1,1,0,4,FALSE,1
3268,3.61091791264422,5,7.39810410386785,8.62864092566616,4.00288618556754,1.60301432869929,1.91704252332985,5.14268924492418,14,11,1,0.0925925925925926,1,0.277777777777778,-0.518466129907245,36,TRUE,5
3275,4.48863636973214,7,9.42990438304166,9.52220268500212,1.1350961682432,2.50134383770781,3.88916087694318,2.66822410606032,59,14,3,0.0826446280991736,0.870609504132231,0.215909090909091,0.0686167438632967,88,TRUE,7
3278,3.43398720448515,3,7.43554668372296,9.58708622679859,6.99046814193243,1.84652898741383,2.53088152506594,5.02946540353358,31,14,2,0.0866666666666667,0.82,0.666666666666667,0.642491117270768,30,TRUE,3
3303,4.79579054559674,7,7.80220323992229,8.07280358357603,2.25934787156735,2.09628434259317,2.94987455050457,3.03204847187478,20,18,2,0.0573611111111111,0.95125,0.408333333333333,-0.0847635436411263,120,TRUE,7
3311,4.67282883446191,7,8.07998947322373,8.14580822986155,2.56405510025977,1.54643240271126,1.95370311178044,3.25107846823334,8,18,1,0.0626557493770025,1,0.471698113207547,0.0169875846880991,106,TRUE,7
3318,4.8283137373023,7,8.01808680201709,8.1658900703623,2.8951128563757,1.70052308766375,1.55394833234257,3.07640521417076,16,22,1,0.0545005202913632,1,0.540322580645161,-0.00378915804639721,124,TRUE,7
3325,4.46590811865458,7,7.64779085496964,7.66026069387339,2.62387891573811,2.0850747484854,2.32276880325969,2.72521161254557,18,13,1,0.0800432666306111,1,0.569767441860465,0.0312013992226742,86,TRUE,7
3326,4.68213122712422,7,8.12641597067434,8.52595423470756,3.289325879167,2.00562721710063,1.81110621643209,3.24934683253596,13,20,1,0.0596558651410603,1,0.579439252336449,-0.207822325685344,107,TRUE,7
3332,4.49980967033027,7,7.71461070224784,8.15362719034173,3.2806925995379,2.19211818966206,2.54901510940286,3.40428955376827,19,15,2,0.0783991920212094,0.893952783739427,0.561797752808989,-0.0148268065135804,89,TRUE,7
3334,4.45434729625351,7,7.14162470974106,7.37782935440667,2.1297519661017,1.93011784587581,2.17237014831739,2.70092593401649,2,16,1,0.0726643598615917,1,0.470588235294118,0.0626279758116019,85,TRUE,7
3344,2.83321334405622,6,7.08248889343502,8.38900535413714,5.36758975361515,0.84779444807383,1.26093186746124,3.71222553094955,8,4,1,0.3203125,1,1,-0.297347186049896,16,TRUE,6
3347,5.23644196282995,7,8.44308813002823,8.67812958979966,2.13135911085902,2.61687368305471,4.07698062468621,3.34152319463191,36,20,3,0.0643713002945466,0.50956561525923,0.352941176470588,0.0818623667068911,187,TRUE,7
3351,4.83628190695148,7,8.59728834825257,8.68806034536028,2.26335272400796,2.11513533383987,3.32177597011314,2.85359578693708,10,20,1,0.054464,1,0.464,-0.0141982866071196,125,TRUE,7
3354,5.35658627467201,7,8.22517736232782,8.33467976197875,2.17671842707357,2.74178440380406,4.09715135658815,3.26678005050923,24,23,4,0.063228588755868,0.468520473484423,0.345971563981043,-0.0266943673789899,211,TRUE,7
3358,3.25809653802148,7,6.93376289080466,6.75374805261625,1.9936318377113,1.36608247915957,1.3028494630444,1.81418705810641,12,4,1,0.2608,1,0.56,-0.165127084340732,25,TRUE,7
3360,4.70048036579242,7,8.94025459696196,9.02807978060654,2.77072595934368,2.48804610128884,3.0117717414819,3.39845119854716,22,18,1,0.0623684875010521,1,0.467889908256881,-0.0527914772162486,109,TRUE,7
3370,4.70048036579242,7,9.26472147976292,9.35725525646129,2.58577888358786,2.03588296409939,3.06883960449674,3.1414436515583,6,17,1,0.0627051594983587,1,0.458715596330275,-0.000932059415845697,109,TRUE,7
3371,3.97029191355212,4,7.74715459964643,8.65890651551668,3.36219312021669,1.42348029830249,2.77641320113799,5.0647475353044,28,11,3,0.108727810650888,0.677514792899408,0.134615384615385,0.0231978751985757,52,TRUE,4
3373,5.11799381241676,7,7.88605831285633,7.94768035026226,2.885460101859,1.76467793337741,2.04572079895462,2.51050259582688,17,18,3,0.0751197561329656,0.510741762229641,0.668674698795181,-0.0294096673306627,166,TRUE,7
3378,4.969813299576,7,8.09347288918603,8.19638762476482,1.68832196267631,2.23077887127446,2.81440157915306,2.90436914369759,33,16,2,0.0747713824636902,0.568683065186562,0.286713286713287,-0.0263645719422136,143,TRUE,7
3385,4.86753445045558,7,9.21475640802594,9.25935727269127,2.71916980090391,2.09651459637853,3.33935249593771,3.18236022783292,36,20,2,0.0541433808064419,0.969472988402139,0.511627906976744,0.0826293335784555,129,TRUE,7
3395,2.30258509299405,3,5.78423340585757,7.55274552729328,3.83764182165674,1.21276922583101,2.39578152983079,5.75646273248511,9,3,1,0.333333333333333,1,0,0.465011058260031,9,TRUE,3
3407,3.2188758248682,7,7.23617117093816,8.21809077466055,5.22200760737102,2.0292703933652,3.7062632946331,3.52671782560593,11,5,1,0.243055555555556,1,1,0.406842598907229,24,TRUE,7
3417,4.85203026391962,7,8.36684202753525,8.61658929886571,3.52667688166799,2.15028266753855,2.29273910142744,3.44838139717776,6,23,2,0.0525141050282101,0.984375968751938,0.582677165354331,-0.0627064459298692,127,TRUE,7
3422,4.95582705760126,7,7.42941287538935,7.80933797447393,2.2221270670335,1.85503615724155,2.73092474571748,3.09706376716598,34,14,3,0.0779135858357226,0.493083848900961,0.446808510638298,-0.312336350097915,141,TRUE,7
3457,3.61091791264422,7,7.66236961001961,9.18577374428257,6.21237439124646,2.2242879899602,4.16875620949261,3.61315096978722,26,13,1,0.141975308641975,1,0.805555555555556,0.268212456430977,36,TRUE,7
3458,4.63472898822964,7,9.25623852435362,9.07126934500496,1.96351729819433,2.16487946385042,3.16047219857284,2.92634930293703,34,17,1,0.0665128796616686,1,0.362745098039216,0.0335695234900934,102,TRUE,7
3462,4.43081679884331,7,7.46897716858383,7.56361930685894,2.00743350299893,1.71093821323773,2.11241634737707,2.9176811312549,9,15,1,0.0762084482508347,1,0.373493975903614,0.0171111780319768,83,TRUE,7
3467,4.67282883446191,7,8.73868710069318,8.7378529514201,2.50983531657739,1.95196861587701,2.49288632974872,3.22532088436817,54,18,2,0.0630117479530082,0.962976148095408,0.424528301886792,0.020283391818109,106,TRUE,7
3468,4.14313472639153,7,7.53238574870515,7.69050737419635,1.0447414126041,1.42166365992703,1.98399348987033,3.16887326761041,5,11,1,0.0993756503642039,1,0.0645161290322581,0.160236379936243,62,TRUE,7
3469,3.71357206670431,6,6.00220275446885,6.78689654697024,2.51684301323751,1.49581089844353,2.36770579411299,4.32303041927536,16,7,1,0.145,1,0.25,0.00153189131871415,40,TRUE,6
3474,2.99573227355399,4,7.18479951235566,8.66662475147169,5.0873720883314,2.03713535324928,3.83128057862518,4.82067699202392,10,6,1,0.191135734072022,1,0.578947368421053,-0.00464494180001101,19,TRUE,4
3486,4.78749174278205,7,9.63731787115474,9.82837264383527,1.60955445342653,2.9062841126487,4.69115332198219,2.83957852404517,118,17,4,0.0667325753830944,0.774309723889556,0.302521008403361,0.236987797210691,119,TRUE,7
3487,4.54329478227,7,8.73238265416795,9.09584716356195,2.01118301917828,2.00947666995337,2.95135338675564,4.36464878354143,52,12,2,0.109261186264308,0.579142097352295,0.032258064516129,-0.0503941797309122,93,TRUE,7
3488,3.93182563272433,7,7.67503975743728,7.93204056293444,3.26368452701279,2.29271758788175,3.961589652123,3.46080850666381,3,11,1,0.1168,1,0.56,0.0792298297141082,50,TRUE,7
3498,4.89034912822175,7,8.08300744995815,8.43586984735943,3.36726878160064,2.01492775419763,2.63502760185935,3.32807584580803,25,20,2,0.0594582185491276,0.810376492194674,0.628787878787879,-0.0775271045762257,132,TRUE,7
3505,1.94591014905531,1,7.79651862477086,11.5129254649702,11.5129254649702,1.45693057787766,1.9031938885589,0,6,6,1,0.166666666666667,1,0,0,6,FALSE,1
3510,3.2188758248682,4,6.87200834168195,8.05391316178933,2.87823136624256,1.26293328562069,2.27467984963434,5.09246475486222,30,6,1,0.166666666666667,1,0,-0.106001941730435,24,TRUE,4
3512,1.79175946922805,4,6.96310565499744,7.65443556989824,3.60341168337596,1.00896927359906,0.70774700966111,0.760231882096293,11,2,1,0.68,1,1,-0.35140783109725,5,TRUE,4
3520,4.52178857704904,7,7.10115600851326,7.37855560876028,1.5060991125394,1.55675797758715,2.1418774649144,2.04439606598042,11,10,2,0.111701485327859,0.622267842048062,0.406593406593407,-0.151808084977966,91,TRUE,7
3533,2.19722457733622,1,6.12991501349921,11.5129254649702,11.5129254649702,1.31141826910127,1.47817713064771,0,11,8,1,0.125,1,0.25,0,8,FALSE,1
3545,4.82028156560504,7,8.58409062573033,8.72414156081201,3.46204995685585,1.9928542475009,1.99999425783998,3.29759483878194,14,21,1,0.0553242117787031,1,0.59349593495935,-0.032127508329206,123,TRUE,7
3556,1.6094379124341,1,6.91294323765085,11.5129254649702,11.5129254649702,2.59864190318944,3.3246491232516,0,8,4,1,0.25,1,1,0,4,FALSE,1
3557,5.7037824746562,7,8.54884494330731,8.77089515446415,2.47830631779748,2.28400875156861,3.15225698192585,3.22968864516869,65,20,4,0.0595630921354347,0.307658751020682,0.431438127090301,-0.202483231379034,299,TRUE,7
3558,2.39789527279837,3,7.78379966577972,9.44502770697881,6.29750677395034,1.37288599845768,1.74579861043503,4.63519342378298,10,4,1,0.26,1,1,0.372398945183149,10,TRUE,3
3584,2.484906649788,1,9.54227226579354,11.5129254649702,11.5129254649702,1.49075279586887,2.07357976520967,0,22,11,1,0.0909090909090909,1,0.181818181818182,0,11,FALSE,1
3586,1.79175946922805,1,6.88726333066406,7.0549125938442,3.60828351932004,1.4343134930488,2.4254358697703,1.14781508499058,14,5,1,0.2,1,1,0,5,FALSE,1
3591,0.693147180559945,1,7.06646697013696,11.5129254649702,11.5129254649702,0,0,0,2,1,1,1,1,0,0,1,FALSE,1
3597,4.7361984483945,7,8.96110537591476,9.05886057437576,2.26853055911163,1.85945359952107,2.78650718972712,2.77210839212202,41,17,1,0.061477014644843,1,0.442477876106195,-0.0860882995597586,113,TRUE,7
3601,4.61512051684126,7,9.27646359058272,9.5234467875642,1.80594148566495,2.12337153338877,4.22238403181086,3.02368039885679,97,16,2,0.0726,0.905,0.33,-0.0191904965025645,100,TRUE,7
3613,4.46590811865458,7,7.19880794427065,7.46084377607377,2.13276619552839,1.79374153290061,2.75511699111502,3.14100119790255,30,15,1,0.075716603569497,1,0.36046511627907,0.0798565502988789,86,TRUE,7
3619,4.0943445622221,7,7.12242355478606,8.25010258078773,4.6248721872998,1.72719067240795,1.57916056337086,4.21959157004988,6,13,1,0.0858948577994829,1,0.661016949152542,-0.0793508100094331,59,TRUE,7
3624,3.09104245335832,7,6.87187714238631,7.10982080555114,3.32137156578344,1.64483601675777,3.04317735025582,0.587751090355587,6,3,1,0.333333333333333,1,1,-0.213827905306944,21,TRUE,7
3646,2.30258509299405,7,7.36198700351321,7.38526429521218,3.7366063418137,1.2070538670112,0.319343806833728,0.613274743151322,15.5,2,1,0.654320987654321,1,1,0.250605807294849,9,TRUE,7
3647,4.56434819146784,7,8.82612583951302,9.15622696281528,1.93659330258024,1.83304904553773,2.41845616997564,3.40193044207412,14,16,3,0.0714681440443213,0.918448753462604,0.273684210526316,0.128824902362289,95,TRUE,7
3655,4.81218435537242,7,8.37480848477266,8.43049462197857,2.54920943125245,2.23094548422533,3.42388033678159,2.95289318986921,23,19,1,0.055495834453104,1,0.524590163934426,-0.144612225110055,122,TRUE,7
3662,4.68213122712422,7,8.07494855540494,8.23877407292433,2.34196893485318,1.75627780043836,2.18212355327367,2.83731663792591,12,16,2,0.0655952484933182,0.981483098960608,0.467289719626168,-0.0829831959970031,107,TRUE,7
3663,4.4188406077966,7,7.54703073220258,7.8566673290856,3.65064507257465,2.86246758993901,3.280890408618,3.78672325205768,2,16,1,0.0776323616894706,1,0.560975609756098,0.0334230343878705,82,TRUE,7
3664,4.70953020131233,7,8.76431962802481,8.67886950260812,1.35396477510279,1.86382789181734,3.52579918527806,2.18894180840029,4,18,2,0.0624793388429752,0.98198347107438,0.354545454545455,0.15118099959494,110,TRUE,7
3669,2.07944154167984,4,6.05230185971102,6.05733866054156,2.56494935746154,1.1358334207905,2.11251028872948,0,15.5,2,1,0.510204081632653,1,1,-0.322700017935923,7,TRUE,4
3670,4.27666611901606,6,7.94367402592029,8.7278799263605,4.26112365108429,1.93341461032819,2.88620567363382,4.36897290098474,13,14,2,0.0731997619519937,0.97222773259274,0.52112676056338,0.0350157834093284,71,TRUE,6
3671,5.64190707093811,7,8.43921806757011,8.55060633358926,2.34510285164786,2.43228743244003,3.47841350714402,3.53716738421419,79,22,4,0.05690150833956,0.346968756728005,0.405693950177936,0.237906003218908,281,TRUE,7
3676,5.12396397940326,7,8.49039641135508,8.73912102293152,3.19527257244733,2.22495111899197,2.97963022103743,3.75033343165062,13,26,3,0.0479400480476173,0.749363548352397,0.479041916167665,0.00212747890848541,167,TRUE,7
3680,4.82028156560504,7,8.83577386273903,9.00008832136607,3.76542063546365,1.98933317992168,2.00033063039535,3.4791076720577,12,21,1,0.0553242117787031,1,0.601626016260163,-0.0650060315494055,123,TRUE,7
3724,4.93447393313069,7,9.05077236934157,9.22211516439168,3.48148498839832,1.87955908535758,2.35522143061499,3.34634291708196,10,22,2,0.0598613736609956,0.795001050199538,0.601449275362319,-0.0233878351268456,138,TRUE,7
3726,1.6094379124341,2,7.13171256450978,6.28806232561776,2.87106718893011,0.0330819882159823,0.0302577034162006,0.355109726388295,24,2,1,0.5,1,1,0,4,FALSE,2
3742,1.6094379124341,4,6.87005540534283,7.00903219894615,3.04518870938647,0.302215407420081,0.473171859382085,0.320737381499837,15.5,1,1,1,1,1,-0.215962146879401,4,TRUE,4
3748,5.01727983681492,7,8.0393804779493,8.14370386771195,2.26077786966853,2.21411916345306,3.50082941348848,2.66511853633838,25,20,2,0.0603555555555556,0.696355555555556,0.52,0.0986218863959246,150,TRUE,7
3749,3.49650756146648,3,7.6205456275095,9.78079094592042,5.75646273248511,1.97861572361797,3.22433831292147,5.84857198477979,16,8,2,0.125,0.595703125,0,0.363205976645368,32,TRUE,3
3752,4.44265125649032,6,8.07165511590295,8.43638519737985,2.63539814179159,2.0794098062401,2.70841145575958,2.9291706310896,8,17,1,0.0606575963718821,1,0.523809523809524,-0.464222154451049,84,TRUE,6
3754,3.58351893845611,4,8.00078638192622,9.09140682594063,3.28940727570578,1.36599437369878,2.3687750614912,5.27694073506801,4,10,1,0.103673469387755,1,0,-0.444379907678505,35,TRUE,4
3756,3.25809653802148,7,8.80635839517412,9.31619282460763,6.06239454237353,2.19935166633023,4.02767524401948,2.84118483615425,3,4,1,0.2544,1,1,0.166637896864952,25,TRUE,7
3764,4.91265488573605,7,8.55061085014541,8.64519730059344,2.1553733074312,2.16567925820854,3.71959322377816,2.79594761797907,54,20,2,0.060082304526749,0.802469135802469,0.481481481481481,-0.0206290042482395,135,TRUE,7
3765,1.09861228866811,2,5.09856342273102,4.72664327529329,0,0.669758262892129,0.473590609446747,0,4,1,1,1,1,0,0,2,FALSE,2
3775,3.80666248977032,7,6.85033306438772,6.76863537337138,0.663754697789398,1.86152764484231,3.18809773343649,1.91650146956085,9,9,1,0.116735537190083,1,0.159090909090909,-0.518738817564991,44,TRUE,7
3780,3.46573590279973,4,7.42873149272775,8.01342920169149,4.58323862134288,1.74381292787632,1.60486767692376,2.64743860974778,19,7,2,0.171696149843913,0.687825182101977,1,-0.0579196134802977,31,TRUE,4
3782,1.09861228866811,1,4.18330141639187,11.5129254649702,11.5129254649702,2.52494558261417,1.7854061435935,0,15.5,2,1,0.5,1,0,0,2,FALSE,1
3795,4.06044301054642,6,7.1907685706367,8.33798531581758,3.75215813095714,1.84083653677704,3.04444118865436,4.83317084946717,16,11,2,0.105570944906125,0.758694983071714,0.298245614035088,-0.0203672073404699,57,TRUE,6
3797,3.43398720448515,4,6.73316558824187,8.67839696561055,4.71060017207397,1.40150480640673,1.77881258040732,5.38449712704461,34,10,2,0.108888888888889,0.935555555555555,0.3,0.0510838679680537,30,TRUE,4
3815,4.79579054559674,7,8.21659801064262,8.47687106636022,1.92044496470701,2.13545653358771,4.06184792734861,2.69912751471788,29,19,1,0.055,1,0.416666666666667,-0.0170775548084728,120,TRUE,7
3818,3.68887945411394,7,6.70970512561563,7.56429716136545,4.94123121975621,1.23319529680188,1.13595522122509,3.71264212936141,15.5,14,1,0.125575279421433,1,0.794871794871795,0.0756353935698259,39,TRUE,7
3824,5.14749447681345,7,7.41610135640411,7.61514286175563,2.30369804893816,2.15105226355894,3.15222922728786,3.04073965582715,28,20,2,0.0620703806299374,0.541055367463493,0.467836257309941,-0.0548439661184238,171,TRUE,7
3826,3.49650756146648,7,7.85316375144113,8.27989250158897,4.74831711321955,3.21701438806378,4.84115509885101,3.3246663469173,5,10,1,0.1640625,1,0.8125,0.222897180927523,32,TRUE,7
3828,4.07753744390572,5,7.65074214743547,7.93920394626136,1.6243537491336,2.15926410804643,2.8580228756379,2.7781644264852,4,15,1,0.0695600475624257,1,0.310344827586207,-0.40535262485043,58,TRUE,5
3849,3.13549421592915,3,8.39256916788334,6.91881741511778,2.09325917544913,1.99251619616727,3.05417467643031,4.54496929417359,4,9,1,0.115702479338843,1,0,0.984807619152318,22,TRUE,3
3851,4.30406509320417,7,7.34094413657293,7.41520318070366,2.53523000540545,2.00743295721305,2.40492448823424,2.75149712154654,28,12,1,0.0928879714768249,1,0.506849315068493,0.0174743459888517,73,TRUE,7
3855,3.8286413964891,5,7.65414646069509,7.81489284161455,1.78907513814846,2.28545190178183,2.5345356850858,3.01985697414108,21,12,2,0.0874074074074074,0.956543209876543,0.355555555555556,-1.0622016783321,45,TRUE,5
3862,2.99573227355399,5,7.19882405022757,8.17552911984926,5.138352691047,1.69603673984916,3.59054976523099,3.47686497869707,30,4,1,0.25207756232687,1,1,-0.0405122764309001,19,TRUE,5
3863,3.52636052461616,6,8.28041298958507,8.93109902708481,5.79567461421689,1.86375910578876,2.42358843849387,3.02065596663389,19,6,1,0.169880624426079,1,1,0.149377904801032,33,TRUE,6
3864,4.94875989037817,7,8.54621974439127,8.69269547718291,2.99160166335306,1.90253249393825,2.03607211336413,3.0546395446641,11,21,2,0.0593877551020408,0.797551020408163,0.585714285714286,0.039529469793831,140,TRUE,7
3870,5.55295958492162,7,8.20673605463985,8.52904407232728,2.16939611780021,2.39207881132047,3.36876222701114,3.74200279308,66,19,6,0.0734757528501567,0.28889158049327,0.260700389105058,0.0111912721743885,257,TRUE,7
3878,2.30258509299405,3,5.3594327209311,8.22413100321088,5.11685576220899,1.60679008064139,1.9733002980528,6.0678445001765,7,4,1,0.259259259259259,1,0,0.725071016365027,9,TRUE,3
3905,0.693147180559945,1,6.69140112744397,11.5129254649702,11.5129254649702,0,0,0,6,1,1,1,1,1,0,1,FALSE,1
3924,4.80402104473326,7,8.74424693265382,8.79214702159995,2.35590082297501,2.0672807412018,2.19191207946159,2.85105088239717,14,18,1,0.0571682262140564,1,0.479338842975207,-0.0152774822717253,121,TRUE,7
3932,3.87120101090789,7,7.78593546005772,7.9541826698785,5.08386971427903,2.83908672070728,6.3122257516736,2.72512462235427,18,6,2,0.200543232231779,0.641466727025803,1,0.0933299073772909,47,TRUE,7
3936,4.39444915467244,7,7.56111199285206,8.28511479635973,3.6243568736991,1.94552961902767,2.34838995676613,4.36646033073482,17,15,1,0.07875,1,0.475,0.0185514756863951,80,TRUE,7
3941,3.89182029811063,5,7.41597641763238,8.31781147375932,2.49993310625329,1.39039729697439,2.14748615474588,4.69805628712973,20,10,1,0.1015625,1,0.0625,-0.0849965815204961,48,TRUE,5
3948,4.9416424226093,7,8.84221844016706,9.06079731582794,3.22707239975706,2.19549514034315,2.93252184946665,3.56920079559283,8,25,1,0.0472542829046116,1,0.525179856115108,-0.037160158996145,139,TRUE,7
3962,5.28826703069454,7,8.13764865182156,8.33784211387315,1.67830495457803,2.38087688049607,3.66316587452622,3.43426678909158,11,15,4,0.082893143343039,0.31680795691721,0.16243654822335,-0.0418132526796923,197,TRUE,7
3967,0.693147180559945,1,6.25575004175337,11.5129254649702,11.5129254649702,0,0,0,10,1,1,1,1,0,0,1,FALSE,1
3976,4.43081679884331,7,8.08713273992143,8.40946473006491,2.23378904753179,1.59034784565041,2.3006853002631,3.57605505793915,10,17,1,0.07156336188126,1,0.385542168674699,0.0668455558066374,83,TRUE,7
3985,4.69134788222914,7,8.29773827407905,8.50292235848049,2.74550515231379,1.96226565429072,2.50653785153382,3.54447041381425,8,21,1,0.059156378600823,1,0.462962962962963,-0.0599465561175601,108,TRUE,7
3990,4.80402104473326,7,8.93602714269096,9.08452324802476,2.89217149462614,1.68201483832186,2.444931619522,3.28859716380692,6,21,1,0.0555289939211802,1,0.495867768595041,-0.0141205504963317,121,TRUE,7
3993,4.11087386417331,7,7.06328708620692,6.06825291365359,3.50439919229079,1.80355457763381,2.07580612378536,3.22476300511038,15.5,15,1,0.0816666666666667,1,0.683333333333333,-0.117506920029016,60,TRUE,7
3998,4.76217393479776,7,7.97017245731343,8.06040684073419,2.97197832931241,2.07346042540779,1.8810828105146,3.31286938986321,8,18,1,0.0584126040428062,1,0.491379310344828,0.0159945900812948,116,TRUE,7
3999,3.25809653802148,4,7.6111974788703,8.78968756100052,6.26910220204528,2.2249355146774,4.60992455310537,3.5662690376586,34,7,1,0.1552,1,0.96,-0.0361553166738577,25,TRUE,4
4000,4.30406509320417,5,7.98374705136532,8.72145709041609,3.78305905239582,1.59876720109267,2.36240358820496,4.54920718006572,8,16,1,0.0658660161381122,1,0.452054794520548,0.271307957907018,73,TRUE,5
4007,1.38629436111989,1,7.72464894824189,11.5129254649702,11.5129254649702,1.91681086296244,1.83340374905643,0,6,3,1,0.333333333333333,1,1,0,3,FALSE,1
4009,5.14166355650266,7,6.97797866020225,7.08000893781187,2.07109164444526,2.2730319467998,2.60043366790325,2.4397085636329,9,18,2,0.0658131487889273,0.558200692041522,0.523529411764706,-0.00387651058851284,170,TRUE,7
4021,4.44265125649032,7,8.08578527417517,8.12284945470271,2.03024934478551,1.92763643239767,3.0808230512894,2.67541262629626,2,12,1,0.0833333333333333,1,0.416666666666667,-0.0538402923461422,84,TRUE,7
4024,4.86753445045558,7,8.64015959037535,8.81596109326361,2.88047350893883,2.11487746472525,2.82498453967766,3.211594159012,5,21,1,0.0531819001261943,1,0.511627906976744,-0.0606040804704985,129,TRUE,7
4027,5.32300997913841,7,8.16354636869734,8.45581481102821,2.98030314245708,2.45252277240201,3.35474448170644,3.35014376421427,6,24,2,0.0533448673587082,0.549211841599385,0.529411764705882,-0.0668753206981455,204,TRUE,7
4028,3.98898404656427,5,8.72436906832121,9.61283557262631,2.8239251140493,2.20323218654113,3.93653688807832,5.00089525498317,20,10,2,0.105731577073692,0.799216803132788,0,0.185953451502792,53,TRUE,5
4029,3.78418963391826,6,7.93171496513944,8.82361158779529,5.01817753155169,1.87828755901852,3.46221008810109,3.92984134809153,17,14,1,0.0881557598702001,1,0.627906976744186,-0.404039362865883,43,TRUE,6
4030,1.09861228866811,2,3.73082019610429,11.5129254649702,11.5129254649702,1.03957130960729,0.735087922550297,0,15.5,2,2,0.5,0.5,0,0,2,FALSE,2
4034,4.15888308335967,6,7.98116000728459,8.39918791913276,2.37568303245417,1.75323485928013,2.86277402588249,4.69652081942472,9,8,3,0.143864953388763,0.516754850088183,0,0.105045852381836,63,TRUE,6
4047,0.693147180559945,1,6.83087423464618,11.5129254649702,11.5129254649702,0,0,0,15.5,1,1,1,1,0,0,1,FALSE,1
4061,4.91998092582813,7,9.39070348270586,9.56977910125188,3.05539853420859,2.26384247467344,3.05896450792362,3.2769488315222,53,22,2,0.0499567474048443,0.985402249134948,0.536764705882353,-0.0506335849332809,136,TRUE,7
4086,5.01727983681492,7,8.93106655628754,9.03935753623055,2.9410220044024,2.48885715846187,3.87787275258045,3.31155235601865,29,22,2,0.0537777777777778,0.799022222222222,0.54,0.0388052538697885,150,TRUE,7
4089,4.70048036579242,7,7.47350551127389,7.6122494888229,1.88356628038704,1.82887542164488,1.72086247874191,2.60098312844452,11,17,1,0.0620318155037455,1,0.394495412844037,-0.0868363708638545,109,TRUE,7
4109,3.25809653802148,5,7.78336187624946,8.66432503637134,5.67137859899638,1.96134615317565,4.175500783101,3.69943354845009,4,6,1,0.168,1,1,0.293431790196186,25,TRUE,5
4118,3.73766961828337,5,7.94946116036155,8.61530438989482,3.17314692930001,1.56018804680167,2.19464994380377,4.90125690504486,15,10,1,0.110053539559786,1,0.219512195121951,0.567835248599542,41,TRUE,5
4123,4.52178857704904,7,7.40270432097955,7.64502305695009,2.73453106352653,1.92407239012623,1.8263478762419,2.62342657216101,4,15,1,0.073541842772612,1,0.615384615384615,-0.050189159281769,91,TRUE,7
4134,1.94591014905531,1,6.30838232539797,11.5129254649702,11.5129254649702,1.63184957830552,1.83806079823251,0,5,6,1,0.166666666666667,1,0,0,6,FALSE,1
4148,4.85203026391962,7,8.43938797876521,8.56306796594038,2.53178007104887,1.86053395616217,2.96061210878913,2.83666605627388,26,19,1,0.054746109492219,1,0.503937007874016,-0.0970167475140535,127,TRUE,7
4154,3.98898404656427,7,6.6187458684648,7.58004562419004,3.53666012509133,1.61260301089882,2.45328560081104,4.01880910492201,6,10,1,0.107155571377714,1,0.528301886792453,0.136493209696926,53,TRUE,7
4170,4.96284463025991,7,8.80668634818886,8.89292828089258,3.04856845169551,2.15164237473532,2.68521921122469,3.14775376203621,11,22,1,0.0487006546320175,1,0.556338028169014,-0.0308276328376452,142,TRUE,7
4194,3.40119738166216,4,7.16139687932326,7.58050564096853,0.819070279721085,1.58646493884007,1.87361190958456,1.65850224611004,20,11,1,0.0963139120095125,1,0.206896551724138,-0.439091271895325,29,TRUE,4
4198,4.56434819146784,7,8.95880305974423,8.85437244841884,1.23632006516062,1.81763408114864,2.55714137607483,2.76034180558525,28,13,2,0.0920775623268698,0.692853185595568,0.178947368421053,0.0507826201729404,95,TRUE,7
4201,3.61091791264422,3,6.47055061534293,9.67679249329653,6.7158731878993,2.72875686828681,3.07093679858552,5.75646273248511,7,13,5,0.135802469135802,0.506172839506173,0.166666666666667,0.318477368975767,36,TRUE,3
4226,4.90527477843843,7,7.7111826686118,8.14505247425055,2.44453107345109,2.03653830049394,2.88931510010485,3.29217672965211,35,15,3,0.0767431499220316,0.54377366896859,0.447761194029851,-0.0743116940282979,134,TRUE,7
4229,5.4249500174814,7,8.23065958242845,8.41061527263544,2.11374882611119,2.56108530852394,3.1064156872747,3.23236632534886,19,20,5,0.0619469026548673,0.392904691048633,0.36283185840708,-0.0150386526203024,226,TRUE,7
4236,2.484906649788,3,8.04036635322409,8.64806286595377,5.49527842367776,2.62349125818842,4.58496312096298,2.70218900829331,16,6,2,0.173553719008264,0.834710743801653,0.909090909090909,-0.750634403229004,11,TRUE,3
4237,5.30330490805908,7,8.7229364896425,8.84730547993568,0.927089652452282,2.07705368800384,2.42994849962018,2.38416845058141,27,17,4,0.0782,0.39375,0.185,-0.0356290493885034,200,TRUE,7
4247,4.46590811865458,6,8.21047611606824,8.41532427086702,2.78563804973613,2.09000614793369,3.19562102827388,3.78270479529575,12,17,2,0.0630070308274743,0.954570037858302,0.418604651162791,-0.202281723743684,86,TRUE,6
4250,2.484906649788,1,7.92577808122757,11.5129254649702,11.5129254649702,1.36264752565934,2.2642440578951,0,22,10,2,0.107438016528926,0.834710743801653,0.181818181818182,0,11,FALSE,1
4251,0.693147180559945,1,5.20015311776081,11.5129254649702,11.5129254649702,0,0,0,8,1,1,1,1,0,0,1,FALSE,1
4260,5.08759633523238,7,8.41062771463156,8.44387687797884,1.53977372520156,1.86412894889975,2.78968315559908,3.02500548516937,42,15,2,0.0751128428687165,0.523629489603025,0.236024844720497,0.0588835826193437,161,TRUE,7
4265,2.07944154167984,1,8.37017759343346,11.5129254649702,11.5129254649702,1.85135131045922,1.70290479779837,0,4,7,1,0.142857142857143,1,0,0,7,FALSE,1
4276,2.484906649788,4,7.82152508598487,9.00488616784051,5.44842180123515,2.1339068382192,3.04812381803207,3.41178175139608,6,5,1,0.256198347107438,1,0.818181818181818,0.180000163097771,11,TRUE,4
4277,5.25749537202778,7,9.06664592839844,9.27556028018237,2.35275608452118,2.36046046625206,4.1924291203114,3.42858344408426,79,21,3,0.0619774677229243,0.503632027630822,0.340314136125654,-0.0786631596175316,191,TRUE,7
4283,3.36729582998647,5,7.16418604401615,7.36383684457571,2.62395861846758,1.75967816821293,3.28360303839436,2.16899110631419,9,7,1,0.160714285714286,1,0.642857142857143,0.0175819637689286,28,TRUE,5
4288,3.43398720448515,5,6.17914018061919,7.81460504472711,3.69039918964664,1.35436345130008,1.55623291510382,4.90060731195408,12,8,1,0.133333333333333,1,0.333333333333333,0.143325734806403,30,TRUE,5
4291,3.87120101090789,5,7.73733440396585,7.99783421627053,1.72954716793843,1.36788317651004,2.39762563368978,2.23499119596812,13,11,2,0.098234495246718,0.918515165233137,0.404255319148936,-0.336339962245128,47,TRUE,5
4297,4.91998092582813,7,8.80077279251511,8.9427572913692,3.2289180076905,2.05157286056311,2.09931980579278,3.42109613271526,14,23,1,0.049848615916955,1,0.536764705882353,-0.0261371884378154,136,TRUE,7
4300,3.76120011569356,7,7.43641365671428,8.56990108425187,5.85474720904297,2.44289259570383,4.12236593854524,3.57326138942377,10,10,1,0.14172335600907,1,0.904761904761905,-0.121485680380311,42,TRUE,7
4310,4.84418708645859,7,7.80010639021183,7.99691414105471,2.80110450512249,2.05675274874077,1.64608935850002,3.10672917264704,24,20,2,0.0560594608213656,0.938523557571177,0.547619047619048,-0.0111669151297485,126,TRUE,7
4315,4.54329478227,7,7.91155840001465,8.16579097580723,1.92477848411937,1.31629276592322,2.03477988708506,2.87180786999335,23,15,2,0.0720314487223957,0.978725864261764,0.387096774193548,-0.0744977083482561,93,TRUE,7
4316,5.39362754635236,7,8.03047375510247,8.23316595641776,2.63978886729385,2.1930033320154,3.20467917722158,3.38479748141754,11,22,3,0.0570672004336857,0.455057234002627,0.452054794520548,0.00626822032450452,219,TRUE,7
4330,3.04452243772342,7,6.74930147423407,7.05846868567599,3.33334625380033,1.03379496606627,1.4059005504199,0.647740244567637,15.5,2,2,0.52,0.505,1,-0.378386862377984,20,TRUE,7
4332,4.7361984483945,7,7.72081145265178,7.88622751750531,2.86518843012417,1.87363156993835,1.49575543235538,3.01867974280775,2,19,1,0.0597540919414206,1,0.566371681415929,-0.0168815537566182,113,TRUE,7
4334,2.30258509299405,5,7.01830321977325,8.80234666710997,6.36857394065397,1.00187654009697,1.45283979563036,4.88704927800773,12,4,1,0.382716049382716,1,1,0.248529151135163,9,TRUE,5
4344,2.30258509299405,7,6.73231391251806,7.45171851580677,3.86804372848612,0.412356198002037,0.342121969163332,2.9023566443977,9,2,1,0.654320987654321,1,1,0.0602353110436937,9,TRUE,7
4349,2.77258872223978,4,7.24956147256784,9.17707896299694,6.81060245071246,2.65621613789867,4.53844881907313,3.78222026203806,4,5,1,0.208888888888889,1,1,-0.415593890839649,15,TRUE,4
4351,5.70711026474888,7,9.14858081298993,9.29288850458821,2.89838401867929,2.15306630985365,3.05783962475115,3.46889865749321,39,24,4,0.0491555555555556,0.397977777777778,0.456666666666667,-0.0319867028722067,300,TRUE,7
4352,4.21950770517611,7,6.46526390152807,6.87802436281781,2.87586260123352,1.99309815665204,2.71016509384651,3.57500907870787,16,13,2,0.0911116061483627,0.914457562931611,0.492537313432836,-0.245348645484938,67,TRUE,7
4360,1.79175946922805,1,7.54121828553108,11.5129254649702,11.5129254649702,1.25151466185469,0.777068436251034,0,6,5,1,0.2,1,0,0,5,FALSE,1
4375,5.38449506278909,7,8.38050386299048,8.75632174334435,2.59237155850201,2.28631983253954,3.35829010571367,3.91111668956119,78,22,5,0.0641126377710293,0.40253562403109,0.327188940092166,0.138041499145326,217,TRUE,7
4388,4.72738781871234,7,8.9651328313126,9.0538216824332,2.49003510561181,1.77530692995915,2.99585416665651,3.25131848717507,13,19,1,0.0597895408163265,1,0.428571428571429,0.0790110814569683,112,TRUE,7
4391,3.80666248977032,6,6.72281189753456,6.89358203255772,0.742651329255304,1.29505729990607,1.5513224176657,1.3158241669956,8,10,1,0.108471074380165,1,0.25,-0.43068420633106,44,TRUE,6
4401,2.30258509299405,3,5.92290439446869,10.5468362354546,9.36155998899125,1.45615560223521,2.50289568762407,4.28469419348595,18,6,2,0.209876543209877,0.506172839506173,0.333333333333333,-0.84499046057913,9,TRUE,3
4414,4.969813299576,7,8.41090914258163,8.64299161200018,3.38432064451939,1.98224546678608,1.73954704617285,3.41497098394916,14,22,2,0.048755440363832,0.986111790307594,0.552447552447552,-0.0781452512881177,143,TRUE,7
4424,2.77258872223978,4,8.4020959485225,9.30483411584569,3.07011345732539,1.70141258269885,2.63231067693395,5.26990011720934,28,4,1,0.253333333333333,1,0,-0.166677095824812,15,TRUE,4
4430,1.09861228866811,2,6.25575004175337,8.8843377533618,5.75646273248511,0,0,8.14086766757574,9,1,1,1,1,0,0,2,FALSE,2
4438,3.95124371858143,5,10.4320110733634,10.6764944527937,2.70892363881652,1.86157763583214,2.3064073297259,4.93217558855244,49,9,3,0.117262591311034,0.788542868127643,0,0.220336366268513,51,TRUE,5
4447,3.68887945411394,7,7.29911296854053,8.34361815557164,3.95360650893435,1.60025683665248,1.80822788556863,4.14292683872559,13,11,1,0.132149901380671,1,0.435897435897436,-0.0832941517112703,39,TRUE,7
4450,5.06259503302697,7,7.41122440979191,7.98731098115254,2.52252644471269,1.75879798149426,2.20453499282097,3.68847986983013,5,22,3,0.0703882510446671,0.541563552273926,0.35031847133758,-0.0686285803407798,157,TRUE,7
4451,4.11087386417331,6,7.29385846325788,7.73670183419326,2.44842852361226,2.31460065005287,3.54075343372186,3.00635712935228,22,16,1,0.0711111111111111,1,0.5,-0.27817402133871,60,TRUE,6
4456,1.94591014905531,1,6.90431483014086,11.5129254649702,11.5129254649702,1.71990519241274,2.40781322588484,0,41,6,1,0.166666666666667,1,0.5,0,6,FALSE,1
4479,4.77068462446567,7,8.75724114980445,8.88012346434166,2.02830276665877,2.30277599320928,3.76076702594597,2.77896460821402,12,19,1,0.0567609029147491,1,0.427350427350427,-0.00457424258733543,117,TRUE,7
4485,4.71849887129509,7,8.36038907232215,8.47419201341811,2.28089653967253,2.17373108487026,4.20786033398291,2.96811930112858,22,18,1,0.0607905202499797,1,0.45045045045045,0.0772455947720774,111,TRUE,7
4489,4.60517018598809,7,7.92415690972486,8.42000545249195,1.84745002596653,1.80505877545603,2.67854546368809,2.78622227726255,20,17,2,0.0645852464034282,0.960412202836445,0.353535353535354,-0.249666535514627,99,TRUE,7
4496,3.49650756146648,5,7.41343325104452,8.39466005605362,2.87823136624256,1.34590460318048,2.01759605024929,5.06501191468127,4,8,1,0.126953125,1,0,0.191429169532566,32,TRUE,5
4510,4.75359019110636,7,7.97825588568045,8.13866606509122,2.97491919032181,1.88867291951085,2.00974805918577,2.91342473659989,7,19,1,0.0581474480151229,1,0.6,0.0691472601574242,115,TRUE,7
4516,4.54329478227,7,7.61760408542348,7.73110397165382,3.17507354366837,1.93734581704473,2.61502168029255,3.19024926763982,6,16,1,0.0694878020580414,1,0.591397849462366,0.141688224881296,93,TRUE,7
4529,4.57471097850338,7,7.60375263772065,7.68658809086811,2.2210275394573,2.13711966465995,2.9632719725243,2.57312680121386,15,15,1,0.0694444444444445,1,0.5,0.000734719564217157,96,TRUE,7
4538,4.4188406077966,6,8.08515453108018,8.83736057338527,4.75563154106134,2.16292672869502,2.39338144094455,4.21470769862546,11,16,2,0.0690065437239738,0.975907198096371,0.609756097560976,-0.0255126227771374,82,TRUE,6
4540,4.34380542185368,6,7.47462854076193,8.38048971399681,4.12621698357426,2.0127499584584,2.74106862232131,4.71225280992881,9,12,2,0.108379501385042,0.541897506925208,0.394736842105263,-0.127853762791395,76,TRUE,6
4549,2.63905732961526,2,7.83963528085658,9.12637084677898,6.19926755806089,2.4225840631229,3.12706699569617,5.97376369357556,4,7,1,0.14792899408284,1,0,0,13,FALSE,2
4550,4.67282883446191,7,9.14888578487821,9.26121998235215,2.37604382975915,2.08407396289286,4.02077955827872,3.37794889496293,23,19,1,0.0614097543609826,1,0.405660377358491,0.0266097047920078,106,TRUE,7
4572,3.89182029811063,5,6.87913743607522,7.96952217698519,4.63818295132731,1.46963570304207,1.94247887542888,4.96058390093348,19,13,2,0.0989583333333333,0.813368055555556,0.458333333333333,-0.0668359054845007,48,TRUE,5
4578,4.7361984483945,7,7.6249815776752,7.97386884147164,3.32485100200752,2.04578174378212,2.16250030316816,3.21398571869427,45,17,2,0.0628866786749158,0.91542015819563,0.575221238938053,-0.058773539749849,113,TRUE,7
4586,3.98898404656427,5,7.75722640655855,8.34576382671584,2.76305105029418,1.6537616432355,1.68939547680076,4.41857403101041,94,12,1,0.0857956568173727,1,0.226415094339623,0.415218812565418,53,TRUE,5
4592,2.07944154167984,1,6.43965925321508,11.5129254649702,11.5129254649702,1.5694933684838,1.60504531034415,0,4,7,1,0.142857142857143,1,0,0,7,FALSE,1
4595,4.93447393313069,7,8.09057458830093,8.3382230822042,2.97586329858118,2.27099375672668,3.57728351369901,3.24251813179487,22,22,2,0.0575509346775887,0.741965973534972,0.594202898550725,-0.00814316614372217,138,TRUE,7
4637,3.52636052461616,7,7.52697698374588,8.0729682411491,4.55565448690155,2.19848777468341,4.42326328005669,3.00613861169434,23,8,1,0.164370982552801,1,0.818181818181818,-0.00621894608929584,33,TRUE,7
4645,4.8283137373023,7,7.66802445376477,7.81434855892318,2.6677161741537,2.13830511134568,2.6093518757697,2.96076487843495,24,20,1,0.0548907388137357,1,0.548387096774194,-0.0609333525810681,124,TRUE,7
4649,3.87120101090789,7,7.64442746368837,8.44879610104895,4.89032512268688,1.60243619461692,3.12578708975851,3.68577728213714,9,7,2,0.186962426437302,0.665006790402897,0.808510638297872,-0.111961924280448,47,TRUE,7
4660,4.95582705760126,7,9.02041361674809,9.14954866318093,2.70328770803227,1.82504506209353,3.25795887092783,3.14652396297737,24,22,3,0.0532669382827826,0.892258940697148,0.49645390070922,0.036327128770712,141,TRUE,7
4664,3.52636052461616,6,7.45512758893538,8.26672381090069,5.57964021655314,2.43130926054903,4.79485439053764,3.18983568412438,12,6,1,0.168044077134986,1,1,-0.197939769623165,33,TRUE,6
4676,4.82028156560504,7,8.64950121811041,8.67518483909595,2.78068726950687,1.80427162800353,1.77511263909451,3.33132574176498,27,17,2,0.0699980170533413,0.750148720999405,0.504065040650406,0.109715613893185,123,TRUE,7
4678,2.19722457733622,7,9.50373416096581,9.63524681275121,5.09610412727541,2.00671399709413,0.562399052898698,1.19081074504244,11,2,1,0.78125,1,1,0.169874748045246,8,TRUE,7
4682,2.63905732961526,2,5.99921435382795,10.6938573170389,9.74170616266712,1.37921394101654,2.5855833161334,4.32349274222489,8,11,1,0.100591715976331,1,0.230769230769231,0,13,FALSE,2
4687,3.40119738166216,7,6.70061022104899,6.30720445455434,3.12096099008609,1.83843122039681,1.74078003161977,4.89166649724489,8,7,1,0.158145065398335,1,0.172413793103448,0.146422546050984,29,TRUE,7
4695,4.85981240436167,7,7.52144718115669,7.66776492200794,2.11689140319434,1.71123304242023,2.86060736131758,2.53672881286873,9,17,2,0.0684814453125,0.7257080078125,0.5546875,-0.0995544173161094,128,TRUE,7
4709,4.7361984483945,7,7.85401307870692,8.10892457294414,3.2209801671024,2.33084488339896,2.42896419264296,3.55984896901233,13,21,1,0.0572480225546245,1,0.530973451327434,-0.131453849945028,113,TRUE,7
4718,4.87519732320115,7,8.29547218572228,9.02661818115486,2.72887963903108,2.29330966722115,4.03749446701891,3.89507723882939,15,19,4,0.0605917159763314,0.671360946745562,0.361538461538462,-0.083006286454325,130,TRUE,7
4721,2.07944154167984,2,5.1508860942142,6.16726080610835,0.62238697524137,2.41748135960191,3.09172213821655,1.0861099064444,14,4,1,0.26530612244898,1,0.285714285714286,0,7,FALSE,2
4722,2.63905732961526,4,7.54101966358501,7.72462674188274,3.92636809135369,1.52035465535737,2.25940132100169,1.32013070752128,4,4,1,0.254437869822485,1,1,-0.154876452348215,13,TRUE,4
4740,3.63758615972639,4,8.37127053574153,9.3226358773566,3.48992126390434,1.5686283738667,2.24704631265232,5.30605884185033,16,11,1,0.0971512052593134,1,0.0540540540540541,0.167736577695346,37,TRUE,4
4742,4.45434729625351,7,7.8344620156678,7.87988636478949,2.17448657454578,2.11518581066431,2.41639060223942,2.67464188307963,13,14,1,0.0770934256055363,1,0.458823529411765,-0.095877659531879,85,TRUE,7
4745,4.55387689160054,7,9.62162712928905,9.47826105564124,1.31108604585454,2.24664832193996,2.44164137636848,2.1274936440405,41,15,1,0.0708465368945224,1,0.329787234042553,-0.0746570221034066,94,TRUE,7
4748,2.07944154167984,6,6.39627644720451,6.28436559886032,2.65836742423392,0.357123891707466,0.26477757758356,0.247160972640145,15.5,2,1,0.755102040816326,1,1,0.162746572789446,7,TRUE,6
4765,1.38629436111989,2,5.97971732840425,5.95629270455079,2.56494935746154,0.410343623616267,0.361605102839341,0,15.5,2,1,0.555555555555556,1,1,0,3,FALSE,2
4782,2.39789527279837,5,6.42424096315853,7.42672970180143,4.32348444099548,0.245721928689377,0.321557853498688,3.82841866221999,18,2,1,0.5,1,1,0.0490222939170899,10,TRUE,5
4808,5.60947179518496,7,8.59578476766761,8.65207166437073,2.7046042951625,1.95811403287438,2.9897956017353,2.99261132401854,13,23,3,0.0544171712802768,0.414278762975779,0.536764705882353,0.0625513459226625,272,TRUE,7
4815,3.80666248977032,4,8.49678939508613,9.38197757067262,3.71761137429828,1.55992393142272,1.9950161842987,5.01211158291343,43,12,1,0.0878099173553719,1,0.272727272727273,-0.109934962350965,44,TRUE,4
4826,4.77912349311153,7,8.82841946912497,9.01314392556923,2.98728850083791,2.30673669506079,3.23275465530417,3.55716373056631,42,20,1,0.0558747486354496,1,0.491525423728814,0.00421553862496247,118,TRUE,7
4838,2.30258509299405,1,6.01353131065696,8.12388886669247,0.743564860278514,2.25290238260619,3.06388203664781,1.52627836278293,6,9,1,0.111111111111111,1,0.222222222222222,0,9,FALSE,1
4862,3.87120101090789,5,6.58378412503138,7.95642663322077,4.35197672458083,2.04750009689697,2.40270900754093,4.63963293927078,15,12,1,0.0873698506111363,1,0.48936170212766,0.0483381963752277,47,TRUE,5
4885,4.62497281328427,7,8.58345254151449,8.62281441157221,2.04223386535434,1.75055136932371,2.26932972883464,2.82593402176719,30,14,2,0.0730320556808156,0.923929026566023,0.386138613861386,-0.0461112245341177,101,TRUE,7
4892,2.77258872223978,5,7.6170451440211,8.37124053555621,5.03458844496793,1.16620358542815,2.20573761974652,3.42648307784506,27,3,1,0.333333333333333,1,1,0.147682826318242,15,TRUE,5
4900,3.55534806148941,7,7.08341415529296,7.26245610141236,3.49317412866754,1.40003944423005,2.09258135611337,0.808652620193722,3,5,1,0.200692041522491,1,1,-0.135178040752513,34,TRUE,7
4904,2.07944154167984,1,8.04068942576022,11.5129254649702,11.5129254649702,1.1906550340175,1.22106913602542,0,10,7,1,0.142857142857143,1,0,0,7,FALSE,1
4925,4.85981240436167,7,8.19343526437252,8.26872188837938,2.68151626687877,1.71178637875988,1.88287979679253,3.00922421498939,4,20,1,0.053955078125,1,0.5078125,-0.039012165403921,128,TRUE,7
4948,4.38202663467388,7,6.31059138155592,6.46567611221611,1.62559286843485,1.14963459826604,1.25420107369093,2.76613268038056,26,12,2,0.110398974523314,0.587245633712546,0.367088607594937,0.113028243427593,79,TRUE,7
4950,0.693147180559945,1,6.50575416431514,11.5129254649702,11.5129254649702,0,0,0,15.5,1,1,1,1,0,0,1,FALSE,1
4958,5.37063802812766,7,7.88500736610891,8.06196893445352,2.31033674659034,1.88196282113332,2.95009510991299,2.8689878033414,49,21,3,0.0614464145340204,0.465411826360381,0.495327102803738,-0.0608267838463962,214,TRUE,7
4962,4.48863636973214,7,7.17438600044237,7.57366037877281,3.04583210049958,2.15946380348902,2.26088453696051,3.38956228845022,70,18,1,0.0663739669421488,1,0.613636363636364,-0.112493105496709,88,TRUE,7
4973,4.55387689160054,7,7.77396053538717,7.93568570686693,1.74251662501286,1.77500529972636,2.51867868505618,2.52709325276812,7,16,1,0.069714803078316,1,0.351063829787234,-0.0137872739487053,94,TRUE,7
4976,4.65396035015752,7,7.91288446809695,7.99891273341571,2.51732533330854,1.917722731704,2.07700550401396,2.95370769285764,16,17,1,0.0647189349112426,1,0.490384615384615,-0.0706040722588941,104,TRUE,7
4978,4.91998092582813,7,9.21600064438869,9.33301660410191,3.22426512695099,2.08132894147229,2.66549686914785,3.47985720809896,22,23,1,0.049848615916955,1,0.536764705882353,0.0632515145992097,136,TRUE,7
4980,4.72738781871234,7,8.58836924773769,8.80556858847841,2.23877069012714,1.8725529899174,2.83052719399248,2.8740392769391,12,19,1,0.0588329081632653,1,0.4375,0.013925112726112,112,TRUE,7
5012,3.78418963391826,7,7.82188237490249,7.9131253658479,4.55693837095825,2.40101363542682,3.92093957661923,1.99175911439515,8,10,1,0.143320713899405,1,0.906976744186046,0.162689994172687,43,TRUE,7
5020,2.39789527279837,1,7.91579190998792,11.5129254649702,11.5129254649702,0.999993509812269,1.50599254711875,0,24,10,1,0.1,1,0.2,0,10,FALSE,1
5029,3.09104245335832,4,6.65299402622622,8.63455380756828,5.23303001678537,0.603958080593213,0.705703399335357,5.16519380225534,12,8,1,0.142857142857143,1,0.523809523809524,-0.0873651142596383,21,TRUE,4
5032,4.87519732320115,7,7.79964213440628,8.04465845129129,3.02953593689559,2.22403639569686,1.89762892939948,3.18046695750818,25,22,1,0.0513609467455621,1,0.553846153846154,-0.22790535519848,130,TRUE,7
5060,5.23110861685459,7,7.32615681534613,7.40533462081452,1.46663362879691,1.70015233432919,2.80444778022874,2.36900398570078,6,16,3,0.0861949358307319,0.381373569198751,0.354838709677419,0.0384845906572041,186,TRUE,7
5066,3.89182029811063,7,7.29251161553962,7.46193216414986,1.67896829697482,1.76990727199097,2.18623617062917,4.10636068957553,20,8,1,0.129340277777778,1,0,0.184880691061015,48,TRUE,7
5067,2.07944154167984,1,6.28442712131513,8.48586348784257,2.10229852954247,1.77543500845904,2.12622225059857,2.65154080392135,10,7,1,0.142857142857143,1,0.428571428571429,0,7,FALSE,1
5074,4.78749174278205,7,8.87882160666998,8.98522310667951,1.62845064951439,2.70560689831649,4.25386085044389,3.62228946731587,18,12,3,0.092436974789916,0.519384224277947,0.117647058823529,-0.220411655420392,119,TRUE,7
5086,2.63905732961526,4,7.32288862302915,10.376954475249,9.40524012689599,2.40025825895619,2.72941617809364,4.01479188462233,17,10,1,0.124260355029586,1,0.384615384615385,0.855751353204187,13,TRUE,4
5095,4.46590811865458,6,8.06648055721327,8.79958178292213,3.6083799220522,1.96881637169115,3.09573632547747,4.60366014467061,17,19,1,0.0605732828555976,1,0.395348837209302,0.276050724874606,86,TRUE,6
5107,4.02535169073515,7,7.08839201063152,7.27046835013253,1.56481953471917,1.80178900166855,1.43017896415867,2.21010940907804,10,8,1,0.125289256198347,1,0.363636363636364,-0.0600344095171675,55,TRUE,7
5109,5.31811999384422,7,7.75467240255041,7.82588290673963,2.35447206972381,1.93245861877144,1.96222766659883,2.77672662357285,20,20,2,0.0571962435390327,0.526802397534519,0.482758620689655,0.0013688784044274,203,TRUE,7
5120,3.87120101090789,7,7.21569479362728,7.14852511885991,0,1.97658824943355,3.21044997609136,0,12,7,1,0.14440923494794,1,0,0.178998198969603,47,TRUE,7
5122,2.56494935746154,2,7.79790788579708,7.72258770973019,1.792240800206,1.82985717359198,2.88279376203071,2.74990917073713,20,11,1,0.0972222222222222,1,0.333333333333333,0,12,FALSE,2
5124,4.52178857704904,7,7.61611872120477,7.922862422509,2.97530878353379,2.14399398657238,2.20668755455807,3.06826179080215,8,19,1,0.0696775751720807,1,0.593406593406593,-0.191332173307199,91,TRUE,7
5134,4.87519732320115,7,7.59687989869993,8.10330395442577,2.10117725469218,2.16623185283183,3.53842308888973,3.8506610917397,38,18,3,0.085207100591716,0.488165680473373,0.238461538461538,-0.102944879083709,130,TRUE,7
5137,4.49980967033027,7,7.97665027999981,8.17229318752457,1.62130149723166,1.183643271894,1.61839528513066,2.80040118664192,7,14,2,0.084964019694483,0.855068804443883,0.314606741573034,-0.0970980920940398,89,TRUE,7
5141,0.693147180559945,1,3.93182563272433,11.5129254649702,11.5129254649702,0,0,0,12,1,1,1,1,0,0,1,FALSE,1
5142,2.56494935746154,6,9.29070305493705,9.65385901903327,6.10269042242621,0.541345935909684,0.194860268828487,2.63882303825908,15,2,1,0.5,1,1,0.169121462282582,12,TRUE,6
5145,3.36729582998647,2,7.0185095043055,9.27470970242413,8.01396264365287,1.97280405508449,2.77875663058462,4.53864175907474,32,11,3,0.114795918367347,0.477040816326531,0.571428571428571,0,28,FALSE,2
5148,3.80666248977032,4,7.45859006093906,7.96951407731941,0,1.75230060962998,2.71517402021655,0,26,8,2,0.135330578512397,0.583677685950413,0,-0.652923233063823,44,TRUE,4
5151,4.71849887129509,7,8.44245413551071,8.38399926724031,2.13937687564943,2.06518044411709,2.88141444401742,2.85143806839993,19,18,1,0.0611151692232773,1,0.432432432432432,-0.0454571730143729,111,TRUE,7
5174,4.82028156560504,7,8.45888929132394,8.54329568779429,2.23314607705569,2.19169570567886,3.39287414629944,2.72972194723409,12,18,1,0.0558529975543658,1,0.48780487804878,-0.00531552861273068,123,TRUE,7
5176,4.29045944114839,7,7.65660447820882,7.79307844366228,1.56737577562669,1.32711990375054,2.27891097749393,2.78124060926467,39,12,1,0.0949074074074074,1,0.305555555555556,0.024837519416737,72,TRUE,7
5190,2.07944154167984,7,8.0945846941549,8.53913636232829,4.49749085705773,0.625649936302798,0.522754358774848,3.18619314860963,8,1,1,1,1,1,0.24602212672565,7,TRUE,7
5211,2.56494935746154,2,6.83134171378304,9.22488236966019,5.75646273248511,1.62104319745352,2.88135019425235,6.01242923440404,4,6,1,0.166666666666667,1,0,0,12,FALSE,2
5215,4.70953020131233,7,6.86135478420863,7.12212794213202,2.183510971168,1.99142204014841,2.24132063484806,2.17411174883136,16,17,2,0.0633057851239669,0.913223140495868,0.563636363636364,-0.0946359374609151,110,TRUE,7
5232,4.85981240436167,7,9.01324574110063,9.3160824682814,2.88054193020497,1.86008391165691,2.87645236412186,3.33696185922093,10,19,3,0.0606689453125,0.8533935546875,0.484375,-0.125696031366023,128,TRUE,7
5246,4.89034912822175,7,6.94199288320797,7.29017656378706,2.82601312547919,1.94901957010253,2.17871571444974,3.57131985265032,19,17,2,0.0777089072543618,0.529384756657484,0.507575757575758,0.0907778176783652,132,TRUE,7
5252,2.30258509299405,5,8.19269102978857,9.09983759498015,6.1235892564177,2.72874185437664,5.15024695787774,3.47850975217251,40,2,1,0.506172839506173,1,1,0.311794467485148,9,TRUE,5
5256,4.04305126783455,7,8.30500738746675,8.55646323500314,0.715929047058256,1.18322015265233,1.73674824880238,2.31511549496639,32,10,1,0.110331632653061,1,0.107142857142857,-0.119770199143645,56,TRUE,7
5262,0.693147180559945,1,8.27565906539018,11.5129254649702,11.5129254649702,0,0,0,15.5,1,1,1,1,0,0,1,FALSE,1
5275,4.99721227376411,7,7.86214590835228,8.49806041960893,1.80134207955316,1.89646948702537,2.75021608799698,4.19686846746904,25,9,3,0.113424961821463,0.367763431903374,0,-0.0451885536058226,147,TRUE,7
5278,4.89034912822175,7,8.73655269400422,8.83469991418238,3.08129854822045,2.16707813565074,2.54376311389041,3.45382860045672,14,22,1,0.0508494031221304,1,0.522727272727273,-0.0616951148520913,132,TRUE,7
5325,4.31748811353631,7,7.45002095004145,8.58211112095088,3.33414394597547,2.03827322921024,3.1162124059592,4.8351425762216,31,13,2,0.0850986121256392,0.746895544192841,0.202702702702703,-0.21489823997174,74,TRUE,7
5326,4.71849887129509,7,7.81095007609583,8.606773482043,3.77456461177497,2.04758747417135,2.44651383354999,4.33939875684207,18,19,1,0.0583556529502475,1,0.459459459459459,-0.0805857447627387,111,TRUE,7
5352,4.75359019110636,7,8.72799063502596,8.88820713533183,2.13106663600934,2.15707046052099,3.77524244688216,2.72847387510693,36,19,1,0.0587523629489603,1,0.452173913043478,-0.00520518508072818,115,TRUE,7
5359,2.19722457733622,3,6.20289898765418,8.60062862614126,6.17237967411808,1.50899063796189,1.60297601095664,4.44922434461983,10,3,1,0.34375,1,1,-0.98504165898055,8,TRUE,3
5384,4.70048036579242,7,7.5296178981035,7.73174931010673,2.49005959131327,1.91371641093078,1.90926927796779,2.77508393890868,14,18,1,0.0613584715091322,1,0.504587155963303,-0.0783012959541635,109,TRUE,7
5411,3.2188758248682,3,6.19097823535692,6.90159544093414,1.52428540803136,1.34454977334281,2.28574585561246,3.26094883910948,8,9,1,0.118055555555556,1,0.333333333333333,-0.439418356251808,24,TRUE,3
5417,4.88280192258637,7,9.11359978867324,9.30065791239495,2.93386830733268,2.10079686846485,3.27884424430196,3.57038138097353,11,21,3,0.0565817842783055,0.883922848318863,0.458015267175573,-0.0244417348641584,131,TRUE,7
5428,2.94443897916644,2,6.84403671808667,7.29376244518779,3.06634718752511,1.89771245537459,2.38844293480284,2.00202128710639,6,8,2,0.154320987654321,0.555555555555556,0.777777777777778,0,18,FALSE,2
5430,1.09861228866811,1,7.95041362598142,11.5129254649702,11.5129254649702,4.02011647573848,2.84265162115444,0,19,2,1,0.5,1,1,0,2,FALSE,1
5434,4.59511985013459,7,7.5534550915286,7.4417224018328,3.07445548018524,2.26394845519483,2.00883990534612,2.85218633311247,16,16,1,0.0653894210745523,1,0.612244897959184,0.0406318633986276,98,TRUE,7
5436,4.49980967033027,7,7.88937513076276,8.40687386171665,3.08422668701617,2.21672774886596,3.5938367618961,4.24562616477963,22,16,1,0.069814417371544,1,0.370786516853933,0.2509306657627,89,TRUE,7
5444,2.89037175789616,1,7.42131491459671,11.5129254649702,11.5129254649702,1.6699709959048,2.28726271378242,0,22,11,2,0.100346020761246,0.515570934256055,0.235294117647059,0,17,FALSE,1
5446,4.66343909411207,7,8.33483839701935,8.44182342302609,2.92125330003574,2.03642515606445,2.39035073642577,3.37253550053833,13,19,1,0.0615873015873016,1,0.523809523809524,-0.0043649526386746,105,TRUE,7
5447,0.693147180559945,1,6.19644412779452,11.5129254649702,11.5129254649702,0,0,0,15.5,1,1,1,1,0,0,1,FALSE,1
5467,4.06044301054642,7,7.19649045991724,7.45087428217701,0.857744526347518,1.16472135536497,2.29827989619853,2.64775298143447,30,10,1,0.109879963065559,1,0.157894736842105,-0.0352760932576947,57,TRUE,7
5468,5.23110861685459,7,9.23469253839309,9.40899444619342,2.65473929669374,3.09037870923399,5.50465481459222,3.36752091351852,57,23,4,0.057636721008209,0.569719042663892,0.462365591397849,0.146238464091541,186,TRUE,7
5473,1.38629436111989,3,5.47654531599853,9.67492916396238,8.21176294745819,0.953279028703094,0.839089653244914,5.71778120437284,4,2,1,0.555555555555556,1,1,-0.811338261083913,3,TRUE,3
5475,3.04452243772342,4,4.81990686390145,6.48836998354382,2.87823136624256,1.35686441481625,2.18485312578976,5.11475135917439,60,5,1,0.2,1,0,0.0172857914234475,20,TRUE,4
5477,2.89037175789616,5,6.57050555563782,8.90610386226724,6.5677637028171,1.29795838519887,1.37346364214783,4.84250533448048,12,8,1,0.204152249134948,1,0.588235294117647,0.193146750645551,17,TRUE,5
5480,4.98360662170834,7,8.51360265006268,8.40043228457209,2.48978693124321,1.95590875063706,3.38441515662353,2.94904180891584,45,18,2,0.0644470868014269,0.68,0.510344827586207,0.0323439480739506,145,TRUE,7
5481,4.80402104473326,7,7.45524689387051,7.48673489169929,2.63863995617351,2.05882270391227,1.73623237712019,2.82127348733987,11,19,1,0.0570316235229834,1,0.537190082644628,0.0440654119083062,121,TRUE,7
5495,4.49980967033027,7,7.27338705118726,7.53694885185396,2.53169793424307,2.22141448913513,2.22447901152264,2.85305449489403,14,16,1,0.0723393510920338,1,0.539325842696629,0.00581089369321156,89,TRUE,7
5500,4.66343909411207,7,8.77011507314866,9.34062641618651,2.62233076364972,2.4941829647785,3.94374976477136,4.75927570501133,47,13,3,0.0922448979591837,0.587120181405896,0.0761904761904762,-0.0800187587316312,105,TRUE,7
5510,4.4188406077966,7,7.05566349386826,6.80177525373477,2.36841944231966,2.1284508458457,2.02339267774934,2.64865360704547,11,15,1,0.0740630577037478,1,0.51219512195122,-0.0420776898736897,82,TRUE,7
5527,3.89182029811063,3,7.45921570513094,8.89612039947758,5.63998600627624,1.65964729685332,2.62667334685086,5.13429045443133,34,12,3,0.111111111111111,0.440972222222222,0.583333333333333,0.104380798033517,48,TRUE,3
5534,5.08140436498446,7,9.04455843564227,9.16782649699337,3.10145542215184,2.05758030836399,3.35765789391084,3.07489574130645,17,22,3,0.053203125,0.777265625,0.60625,-0.0732267291031056,160,TRUE,7
5540,5.60947179518496,7,7.88811378811947,8.02684430272121,2.86840067471393,2.08547734813752,3.19223804556002,3.24838109127619,74,21,3,0.0588235294117647,0.359347967128028,0.536764705882353,0.0352995849717568,272,TRUE,7
5541,0.693147180559945,1,5.93370301024943,11.5129254649702,11.5129254649702,0,0,0,10,1,1,1,1,1,0,1,FALSE,1
5548,4.80402104473326,7,8.54953332816241,8.7624044603268,2.762700912925,1.99473480136537,2.65415810013247,3.05535876308892,13,21,1,0.0548459804658152,1,0.528925619834711,-0.058991353057546,121,TRUE,7
5549,5.05624580534831,7,8.08918536039402,8.32932970238349,1.88260892794767,2.303616083982,3.10721353157831,3.04939635122096,62,19,4,0.0723208415516108,0.555884286653517,0.320512820512821,-0.0249861578700198,156,TRUE,7
5550,5.37527840768417,7,8.30986378068146,8.96731436277812,2.25075869123564,1.89801076118484,2.60829934653689,3.62917500429902,49,16,4,0.0733153055705787,0.372071389940508,0.293023255813953,-0.190916303161026,215,TRUE,7
5553,4.64439089914137,7,8.5597573998782,8.84904328000115,2.16609004835519,2.0535293021089,3.32698012213074,2.7553653656969,7,16,1,0.0634367046847017,1,0.446601941747573,-0.412879261176352,103,TRUE,7
5554,4.74493212836325,7,9.03436693630618,9.11086749399821,2.69225526560114,1.87458097737159,2.7615671405537,3.28432147242498,23,19,1,0.0586334256694367,1,0.447368421052632,0.0844082140177551,114,TRUE,7
5555,4.15888308335967,7,7.716847466534,7.46878400699064,1.02495515966985,1.56235799880565,1.26163076386235,2.23156610354512,13,10,1,0.102040816326531,1,0.206349206349206,0.052514332692318,63,TRUE,7
5562,2.39789527279837,1,5.857646061909,10.8324797516154,10.0200525650681,1.31959170947309,2.20562252060667,3.14931755492051,7,9,2,0.12,0.68,0.4,0,10,FALSE,1
5563,2.99573227355399,5,6.27908774866114,7.81990237154644,4.20357597143879,1.06338570225765,1.17213046349541,5.21323709561219,31,6,1,0.18005540166205,1,0.263157894736842,0.0917968957022537,19,TRUE,5
5566,4.88280192258637,7,9.43304369621524,9.81949223167256,2.08059173282488,2.20385852059333,3.54168862600626,3.76380312987778,62,15,3,0.0795408192995746,0.565526484470602,0.190839694656489,-0.1044146100611,131,TRUE,7
5577,3.52636052461616,4,8.18511177131691,9.27357168715728,3.1398887631737,1.38158986834172,2.68334055405303,5.20691645545012,8,9,1,0.118457300275482,1,0.0303030303030303,-0.284144146289059,33,TRUE,4
5578,4.75359019110636,7,8.6650424522811,8.80907369002018,3.31262242783313,1.60959549598399,2.01267517695574,3.23276267824154,6,19,1,0.0595085066162571,1,0.565217391304348,-0.01260302267553,115,TRUE,7
5585,4.8283137373023,7,9.58172420278941,9.60039243957623,2.42298893609868,2.20387275269318,3.10801233682993,3.20050627887338,10,20,1,0.0548907388137357,1,0.435483870967742,0.0677035943526669,124,TRUE,7
5588,4.11087386417331,5,7.17322766002308,7.2725549680273,1.0223921978902,1.86773822567711,2.9603225313797,1.97587631007468,12,15,1,0.0733333333333333,1,0.233333333333333,-0.503804207661417,60,TRUE,5
5603,3.87120101090789,7,7.55281566615577,7.71751145642235,2.79168141558276,2.16966017623036,2.042677331566,2.67309637723141,4,7,1,0.14440923494794,1,0.595744680851064,-0.000600692050158834,47,TRUE,7
5613,3.46573590279973,7,6.37767125367911,8.36637690751104,5.87984968601908,1.31516889168821,1.68643657474339,3.98008637205731,15.5,10,2,0.209157127991675,0.58792924037461,0.806451612903226,-0.10921088808241,31,TRUE,7
5617,1.38629436111989,2,5.81096506486099,6.19422282844824,2.78292484659709,0.8464116628526,0.747213705828958,0.377544621987458,15.5,2,1,0.555555555555556,1,1,0,3,FALSE,2
5618,4.85981240436167,7,8.97667699814682,9.25251661737231,1.70894987370652,1.49500978836015,2.24190465879441,4.10930992598411,46,10,3,0.1029052734375,0.4937744140625,0,0.0401463139111444,128,TRUE,7
5641,4.53259949315326,7,7.2768572282194,7.39575147957675,2.95908024035808,2.2656567124144,2.37279943771737,3.1028325961832,12,17,1,0.0697069943289225,1,0.543478260869565,-0.0144529646478344,92,TRUE,7
5660,4.70048036579242,7,7.58657621127818,7.74230031146501,2.59570678794459,2.14861443303611,3.60855801907495,2.72384077716764,4,17,1,0.0620318155037455,1,0.568807339449541,-0.0723461293634094,109,TRUE,7
5665,2.77258872223978,4,7.73651939047484,7.62944457513512,0.460517018598809,1.6607498291085,2.25945169308019,1.21854287504784,8,11,1,0.111111111111111,1,0.133333333333333,-0.320577854696025,15,TRUE,4
5672,5.31320597904179,7,7.91583770417095,8.15592790212784,2.63412421395429,2.34465423219449,3.97952977824104,3.17608031718488,7,22,3,0.0577394373100676,0.516763062444858,0.51980198019802,-0.0288922205414263,202,TRUE,7
5682,4.70048036579242,7,8.57549543771922,8.77509295620756,2.48209624615517,2.06641046476952,3.36773931109868,3.06659206774052,10,18,2,0.0662402154700783,0.912465280700278,0.495412844036697,-0.0407504081979762,109,TRUE,7
5685,4.52178857704904,7,7.12970318346522,7.42149655471517,2.63378287541586,2.1006572892152,2.52064401748874,3.3265290539185,8,17,1,0.0716097089723463,1,0.483516483516484,-0.0134532647351402,91,TRUE,7
5687,4.53259949315326,7,9.88109235758525,9.96917979319246,1.49701684742173,1.94625817179535,1.85059743965299,2.44571130495563,40,14,1,0.0753780718336484,1,0.315217391304348,-0.0573578240035941,92,TRUE,7
5688,1.38629436111989,1,5.72349413093426,8.48099772987784,5.12400763239996,3.3956356590962,3.34216940730678,1.82164718304071,13,3,1,0.333333333333333,1,1,0,3,FALSE,1
5713,3.09104245335832,7,9.53452517691614,9.67130482299656,5.50495745753036,1.37107080735131,2.64050796796448,1.31630453497289,15,3,1,0.333333333333333,1,1,-0.175802931802498,21,TRUE,7
5728,3.95124371858143,5,7.17908978126505,8.27979969172552,3.7369923658829,1.60999210211612,2.82124708448025,4.65126401397609,17,12,1,0.0888119953863898,1,0.392156862745098,0.117371675017388,51,TRUE,5
5733,4.61512051684126,7,8.14852726481574,8.91254134909577,3.80100028949904,2.21175017723218,3.46006579813879,4.59989776353356,17,21,2,0.0574,0.9802,0.46,0.102832019309646,100,TRUE,7
5735,4.20469261939097,7,7.41522237553228,8.08172657616306,5.00843645924318,2.21823237773122,0.998288595812403,3.18864441337367,61,6,3,0.210743801652893,0.472910927456382,1,-0.0301307338266641,66,TRUE,7
5748,4.58496747867057,7,7.4933140448947,7.50831456874927,1.3426867108426,1.77889912389989,2.48523867486208,1.95662782836335,14,14,1,0.0715272611329578,1,0.350515463917526,-0.0727537259394958,97,TRUE,7
5752,5.13579843705026,7,8.21512263702429,8.43508465668188,3.38592825709217,1.99488310053072,2.48674041045868,3.14199003137431,13,24,2,0.053044361191835,0.71569622912363,0.627218934911243,-0.0217167426115989,169,TRUE,7
5757,0.693147180559945,1,6.39526159811545,5.7037824746562,1.09861228866811,0,0,0,8,1,1,1,1,1,0,1,FALSE,1
5774,4.59511985013459,7,7.9088732931475,8.10056825548859,2.88522572172019,2.0398252783865,2.89951926952516,3.28262263459078,8,18,2,0.0674718867138692,0.960016659725115,0.520408163265306,-0.0457048792253633,98,TRUE,7
5783,4.80402104473326,7,8.40388872052,8.44189975105636,2.64327016675796,1.9695368303464,2.37650043281482,3.08595635747028,4,19,1,0.0570316235229834,1,0.479338842975207,0.0171306941140768,121,TRUE,7
5786,3.58351893845611,5,7.91015441252276,8.58493611329973,2.30258509299405,1.48667532868487,2.70635725553971,4.67240250415067,6,7,1,0.142857142857143,1,0,0.164918609417603,35,TRUE,5
5817,1.09861228866811,2,6.07845517106276,8.90795533700492,6.9554103688843,0.317533424866996,0.224530037976842,6.44529965960484,26,1,1,1,1,1,0,2,FALSE,2
5830,4.02535169073515,4,7.40365990322093,9.11208711227363,3.97719243335335,2.18535128658778,2.44393532494551,5.52504117903452,28,8,3,0.135867768595041,0.416859504132231,0,0.0254621950199228,55,TRUE,4
5835,3.63758615972639,3,8.66935453713649,8.98130426898408,2.9185686219099,2.05419241978274,2.66090169784899,2.99038215065598,12,19,1,0.0547845142439737,1,0.567567567567568,0.234283197886136,37,TRUE,3
5840,4.06044301054642,4,7.88946334050136,8.49530948861829,2.05813392326292,2.01076350906836,2.7776046483937,2.48838488336628,10,18,2,0.064327485380117,0.811634349030471,0.473684210526316,-1.0128571188219,57,TRUE,4
5854,3.13549421592915,7,10.3979063315632,10.4560405218628,6.10715321245983,1.49930693253659,2.93648232708845,1.69200299315067,6,4,1,0.305785123966942,1,0.954545454545455,0.0456750466753372,22,TRUE,7
5856,4.33073334028633,6,7.64685350903138,9.07475390145179,6.62014445124075,1.95436587870138,2.19523659548565,3.79157535986875,21,13,3,0.149511111111111,0.377422222222222,0.8,0.0358841976476974,75,TRUE,6
5872,4.24849524204936,7,8.32688572443432,8.45991431648243,1.77106704518191,1.21753495069468,1.59390358426447,3.19169019102999,16,14,1,0.0880067212770426,1,0.318840579710145,0.0205370376018927,69,TRUE,7
5873,3.55534806148941,5,8.36769316990992,8.97831807102721,2.37030818396446,2.78666109515776,4.27724292170762,4.72519968850693,69,7,1,0.143598615916955,1,0,0.168998444833047,34,TRUE,5
5874,4.21950770517611,5,7.1348644750619,8.17491583867572,4.1396567030755,1.81240689256372,1.4327062301641,4.63607037208731,17,16,1,0.0710625974604589,1,0.477611940298507,0.197548830034347,67,TRUE,5
5880,0.693147180559945,1,7.47477218239787,11.5129254649702,11.5129254649702,0,0,0,15.5,1,1,1,1,0,0,1,FALSE,1
5888,4.75359019110636,7,8.59760354881903,8.70863071520669,1.89576701251845,2.17458358407658,3.83193459446879,2.75277025573159,10,19,1,0.0587523629489603,1,0.391304347826087,0.0238485518046699,115,TRUE,7
5890,1.6094379124341,1,5.69425705653353,6.3546839553493,0,2.18920161166173,3.18984855290571,0,3,4,1,0.25,1,0,0,4,FALSE,1
5898,4.89783979995091,7,8.87482292979566,8.94535211577438,3.34334790310947,2.02274776368509,2.69536393963984,3.45817926103948,25,22,2,0.0512748035502289,0.970377070495788,0.578947368421053,-0.0395204685361763,133,TRUE,7
5907,4.89034912822175,7,7.98929819841131,8.3220353573676,3.49636239030034,2.09083528992953,2.18746698828575,3.70553905269723,33,21,4,0.0610651974288338,0.79143709825528,0.583333333333333,-0.0787635541226258,132,TRUE,7
5911,4.79579054559674,7,9.06643478819097,9.21243843077138,2.65498532937245,2.05973806068256,3.52306186921053,3.18833799956407,27,19,2,0.0573611111111111,0.983472222222222,0.475,0.00231138355239828,120,TRUE,7
5912,5.24702407216049,7,8.54865559118946,8.79515163657406,1.98604249292353,2.8754453169629,5.18944711073082,3.4565835293147,66,19,4,0.0808208056885305,0.401584502113603,0.238095238095238,-0.00709397050045436,189,TRUE,7
5914,0.693147180559945,1,6.47697236288968,11.5129254649702,11.5129254649702,0,0,0,43,1,1,1,1,0,0,1,FALSE,1
5918,5.10594547390058,7,7.66220841198226,7.843470611698,2.46403811557258,2.27777645749435,2.9380348204746,3.02548370662132,29,23,2,0.0569601427721594,0.678539559785842,0.48780487804878,-0.0181208128241227,164,TRUE,7
5919,4.66343909411207,7,9.06253440609145,9.14678933110949,1.78273122517995,2.07811087797498,3.37734306810539,2.63432906178383,180,17,2,0.0634013605442177,0.944489795918367,0.371428571428571,0.0901459948984639,105,TRUE,7
5920,4.29045944114839,7,7.64216005080761,7.76832581534462,2.22600929436848,2.68950386198424,2.11212772582014,3.17840605316949,6,12,1,0.0914351851851852,1,0.361111111111111,0.0338906872753501,72,TRUE,7
5922,4.89783979995091,7,8.15962031679719,8.36865770272845,2.49075065263742,2.2111643676027,3.48778976922769,2.91729645294714,55,19,3,0.0574933574537848,0.82226242297473,0.503759398496241,-0.00571739873240731,133,TRUE,7
5931,4.78749174278205,7,8.04724158482533,8.20387699903838,2.68289724587346,1.98533229556213,2.85084130221283,3.11661859389149,13,19,1,0.0559988701362898,1,0.529411764705882,-0.0964853237386759,119,TRUE,7
5938,5.0998664278242,7,8.97985405739827,9.25612035693331,2.73637246347942,2.51623424007945,4.38372196603455,3.54535841504386,42,21,3,0.0537844856787986,0.660807708231397,0.411042944785276,-0.177805008946893,163,TRUE,7
5946,4.94875989037817,7,7.77999849501256,8.04886533555054,2.71510612295737,2.16699794409908,2.90504622379957,3.04072730844117,22,24,2,0.0493877551020408,0.971836734693878,0.55,-0.0951642311236881,140,TRUE,7
5947,4.76217393479776,7,7.55648871678375,7.96373470661093,2.20313775908254,2.27396461365094,3.42185864672864,2.42374290483445,15,19,1,0.0551426872770511,1,0.525862068965517,-0.351111937022236,116,TRUE,7
5949,3.04452243772342,6,7.69643330304116,7.81177173511692,3.3867902241662,2.10436805838688,3.04790090231903,2.42160054621123,6,4,1,0.28,1,0.7,0.20007647375426,20,TRUE,6
5955,2.70805020110221,7,7.45845863456424,7.72827589063551,3.81677709378126,0.985249335295088,0.994033070993367,0.77191644054861,15.5,2,1,0.5,1,1,-0.343449067171604,14,TRUE,7
5956,5.51342874616498,7,7.85512439094475,8.11402261593296,2.25129398228324,1.85974716709017,2.49660001900986,3.22942458174322,22,20,4,0.0659410906587553,0.349571374715206,0.40080971659919,-0.00324138992132002,247,TRUE,7
5960,5.11799381241676,7,8.36929000718787,8.45834125734649,2.19076712261865,2.25729182367911,3.28518242317476,3.07780709910436,25,20,2,0.0607490201770939,0.628030193061402,0.403614457831325,-0.0622730490666657,166,TRUE,7
5986,4.51085950651685,7,8.44430372966809,8.73028820743653,2.1171001788265,1.93315995510843,2.99958082675312,2.83895405631306,21,16,1,0.0718518518518518,1,0.444444444444444,-0.0548564444021382,90,TRUE,7
5993,4.93447393313069,7,8.79877229821999,8.94606456472557,3.36955486622843,2.2747966958188,2.95126115738751,3.48675041238852,14,24,1,0.0483091787439614,1,0.572463768115942,-0.0323491651073307,138,TRUE,7
6000,1.09861228866811,1,5.29956606350512,7.31953961896991,0,2.59741056383736,1.83664662321497,0,3,2,1,0.5,1,0,0,2,FALSE,1
6011,4.7361984483945,7,8.78081249880565,8.73492714834927,1.74165373238166,2.05685845321952,3.08324891290485,2.64475425042852,28,18,1,0.0589709452580468,1,0.380530973451327,-0.101801842863254,113,TRUE,7
6030,4.77068462446567,7,8.91646798531367,9.10845852160232,2.46848520448796,2.02993685525053,3.21015559392755,3.10725786809072,5,19,1,0.0580758273065965,1,0.452991452991453,-0.125856326275528,117,TRUE,7
6031,2.19722457733622,1,6.41304646677947,11.5129254649702,11.5129254649702,1.97485770948911,3.01747958488249,0,28,6,2,0.1875,0.53125,0,0,8,FALSE,1
6034,5.17614973257383,7,8.33105255704907,8.43347295122466,0.278167368796116,1.82638618236017,2.9679650355541,1.54732581552025,25,13,3,0.0965909090909091,0.362797004132231,0.0511363636363636,-0.083898340836548,176,TRUE,7
6035,4.969813299576,7,8.23253437938661,8.74508709191042,2.99584896100544,2.16776651130546,2.64104651335709,3.49478868508979,9,22,2,0.0511027434104357,0.869920289500709,0.468531468531469,-0.16133183632782,143,TRUE,7
6047,4.70953020131233,7,8.01616386456957,8.18264787606633,2.76029626033821,1.97246602273211,2.54147376112686,2.93140878667849,62,18,1,0.0616528925619835,1,0.545454545454545,-0.105600245301047,110,TRUE,7
6052,4.30406509320417,7,7.90104702253957,8.30256278865722,2.18238939667345,1.61064716202254,2.62833358112932,4.08280339205444,15,11,1,0.092512666541565,1,0.191780821917808,0.177437038746968,73,TRUE,7
6074,2.19722457733622,2,7.56951873379533,10.0578350440288,7.67947854196988,0.835920106250854,0.35164441395534,5.29140423529859,24,4,2,0.34375,0.5,1,0,8,FALSE,2
6084,4.85981240436167,7,8.42116768230009,8.55432704083471,2.505092484139,2.05604775562038,2.80854059294184,2.98361778343578,50,20,2,0.0543212890625,0.96923828125,0.5078125,-0.0934765793388639,128,TRUE,7
6092,4.85203026391962,7,8.7710024905611,8.88410486580965,2.45340253928587,2.09031250765977,2.6142675222218,3.14599425216262,31,19,1,0.054746109492219,1,0.448818897637795,-0.0113515670562079,127,TRUE,7
6097,4.21950770517611,7,6.62773881091584,6.6659639739224,2.11683354813851,2.33105597194763,2.34457777134509,2.56289548400252,12,10,1,0.100913343729116,1,0.477611940298507,0.00739426665903767,67,TRUE,7
6110,3.91202300542815,4,7.08072501062618,8.20742747226834,3.66168342124884,1.38532931631192,2.41017389341113,4.54178619783991,25,14,2,0.0795501874219075,0.700124947938359,0.306122448979592,-0.1974757307778,49,TRUE,4
6111,3.17805383034795,2,7.17515470970448,7.176711533921,2.62731910028964,2.45685320674225,2.29307884443919,2.70883928304421,6,17,1,0.0661625708884688,1,0.565217391304348,0,23,FALSE,2
6124,3.73766961828337,7,6.84189759453265,8.31867693035461,6.24413689727246,1.59065607304794,2.21591848415125,4.3965668029726,15.5,13,2,0.123140987507436,0.657346817370613,0.707317073170732,-0.0327998455596425,41,TRUE,7
6138,5.06259503302697,7,8.40101561522995,8.66392254241422,1.9355205231858,2.21002468411349,3.58435016009432,2.81446974355442,23,20,3,0.0617063572558725,0.6627855085399,0.363057324840764,-0.0537488003056325,157,TRUE,7
6142,3.36729582998647,7,6.39347576325391,7.65302114403344,4.32382195114508,1.73563851753619,2.13613510314216,4.10349069644099,2,6,1,0.201530612244898,1,0.714285714285714,0.0043254379494544,28,TRUE,7
6144,4.72738781871234,7,7.87979133742576,8.03612661826095,3.42443413748832,2.40778441096037,2.54337472162006,3.1877531664769,41,18,1,0.0593112244897959,1,0.616071428571429,-0.048057699204483,112,TRUE,7
6150,2.56494935746154,2,6.36625894834183,9.42399600592962,6.7158731878993,1.79740670780032,2.24290958366749,5.92833517349581,45,7,1,0.152777777777778,1,0.166666666666667,0,12,FALSE,2
6152,4.18965474202643,7,7.78118208173326,8.17100787328339,1.93248068406267,1.13666778270628,1.06247140403611,3.69460792191743,19,13,1,0.0972781065088758,1,0.246153846153846,-0.0341044894247686,65,TRUE,7
6155,4.48863636973214,7,9.06502452128166,8.93403002287661,1.86657365493314,1.96268806064639,2.19220071276522,3.32168014031482,2,14,1,0.0764462809917355,1,0.295454545454545,0.176482804384354,88,TRUE,7
6166,2.19722457733622,7,8.06830905950831,8.3856323867735,4.49993737894315,0.664023153615195,0.224263209624894,0.2417704242016,11,2,1,0.78125,1,1,0.056847491585855,8,TRUE,7
6167,4.45434729625351,6,8.69696521699612,9.37420184317891,4.12180290399302,2.05076733670518,4.05104739746029,4.49543439882535,39,16,2,0.067681660899654,0.848858131487889,0.482352941176471,0.178766905614839,85,TRUE,6
6182,3.09104245335832,2,8.213087131093,10.1004395517648,7.67528364331349,1.49959503204163,2.11244836105721,5.56127134545606,20,7,2,0.142857142857143,0.555555555555556,0,0,21,FALSE,2
6187,4.58496747867057,7,7.46014278104671,7.56814698318976,2.88039552805348,2.17606655164804,2.29936044803892,3.25295131470249,11,18,1,0.065575512806887,1,0.536082474226804,-0.0509857616181927,97,TRUE,7
6189,1.6094379124341,3,6.39691095536655,11.5129254649702,11.5129254649702,1.35654086070495,1.7222337923255,0,28,3,3,0.375,0.375,0,-0.70566202747421,4,TRUE,3
6209,2.19722457733622,1,7.67536751900023,11.5129254649702,11.5129254649702,1.07277057503123,1.62051988212474,0,12,8,1,0.125,1,0,0,8,FALSE,1
6217,4.02535169073515,4,7.01813152503877,7.58700581189685,4.25093527318575,1.80824128909407,1.9420284026294,4.47389467153615,49,17,1,0.0631404958677686,1,0.563636363636364,0.409961710792856,55,TRUE,4
6221,4.54329478227,7,8.19492570832555,8.40466644348488,1.70078458007846,1.66090283615476,2.26431894140292,2.96092979386266,9,14,2,0.0787374262920569,0.842756388021737,0.301075268817204,0.107859528133443,93,TRUE,7
6222,3.49650756146648,4,8.3037624808106,9.01446935455618,2.87823136624256,1.42284041186955,1.99137342941002,5.06501191468127,44,8,1,0.125,1,0,0.166039638284665,32,TRUE,4
6227,1.6094379124341,3,6.2322666412063,2.19272618607422,0,2.56777215975447,2.62951013949497,0,14,4,1,0.25,1,0,1.44199827352381,4,TRUE,3
6238,4.24849524204936,7,7.44639916411713,7.54565410118874,1.14783210862221,1.68656893049313,2.39451640491257,2.27997476896257,13,11,1,0.0980886368409998,1,0.217391304347826,-0.0354252724169544,69,TRUE,7
6250,2.19722457733622,5,7.96961976713115,10.5027669460779,7.44982971153664,2.18972997919395,3.07163268217544,3.46197681252137,11,4,1,0.4375,1,0.625,-0.9953228113695,8,TRUE,5
6256,3.2188758248682,3,8.11871027736728,9.12470588552396,3.83764182165674,1.5833478840853,2.82060656552333,5.54397341445327,32,8,1,0.125,1,0,0.414019354414317,24,TRUE,3
6261,2.19722457733622,1,8.35097202493746,11.5129254649702,11.5129254649702,1.07181742734945,1.26960113179846,0,6,8,1,0.125,1,0,0,8,FALSE,1
6264,4.52178857704904,7,7.91129588150325,8.17315625896927,2.99987471284999,2.10878722255895,1.73051308887312,3.36744662900341,8,17,1,0.0701606086221471,1,0.516483516483517,-0.00436617936866216,91,TRUE,7
6266,3.04452243772342,2,10.3228450159952,10.7689714754216,5.75646273248511,1.22356254630354,1.60319392526689,5.90600614811468,23,10,1,0.1,1,0,0,20,FALSE,2
6269,3.58351893845611,6,6.33760418853945,7.14048644549424,0,2.07111018915829,2.35692841943849,0,6,9,1,0.136326530612245,1,0,-1.04261722412947,35,TRUE,6
6295,5.20948615284142,7,8.1549774228279,8.6208385045667,2.84882168466463,2.52209443031179,3.97727302222807,3.67036018142238,31,24,6,0.0530129211447893,0.595580243931892,0.434065934065934,-0.0776165738478545,182,TRUE,7
6305,3.87120101090789,4,8.74370635573946,9.51986940958805,4.16298256569262,2.12279525176527,3.32804268025188,5.25196941026337,24,15,1,0.072883657763694,1,0.276595744680851,0.284482692822747,47,TRUE,4
6308,4.56434819146784,7,7.85316808046432,7.89282107786505,1.92605235851145,1.43189955973952,2.43110289490176,2.30760330167786,11,15,1,0.0685872576177285,1,0.494736842105263,0.107812825875126,95,TRUE,7
6330,4.95582705760126,7,9.17708530781522,9.19795488615284,2.9260091787931,2.0511961493733,2.67693035011113,3.33095069779922,8,22,2,0.051757959861174,0.931592978220411,0.50354609929078,0.0211707413586508,141,TRUE,7
6331,3.8286413964891,5,7.62561469566495,8.28977313436368,2.98480397633026,1.75727051026418,2.04654192641436,4.730620806195,16,10,1,0.102222222222222,1,0.2,0.756894164765949,45,TRUE,5
6340,4.80402104473326,7,8.07573644255301,8.16574903318383,2.89498454846171,1.87903216429457,2.31544500178851,3.14169899177146,32,21,1,0.0553923912301072,1,0.545454545454545,-0.0482248703822349,121,TRUE,7
6341,3.85014760171006,7,8.1343398125559,8.87307450202838,6.16689614316667,2.86069905402069,5.8156009630499,3.13465248621614,6,8,1,0.143667296786389,1,0.978260869565217,0.109349899158626,46,TRUE,7
6344,3.04452243772342,4,6.07183463346674,6.74618099301759,2.51401467069845,1.13788975174412,1.5334883513509,3.43143836305641,6,7,2,0.17,0.905,0.5,0.293070116585422,20,TRUE,4
6346,4.82028156560504,7,9.1947839167993,9.11533194419106,2.39447872920824,1.9937211299748,3.54745933090942,3.13806893295109,42,20,1,0.0537378544517152,1,0.447154471544715,0.0668753171713172,123,TRUE,7
6347,4.51085950651685,7,8.73278299138883,8.79561470365282,2.38854757173248,2.05885762829777,3.87596050714035,3.53024936603281,23,14,2,0.077283950617284,0.915061728395062,0.344444444444444,0.0152468449135529,90,TRUE,7
6351,2.99573227355399,2,5.99923401615479,7.07848123516615,2.26349891189621,2.48829054771025,2.13084776419333,3.31370066760314,4,10,1,0.102493074792244,1,0.368421052631579,0,19,FALSE,2
6354,3.04452243772342,4,7.61124785620018,9.43225253760453,5.1808164592366,1.05937565054965,1.72843366520134,5.87640192084857,5,9,1,0.135,1,0.1,-0.321857691931217,20,TRUE,4
6355,4.53259949315326,7,8.75320832773095,8.72137225144339,1.08094158212787,1.59003678244277,2.77592456435415,2.10602387929607,4,14,2,0.0829395085066163,0.859404536862004,0.271739130434783,0.0114826742573109,92,TRUE,7
6356,4.8283137373023,7,9.0984940085102,9.22234214355955,3.08755519171765,2.17087754489369,2.79034502089513,3.36144683193118,14,20,1,0.0548907388137357,1,0.524193548387097,0.0167765872039608,124,TRUE,7
6359,4.70048036579242,7,7.43993027901038,7.58173004374995,2.15807071395468,2.28405224358385,2.63634867720585,2.53907022102741,79,17,2,0.0679235754566114,0.879808096961535,0.559633027522936,0.0485452406411294,109,TRUE,7
6369,4.71849887129509,7,7.609543516173,7.81339229208139,3.15291706738112,2.14684343055809,1.83795482302175,3.26041941647541,4,16,2,0.0689067445824202,0.850986121256392,0.540540540540541,-0.154353543449121,111,TRUE,7
6390,5.39362754635236,7,8.40593728986878,8.81255125634422,3.20499141411175,2.48055950747259,3.22064889292202,3.74467213855911,22,25,5,0.0551906757573862,0.473655678572173,0.511415525114155,-0.116206597564052,219,TRUE,7
6392,4.52178857704904,7,7.93169846591629,8.21741796586411,2.88125937080859,2.02658489023383,2.35801690270265,3.17855067140125,16,16,1,0.0733003260475788,1,0.538461538461538,-0.0334409149778596,91,TRUE,7
6399,4.85981240436167,7,7.45134479448019,7.74335889445334,2.39266134621426,2.11439071254266,2.4459575499984,2.83948622031997,18,16,3,0.0771484375,0.4862060546875,0.484375,-0.0510261187963373,128,TRUE,7
6403,5.15329159449778,7,8.06644123065119,8.44273027259599,1.07096981069491,1.88883285725598,2.33632282586702,3.35386598477855,56,9,5,0.113574905354246,0.297525689561925,0,0.207900156069912,172,TRUE,7
6406,3.66356164612965,5,7.01727497681091,8.28387595284003,3.4411886531969,1.23823869652793,1.47740951553749,5.03189214828911,15,10,1,0.110803324099723,1,0.157894736842105,0.0320305882387235,38,TRUE,5
6418,2.39789527279837,2,5.14983923988583,8.53654855656759,5.75646273248511,1.63674823266156,2.90530586109508,6.0678445001765,9,5,1,0.2,1,0,0,10,FALSE,2
6424,3.93182563272433,6,8.62796680780689,9.4433683261588,6.64487980963991,2.30977831448363,3.31260198132215,2.83231045164771,12,9,1,0.1128,1,1,-0.335974732891191,50,TRUE,6
6425,4.04305126783455,7,7.29130224170503,7.29722786135828,1.98584760097133,1.77190660324115,2.1669530589255,2.53896646165258,18,10,2,0.121811224489796,0.86734693877551,0.464285714285714,0.0582812396425058,56,TRUE,7
6443,4.89783979995091,7,8.79547274417232,8.90205974506315,3.01537605131343,2.34049197762563,2.44994167657152,3.44240600691185,8,22,1,0.0509356097009441,1,0.526315789473684,-0.0273763276548227,133,TRUE,7
6458,3.8286413964891,5,8.44768365161363,9.05607349899704,0.966607220990793,2.00830902168846,2.96111203400337,1.68612116260858,16,11,1,0.094320987654321,1,0.266666666666667,-0.574824857598178,45,TRUE,5
6463,4.79579054559674,7,8.77852058796015,8.87754963450695,1.23444121137024,2.6305089582935,3.84905298464049,2.30534284216012,25,14,2,0.0827777777777778,0.65125,0.25,-0.0101714901010002,120,TRUE,7
6482,4.66343909411207,7,6.92829953108133,7.01458479789604,2.82982390861713,2.05704566705449,1.83569717225947,2.45627437170815,17,14,2,0.076281179138322,0.783038548752834,0.685714285714286,-0.0814044901935947,105,TRUE,7
6484,0.693147180559945,1,3.97443426554954,11.5129254649702,11.5129254649702,0,0,0,15.5,1,1,1,1,0,0,1,FALSE,1
6486,4.70048036579242,7,7.98191437690707,8.03407215649989,2.81878489066493,2.05090378565838,2.23204182442515,3.1228254804848,4,19,1,0.0593384395252925,1,0.532110091743119,-0.0789230578815953,109,TRUE,7
6496,2.99573227355399,6,8.15437309094338,9.11390131318971,6.19594263089006,1.57833492711227,2.09005886633651,3.88406411941796,2,6,1,0.240997229916897,1,1,-0.187218828452318,19,TRUE,6
6501,4.18965474202643,7,7.86852402193002,8.17190970461827,2.11641880437962,1.52624602560529,2.7807855123436,3.82919497354895,40,11,1,0.098698224852071,1,0.276923076923077,0.0552999450454211,65,TRUE,7
6504,5.37989735354046,7,7.71094064359589,7.90368542050174,1.94678122270232,2.68070822967606,3.912721393811,3.19192584966578,94,22,4,0.0706447187928669,0.389446159122085,0.324074074074074,-0.05600127042268,216,TRUE,7
6508,3.73766961828337,5,8.53544206014629,9.16322743776007,2.52722754109103,1.56676833807965,2.25996500404201,4.82458556260336,46,9,1,0.11600237953599,1,0,0.357604512984446,41,TRUE,5
6510,4.74493212836325,7,8.19905443760132,8.30372398931499,2.93715075802346,2.07984796253221,2.62400081508768,3.21233987402396,35,22,1,0.0563250230840259,1,0.543859649122807,-0.119961727798104,114,TRUE,7
6514,4.40671924726425,7,6.42393497625533,7.37515969616611,4.47791371632939,2.8836946184501,1.33324178607551,4.14294389234039,18,15,1,0.0760554793476604,1,0.641975308641975,-0.146803814137042,81,TRUE,7
6518,4.31748811353631,7,8.296640812034,8.30597918497427,2.11478122004864,1.47442826053448,2.76263929750597,3.3150737042661,9,14,1,0.0883856829802776,1,0.324324324324324,0.0651012288942873,74,TRUE,7
6525,4.77068462446567,7,8.39903915275536,8.49616397595762,2.78028607408964,1.91559756663487,2.0671945855711,2.99826418720973,13,19,1,0.0574914164657754,1,0.538461538461538,0.0023052070075786,117,TRUE,7
6537,3.2188758248682,7,9.03549810663856,9.26058677758956,5.16381442570128,2.27150937028071,4.23858626241597,2.84117842263064,26,2,2,0.5,0.513888888888889,1,-0.0850767271984117,24,TRUE,7
6557,3.8286413964891,5,8.0871789378262,9.30903138634651,6.74196877080525,2.30482782761631,2.87909748394068,3.52696583885822,45,11,2,0.127901234567901,0.768888888888889,0.955555555555556,-0.220523392108768,45,TRUE,5
6559,2.30258509299405,1,8.31432226990346,11.5129254649702,11.5129254649702,1.09887759250945,1.34202953815741,0,5,9,1,0.111111111111111,1,0.222222222222222,0,9,FALSE,1
6563,4.81218435537242,7,7.35305830938094,7.53621621472964,2.84454913110341,2.18641216626544,2.4822990537183,2.82143840064241,5,14,2,0.0841171728030099,0.504837409298576,0.549180327868853,-0.20500776419958,122,TRUE,7
6566,2.63905732961526,2,7.19709373565843,10.3568768429932,9.39754139931468,1.59675166770186,2.81372432396782,4.0344392412408,10,10,1,0.112426035502959,1,0.538461538461538,0,13,FALSE,2
6572,4.92725368515721,7,9.14280798908066,9.2550448860679,3.59533852739092,2.00870532935025,1.8736375144218,3.48480290386042,14,23,1,0.0498161862645852,1,0.591240875912409,-0.0328970510983162,137,TRUE,7
6579,4.7361984483945,7,7.75699619687113,7.93162254827152,2.52693925148176,2.0441687956028,3.05276795191625,2.97351528203892,31,20,1,0.0566215052079254,1,0.52212389380531,-0.00255122510912418,113,TRUE,7
6597,4.58496747867057,7,8.72151480665868,8.74815735136849,1.86320765990831,2.50772770685743,3.92395871639288,2.58262843835965,34,16,1,0.0657880752471038,1,0.422680412371134,0.0135058428385669,97,TRUE,7
6605,4.99043258677874,7,9.01283840064101,9.72111817763397,2.78514513292777,2.72268892702619,4.33974729328948,4.5100789019287,23,13,6,0.0918558829048602,0.428410583599174,0.143835616438356,0.0504819213128312,146,TRUE,7
6618,1.94591014905531,2,5.71670026231866,10.6997672394251,9.97786873630753,0.73417601330776,0.995875752450707,3.76010571144958,8,5,1,0.222222222222222,1,1,0,6,FALSE,2
6627,4.62497281328427,7,8.08696449242949,8.1633682148661,2.32994698616247,1.96796259970838,2.97946573206348,2.72535227928847,33,16,1,0.0657778649152044,1,0.475247524752475,-0.0912439245491279,101,TRUE,7
6648,3.13549421592915,7,8.07339024347733,8.71572809042498,5.19695169622804,1.13547050389923,2.08662714799458,3.21373680012602,18,4,2,0.34297520661157,0.764462809917355,1,0.0290093060376644,22,TRUE,7
6653,3.66356164612965,4,7.78601187266624,8.05355695979339,2.94679782086487,2.60146385777777,3.33184322790432,3.08684165067131,6,13,1,0.0803324099722992,1,0.578947368421053,0.502295115345076,38,TRUE,4
6683,4.76217393479776,7,7.49758053563404,7.49793028087167,2.51818157388064,1.96892864345676,1.88531639622765,2.80474143571849,4,18,1,0.0584126040428062,1,0.53448275862069,-0.0282505585596207,116,TRUE,7
6693,5.62040086571715,7,8.83682505137869,9.2438927783481,2.99201840948374,1.93378835418254,2.99582450956057,4.2593525997922,83,18,3,0.0648330578512397,0.339742148760331,0.349090909090909,0.247959863401807,275,TRUE,7
6703,4.79579054559674,7,7.45268556047907,7.65796896267414,2.77222396565875,1.9005428765573,2.209150270599,2.90516948663882,13,17,2,0.0741666666666667,0.722222222222222,0.583333333333333,-0.0250031173230036,120,TRUE,7
6707,3.76120011569356,6,6.4520744917249,8.28953874505491,5.61963828033828,1.47023551783403,2.03430619157535,4.34308513802605,15.5,12,2,0.13718820861678,0.540816326530612,0.642857142857143,-0.0152273523834496,42,TRUE,6
6717,4.11087386417331,6,7.39981991807905,8.33208701779332,3.35567246719842,1.15174038518128,1.69149455475912,4.73975314959182,14,14,1,0.0861111111111111,1,0.3,0.237698385096211,60,TRUE,6
6719,3.71357206670431,2,8.11344928872017,9.92926821180617,6.33210900573363,1.60255151232528,2.75640650156249,5.80057420310509,51,13,2,0.09,0.51125,0.075,0,40,FALSE,2
6728,3.8286413964891,5,9.59586950860499,10.0152721501301,2.5584278811045,2.09317345136326,4.02450991292562,4.8404653997529,9,10,1,0.105185185185185,1,0,0.0807877399162449,45,TRUE,5
6729,2.39789527279837,2,5.65839164893673,8.57775818942573,5.75646273248511,2.05339756375436,3.35071541132704,6.0678445001765,12,5,1,0.2,1,0,0,10,FALSE,2
6741,4.71849887129509,7,7.67237494143259,7.78003915854812,1.46141714363302,1.64106944440373,2.35890036941869,2.26858113090351,18,15,2,0.077672266861456,0.779563347130915,0.324324324324324,0.00960908584968094,111,TRUE,7
6749,0.693147180559945,1,7.06646697013696,11.5129254649702,11.5129254649702,0,0,0,15.5,1,1,1,1,0,0,1,FALSE,1
6750,4.969813299576,7,8.42650353905697,8.62758173993429,2.13101734578012,2.28054033025341,3.96117096732595,2.95299615590462,15,22,2,0.0545258936867329,0.823365445743068,0.412587412587413,-0.0443563056970456,143,TRUE,7
6756,4.87519732320115,7,8.41489060253262,8.91235851371445,2.8097176954019,2.19690817789763,3.19497582028367,4.45390616848253,42,16,4,0.0755029585798817,0.606745562130177,0.238461538461538,0.0879047409175201,130,TRUE,7
6760,2.70805020110221,7,9.25080338359622,9.47067209103718,5.08045491597653,0.634415338165656,1.01145591218059,1.00675204762342,7,2,1,0.5,1,1,-0.161886054699833,14,TRUE,7
6770,2.77258872223978,3,6.00362507956895,8.67479835248447,6.29283997170912,1.39529603790582,1.85668035292414,5.17535672754052,4,7,1,0.155555555555556,1,0.6,0.106872705709057,15,TRUE,3
6787,4.67282883446191,7,7.25519526294594,7.46669920272047,3.16833426180569,1.96279818419396,1.59590354030222,3.00914912702405,7,16,2,0.0760056959772161,0.799216803132788,0.669811320754717,0.000601954063427491,106,TRUE,7
6806,3.55534806148941,4,7.77632120379702,9.07201222093449,5.05250421673366,1.92265947590587,2.53830304301038,5.03192819525857,10,11,1,0.0916955017301038,1,0.382352941176471,0.638297015223653,34,TRUE,4
6808,4.26267987704132,7,7.99584777290932,8.58996661050422,2.14829501141761,1.45651933525093,2.41798635564966,4.15771028278462,19,11,1,0.0955102040816327,1,0.171428571428571,-0.00568751002361126,70,TRUE,7
6812,5.11198778835654,7,9.07850856392706,9.41419439791943,2.71669856520873,2.75963622218876,4.51049798210319,3.50765227167125,11,21,5,0.0600550964187328,0.681689623507805,0.393939393939394,-0.137979134949304,165,TRUE,7
6824,5.34710753071747,7,7.77421668930287,8.23254333452623,2.13523721175586,2.34046488274158,3.52722558145053,3.94977023784915,59,15,5,0.0926031913188801,0.283624459146998,0.167464114832536,0.0236931510546494,209,TRUE,7
6827,2.30258509299405,1,8.60183205359879,11.5129254649702,11.5129254649702,1.29615714943691,1.94400463041601,0,15,9,1,0.111111111111111,1,0,0,9,FALSE,1
6828,4.67282883446191,7,7.68328269851935,7.89636914285154,2.41225643594973,1.99218952231676,2.36362815981179,3.13784206193772,2,18,1,0.0626557493770025,1,0.433962264150943,-0.0208751144881648,106,TRUE,7
6830,4.9416424226093,7,7.87145209033774,7.98752806106653,1.89345893682825,1.93559524571805,3.17308148581734,2.40572757987928,10,20,2,0.0533616272449666,0.854251850318307,0.482014388489209,0.00968249357784348,139,TRUE,7
6835,3.36729582998647,4,8.21669787820106,9.30285759588594,3.37504639259144,2.19959250420051,2.93542412340461,5.26055642591001,7,8,1,0.13265306122449,1,0.0714285714285714,0.00185578468001119,28,TRUE,4
6845,4.82028156560504,7,7.94587408280171,8.00085966240327,2.95488207952431,1.95447365957025,2.02192820198526,3.02817117958124,14,20,1,0.0543988366712935,1,0.569105691056911,-0.0309601516530833,123,TRUE,7
6854,2.19722457733622,3,7.11632471742414,9.0573054010583,6.85210346297686,2.10294691278233,3.91655400920821,4.10099200719399,17,4,1,0.28125,1,1,0.168687355618341,8,TRUE,3
6863,2.484906649788,5,8.65287321375472,9.45383587476362,6.28186889425769,0.582649458856089,0.690517372681764,3.46185622170234,17,3,1,0.421487603305785,1,1,0.11872024903203,11,TRUE,5
6873,4.33073334028633,7,6.16828256462822,8.25594128130335,6.23633331057562,2.07621841339132,3.22892322091384,4.60981559004913,15.5,19,3,0.0833777777777778,0.488355555555556,0.6,-0.045023186182124,75,TRUE,7
6879,4.34380542185368,6,8.11409430793673,8.62504603077704,2.86503232862966,1.63618756811599,2.15616937122007,4.24758572564357,32,13,1,0.0772160664819945,1,0.315789473684211,0.317776840911201,76,TRUE,6
6893,3.63758615972639,4,8.00199653338858,8.67830728916613,3.25195166217818,1.4965430723496,2.33009714694145,5.12514906081341,18,11,1,0.0986121256391527,1,0.108108108108108,0.283264953337212,37,TRUE,4
6897,2.70805020110221,7,8.31921299791213,8.86592013381802,5.02158860657842,1.07458575690781,1.90677502513592,2.962482471988,20,2,1,0.5,1,1,-0.0385753014219245,14,TRUE,7
6902,3.2188758248682,6,7.47578076355239,8.47810328040707,2.32777403141918,1.71721470178895,2.40401604745729,4.30312128065512,21,10,2,0.118055555555556,0.920138888888889,0.333333333333333,-0.27005863770457,24,TRUE,6
6934,5.19295685089021,7,9.23803445523076,9.26639958984504,1.5919732691148,2.08064939409121,3.95164446286702,2.87475987590683,43,18,2,0.0662588558409538,0.534471458443869,0.284916201117318,0.0629343209563605,179,TRUE,7
6939,4.71849887129509,7,7.58773054394262,7.58994964749442,1.58872324158383,1.87111875798975,2.78021575487147,2.52457416909661,16,18,1,0.0603035467900333,1,0.369369369369369,-0.0898076737364148,111,TRUE,7
6944,2.94443897916644,7,6.65554660463159,7.87804257141481,4.45557174029739,1.8526340206844,1.86205556424821,3.34987981895199,11,3,1,0.351851851851852,1,1,-0.693164511028954,18,TRUE,7
6947,2.30258509299405,7,5.84873568931051,6.5350359323308,2.95948925284693,1.19027537298651,0.781750427107552,0.468301884720348,15.5,2,2,0.802469135802469,0.802469135802469,1,0.123357533813988,9,TRUE,7
6968,4.02535169073515,5,6.81879538625692,8.003566228595,3.84663162176606,1.6248626070278,1.78755985734809,4.74179271737792,20,12,1,0.0869421487603306,1,0.363636363636364,-0.0869279372569013,55,TRUE,5
6977,3.87120101090789,7,7.2790257173927,8.02901011237111,4.40762617947422,2.28889537898294,4.88300029649635,3.71974875169929,17,11,1,0.125396106835672,1,0.638297872340426,-0.196554959705163,47,TRUE,7
6987,4.12713438504509,6,9.2594036838514,9.64208950713628,2.30902405943391,1.70378480577002,2.46045922765111,4.4235801981771,38,11,1,0.097016930932545,1,0.114754098360656,0.232139182282884,61,TRUE,6
6988,3.95124371858143,5,7.34525374929025,8.38088856977467,3.18791454467109,1.52043467581214,2.16193239110444,4.75877946967346,19,12,1,0.0903498654363706,1,0.254901960784314,0.0713615833292407,51,TRUE,5
6992,3.85014760171006,5,8.79538758001913,9.38988862003067,2.50280988368918,1.54900064251181,2.59637770304201,4.80122181482208,5,10,1,0.103024574669187,1,0,0.147212932362438,46,TRUE,5
6996,2.56494935746154,3,7.87633398202512,7.9881495684966,4.2474033014341,1.82900778798427,2.92809065963774,1.38411935964175,6,6,1,0.194444444444444,1,1,-1.07532471351337,12,TRUE,3
7005,5.62762111369064,7,8.23850267609329,8.3480469960024,2.74628645650803,2.25225852365448,3.17296935504444,3.19166660740601,13,22,4,0.0566539378852846,0.371841155234657,0.51985559566787,0.0356047657905562,277,TRUE,7
7015,3.68887945411394,4,7.63626161579315,8.25167717631648,3.99853431442496,1.58895839286665,2.79270673347396,5.23052849007716,11,13,1,0.0887573964497041,1,0.230769230769231,0.58089274299992,39,TRUE,4
7025,4.06044301054642,7,6.96712453405911,7.25780772250355,1.83401361736488,1.33919646110617,2.2344020887988,3.37374343153861,36,14,1,0.0963373345644814,1,0.315789473684211,-0.179338710123479,57,TRUE,7
7041,3.58351893845611,4,7.11932644696303,7.26623171339585,2.75801120558192,2.27496092051477,2.27469264000218,2.66810965641719,11,11,1,0.102040816326531,1,0.571428571428571,-0.182743302987987,35,TRUE,4
7043,4.64439089914137,7,7.6917784923701,8.21670634977422,3.90885216526478,2.16387035332874,2.42737268266354,4.41180913197711,52,24,4,0.0583466867753794,0.835422754265247,0.504854368932039,0.350948853383655,103,TRUE,7
7058,1.6094379124341,4,7.16379621952402,7.31246264106345,3.33612660709624,0.150021284095004,0.185354486217711,0.186752078710602,15.5,1,1,1,1,1,-0.040339380925642,4,TRUE,4
7069,4.83628190695148,7,8.34587405669683,8.30981856085359,2.25406371917128,2.19388461477702,3.12052953352979,2.98045163828391,13,19,2,0.055488,0.968512,0.456,-0.0338865206171064,125,TRUE,7
7072,3.91202300542815,7,7.91071036041852,8.22077097027612,4.99207872771937,2.36601713985273,3.89787933425192,2.69373374348018,16,8,1,0.137859225322782,1,0.979591836734694,-0.0860520967829013,49,TRUE,7
7091,2.19722457733622,1,8.55342740309739,11.5129254649702,11.5129254649702,1.88283776157811,2.01825089707803,0,6,8,1,0.125,1,0,0,8,FALSE,1
7095,4.67282883446191,7,7.47581374060782,7.53663299147769,2.27400696659052,1.82303760735842,2.26213029970571,2.58504646518681,6,17,1,0.0621217515129939,1,0.537735849056604,0.160775852518848,106,TRUE,7
7097,5.08140436498446,7,8.7316210445325,8.89003499601438,2.08753007007349,2.21464612226947,4.12643572510069,3.07204281915126,55,18,3,0.067890625,0.5090625,0.375,-0.0129418776682527,160,TRUE,7
7113,2.89037175789616,1,8.02787951487118,11.5129254649702,11.5129254649702,1.8600989543471,1.75845184835037,0,29,11,2,0.100346020761246,0.515570934256055,0.117647058823529,0,17,FALSE,1
7138,5.48893772615669,7,8.06692913954375,8.33224715868492,1.81624574401894,1.99461162503568,3.11954183321011,3.03219349189173,114,19,5,0.0687832509770837,0.322876672233605,0.298755186721992,-0.066279284418274,241,TRUE,7
7140,4.80402104473326,7,8.53535126957267,9.05449577053703,2.34182237796192,2.5385088370425,4.35494098704175,4.19519685012196,31,13,5,0.0874940236322656,0.541424766067891,0.140495867768595,0.104460856766406,121,TRUE,7
7166,4.31748811353631,7,7.61884839153484,8.31661386339432,4.15589448630438,2.06070914421454,2.32806852911933,4.11818027736958,10,12,1,0.0850986121256392,1,0.540540540540541,-0.194404360957487,74,TRUE,7
7175,2.19722457733622,4,7.26588429090194,9.31806202659667,6.27189373870822,1.87194700228747,2.03066800856212,3.49662778356087,15.5,1,4,1,0.28125,1,-0.440704866122005,8,TRUE,4
7190,3.55534806148941,7,7.74524677477543,8.63614433569687,4.95184881608605,2.12057649131861,3.14897816926654,3.69060784335526,17,9,1,0.153979238754325,1,0.617647058823529,-0.0331625432408981,34,TRUE,7
7194,4.12713438504509,7,6.6837988640759,6.80133876060925,2.2301870998824,2.33973702003237,3.69760455382272,2.37976438310013,26,10,1,0.102391830153185,1,0.540983606557377,0.0860546316174354,61,TRUE,7
7217,3.73766961828337,5,8.75020347800034,9.04967742036359,2.52722754109103,1.78440473165423,2.65799277994929,4.82458556260336,38,10,1,0.101725163593099,1,0,0.94067692740505,41,TRUE,5
7222,4.0943445622221,5,9.40721512315053,10.022450256079,2.73188061880649,2.15343623365383,2.83905359378328,4.93987506378768,53,11,2,0.104854926745188,0.741453605285837,0.0169491525423729,0.0421623761071322,59,TRUE,5
7227,4.52178857704904,7,7.49112839800508,8.20402627238558,3.88800136402187,1.67614294425704,2.07912244259408,4.34514227942961,3,17,3,0.0653302741214829,0.956768506219056,0.494505494505495,-0.0315340446921108,91,TRUE,7
7228,3.63758615972639,6,7.66451508103779,8.7964458900129,6.07821294814648,2.13105527900749,4.04774793514663,3.3936885286204,41,9,1,0.139517896274653,1,1,0.154299395856229,37,TRUE,6
7247,4.86753445045558,7,8.41900620977608,8.56105361739384,2.68199899356847,2.17165559953368,2.93445469562213,3.01437000561892,23,21,1,0.0518598641908539,1,0.527131782945736,-0.120122117162293,129,TRUE,7
7253,3.95124371858143,5,7.95062427748457,8.80237139003244,5.91540405870804,2.12294918855899,3.09782072236799,3.61243574116307,19,10,3,0.132641291810842,0.72318339100346,1,0.300005571560444,51,TRUE,5
7254,5.35658627467201,7,8.37349305370208,8.2675613691385,2.41199553322756,2.12222841281668,3.42864730763637,2.95655135780995,33,20,2,0.0559511241885852,0.524808517328901,0.488151658767773,0.0942761297582702,211,TRUE,7
7255,4.93447393313069,7,8.73927139580051,8.88274969164951,3.19602840381009,1.96606113225324,2.28233098727739,3.40482262406326,9,24,1,0.0491493383742911,1,0.543478260869565,-0.0195785951179335,138,TRUE,7
7256,4.02535169073515,7,7.43500448813149,7.73173221758563,2.17529318412951,2.01571157905028,3.26696073983134,3.10485971338003,12,12,1,0.0955371900826446,1,0.418181818181818,-0.0970737777623373,55,TRUE,7
7257,4.30406509320417,7,7.77579643540645,7.88362677799893,1.59759660114766,1.46439685264091,2.28437039018341,2.51444497037507,7,12,1,0.0910114468005254,1,0.328767123287671,0.0495736960102912,73,TRUE,7
7267,3.13549421592915,2,6.54721358289172,8.3888637407615,2.23843902963854,2.54970480421699,4.5008748246299,2.54278551981852,54,16,1,0.0702479338842975,1,0.5,0,22,FALSE,2
7274,4.80402104473326,7,8.33724691062181,8.49878467679948,2.95597615937487,2.02700789690438,3.19825423158314,3.03100293910711,12,21,1,0.0544361723925961,1,0.578512396694215,0.00267477399903992,121,TRUE,7
7305,2.99573227355399,4,5.84851429279141,6.10199768797015,3.25892319402628,1.56453240432403,1.6714595599894,2.31832578291788,15.5,7,1,0.185595567867036,1,0.842105263157895,-0.290251468669017,19,TRUE,4
7332,4.9416424226093,7,9.12217556883069,9.32081452925374,3.61615239177255,2.04813724741559,2.38876074063542,3.47016291475155,7,20,2,0.0611252005589773,0.763987371254076,0.611510791366906,-0.0645528101000741,139,TRUE,7
7355,5.15905529921453,7,8.57915417828458,9.0779053992419,2.76544184519028,2.55522425124922,4.95624046659952,3.64768041483524,32,22,5,0.0539610411306759,0.645627986234087,0.427745664739884,-0.173057489603334,173,TRUE,7
7361,3.17805383034795,4,6.44442077798815,7.88731305567996,3.58853862625421,1.28260982626316,0.947033773017344,5.37432328840821,7,7,1,0.160680529300567,1,0.0869565217391304,0.126598882487848,23,TRUE,4
7374,4.45434729625351,7,7.73932552674489,8.0114174060185,2.44100400685479,2.16683991526897,2.8058535504481,2.99735055838807,21,17,1,0.0721107266435986,1,0.458823529411765,0.0178588865861283,85,TRUE,7
7385,4.91998092582813,7,8.76832240349443,8.83871451495408,2.72625107088612,1.84303227379318,2.30481973696651,3.08361690506074,20,19,2,0.0618512110726644,0.803741349480969,0.536764705882353,0.0100522625015353,136,TRUE,7
7388,5.57215403217776,7,8.0141533984025,8.23996477213768,2.09480929830569,2.48154111002447,3.70123059134236,2.86285469809717,37,23,5,0.0573684517219276,0.399364838878853,0.435114503816794,0.0130040695774603,262,TRUE,7
7391,4.70953020131233,7,8.77831043568821,8.88675569529891,1.90858302464159,2.12743776866126,3.62286680373923,2.92137828803363,33,17,2,0.0652892561983471,0.896859504132231,0.4,0.11534836455509,110,TRUE,7
7395,3.87120101090789,6,6.89574870402593,7.94635439834856,5.36308638270495,2.71599557562975,4.72107443625933,3.37733793273493,38,9,1,0.121774558623812,1,1,0.0693753859703569,47,TRUE,6
7396,3.66356164612965,7,7.04490012537914,8.54283670054656,4.72391508799941,2.42891055487379,4.56673991641732,4.39487730373147,23,11,1,0.114958448753463,1,0.526315789473684,0.199300696712276,38,TRUE,7
7400,3.63758615972639,7,7.32580172203437,7.16194651054388,0,2.26185225995286,2.74113457473735,0,13,7,1,0.143900657414171,1,0,0.00883241707083622,37,TRUE,7
7406,5.32787616878958,7,8.26037206946594,8.43160025677759,1.34708139026943,1.76834961633022,2.59536541060332,2.81855323215663,28,15,3,0.0870196311719215,0.341058893515764,0.24390243902439,-0.0339589397703506,205,TRUE,7
7428,4.58496747867057,5,8.7485816330309,8.9121626840796,1.72215487393088,1.77443972754362,3.09714723914513,2.56741039340375,76,18,2,0.0619619513232012,0.607609735359762,0.350515463917526,-0.218189117632543,97,TRUE,5
7429,2.484906649788,3,8.26382166496544,9.53037947651421,7.24805686283242,2.62628409046579,3.81818472425611,3.66789885887875,6,4,1,0.256198347107438,1,1,0.553243342136592,11,TRUE,3
7433,3.17805383034795,7,8.45170776670664,8.92645750210166,5.64036814640555,1.96271174688009,3.16939102198794,3.36158973054997,13,5,1,0.262759924385633,1,1,0.0971934403020547,23,TRUE,7
7442,1.38629436111989,3,5.40736851277609,7.82585867329255,5.34126165716236,0.996206531305291,0.875679101010881,5.35377231518489,8,1,1,1,1,1,-0.875679101011468,3,TRUE,3
7449,4.72738781871234,7,8.56217500028115,8.73203067808187,2.91260265908978,2.18114360658355,2.58606837373769,3.29885385778748,36,18,1,0.0593112244897959,1,0.491071428571429,-0.109654857742926,112,TRUE,7
7458,4.29045944114839,5,8.01535302448132,8.81147795205736,4.35878615578326,2.28466894955532,2.80413200295117,4.48074808787251,36,15,1,0.068287037037037,1,0.513888888888889,0.100208055339679,72,TRUE,5
7459,2.83321334405622,2,8.23176072375732,9.80136330723147,6.47602057404575,1.19421852708496,1.45036849826641,5.89861902058562,4,9,1,0.1171875,1,0,0,16,FALSE,2
7460,5.32300997913841,7,8.19140386843589,8.49583671383979,2.1882823406559,1.9700401182889,2.79372563530113,3.14695515993249,65,18,3,0.0686274509803922,0.416426374471357,0.377450980392157,-0.122017471006718,204,TRUE,7
7467,5.24702407216049,7,9.00022394353546,9.29911468627437,2.32330549907499,2.42093253615306,4.19383562716138,3.38855872186869,45,19,3,0.062960163489264,0.505724923714342,0.365079365079365,-0.0135242726736293,189,TRUE,7
7469,1.38629436111989,2,7.51742774338764,7.67528364331349,7.67528364331349,1.39393837794022,1.37104891226409,6.64699061636066,9,2,1,0.555555555555556,1,0,0,3,FALSE,2
7479,4.15888308335967,7,6.1936773509398,6.42551515906989,2.08498739418813,1.55549729068727,2.35289291430869,2.59794686158026,5,10,1,0.108087679516251,1,0.444444444444444,-0.0905988967902705,63,TRUE,7
7483,4.70953020131233,7,8.13798217903724,8.36408085382355,2.62222397869468,1.99455162263725,2.56256326932553,3.18085398347855,7,19,1,0.0595041322314049,1,0.472727272727273,-0.0560452909028061,110,TRUE,7
7484,5.04985600724954,7,8.85483418678163,8.98612060072705,2.62611788755635,2.84762025358162,4.99871680418507,3.20465356435079,35,23,2,0.0529864724245577,0.804703433922997,0.483870967741935,0.0437972168320797,155,TRUE,7
7487,2.70805020110221,7,7.85801912120806,7.5888287926286,3.83880749715967,1.52211328733938,1.70279318676799,1.46729496084311,15.5,3,1,0.438775510204082,1,1,-0.231044948104381,14,TRUE,7
7514,5.22035582507832,7,7.71321835231045,8.04225130555178,2.93801764775376,1.90529272516257,2.28735369087047,3.41598568948122,22,20,3,0.0635633270321361,0.505612003780718,0.510869565217391,-0.0825710078437631,184,TRUE,7
7527,4.9416424226093,7,8.20542669887245,8.26397176945898,2.37628997341537,2.2577346498848,3.7664950237935,2.69359552851021,14,21,1,0.049531597743388,1,0.510791366906475,-0.0319599144693128,139,TRUE,7
7529,4.90527477843843,7,8.26588919821016,8.76329544049338,2.94504138667392,2.03470644439185,3.17084461094575,3.67304953867838,20,22,3,0.0550233905101359,0.823457340164848,0.455223880597015,-0.0705495982835666,134,TRUE,7
7539,2.99573227355399,6,7.147878872198,7.60873827468729,4.03936646949873,1.46877609794237,2.64672257686235,1.89911191942531,12,4,1,0.279778393351801,1,1,-0.109071613251064,19,TRUE,6
7541,3.04452243772342,4,7.17535206276536,7.12124846144465,0.706820755078437,1.46543558488735,1.67188151494928,1.72631626441772,8,8,1,0.135,1,0.2,-0.737008938706099,20,TRUE,4
7545,4.59511985013459,7,9.217463823502,9.32300236579507,1.60098081006113,1.780166246597,2.63876294466785,2.67052605485162,18,15,3,0.073094543940025,0.883381924198251,0.295918367346939,0.0555780254140812,98,TRUE,7
7550,3.29583686600433,5,7.13711462614432,8.35621142736299,5.70544740899289,1.91016556764418,3.45457402987001,3.78934654776814,17,7,1,0.174556213017751,1,1,0.108782431923546,26,TRUE,5
7560,2.63905732961526,3,5.70247616357531,9.61161821009682,7.08487720921245,2.57504002593213,4.19027572761782,5.82979642433769,14,8,1,0.14792899408284,1,0.0769230769230769,-0.273290564881815,13,TRUE,3
7573,4.79579054559674,7,7.82566848962827,7.95849488075612,1.25798728530496,1.66928758802527,2.47394299230191,2.1744168467846,20,15,2,0.0806944444444445,0.555555555555556,0.283333333333333,-0.182281600468684,120,TRUE,7
7589,5.63478960316925,7,7.84183123320149,7.892399829881,2.50137015560031,2.5380217491923,3.54873384473819,3.05419822404181,12,22,3,0.0572063565473208,0.361570380647731,0.483870967741935,0.064730556868559,279,TRUE,7
7596,2.07944154167984,1,6.98569023145691,11.5129254649702,11.5129254649702,1.46654278900813,1.83232282256775,0,39,7,1,0.142857142857143,1,0,0,7,FALSE,1
7605,3.04452243772342,2,8.58428585742441,9.92889044409785,5.75646273248511,1.71349786428766,2.27268155630336,5.90600614811468,1,10,1,0.1,1,0,0,20,FALSE,2
7606,4.06044301054642,7,7.49734340156419,8.08470950969224,2.86416437652632,1.74564879300649,2.70711829662153,4.07544328756367,14,10,1,0.10803324099723,1,0.263157894736842,-0.194962911526509,57,TRUE,7
7611,5.27299955856375,7,7.59669888842255,7.80052418515488,2.81299446634475,2.01808366551246,2.32051821847554,3.07178481846252,10,23,3,0.0581889680093527,0.551014985652035,0.530927835051546,-0.0584188645503722,194,TRUE,7
7625,1.09861228866811,1,6.84396095041378,8.41469998674541,5.27372224445265,2.66525367999247,1.88461895070508,1.7654625679345,8,2,1,0.5,1,1,0,2,FALSE,1
7630,3.49650756146648,7,6.98231502082781,7.36171089390785,3.08846942735112,1.49462957129899,2.17928665727683,3.48797842578607,67,8,2,0.162109375,0.8828125,0.46875,0.014400301914314,32,TRUE,7
7635,4.78749174278205,7,7.80690027079327,7.94375676857678,2.08701259997138,1.81274922114332,2.3309955508501,2.4591883622693,14,19,1,0.0565638019913848,1,0.470588235294118,-0.0410027982290182,119,TRUE,7
7639,5.13579843705026,7,8.24861085910248,8.44420957560455,2.01428804698248,2.50355466552549,4.34205135570678,3.02533583270397,57,20,4,0.0646686040404748,0.626273589860299,0.36094674556213,0.0305532209509623,169,TRUE,7
7648,4.7361984483945,7,7.59008686533093,7.90488180485983,3.0477678532415,2.42198282858984,3.166585255709,3.3692150837822,15,20,1,0.0578745399013235,1,0.584070796460177,-0.109465010664364,113,TRUE,7
7651,4.77912349311153,7,8.53970199928931,8.73709694625001,2.629331636829,2.27022967714251,3.13327094475678,3.19287278707676,25,20,1,0.0561620224073542,1,0.508474576271186,0.124382703373449,118,TRUE,7
7653,2.70805020110221,7,8.60734701182413,8.51440945486567,4.95086692000161,3.39224631806377,6.61913161757375,3.00762837903167,11,3,1,0.438775510204082,1,1,0.132234649421728,14,TRUE,7
7655,4.59511985013459,7,7.37889097230401,7.55905689604483,2.90783102560395,2.36886196342268,2.059814805684,3.05907204896345,10,16,1,0.0689296126613911,1,0.571428571428571,-0.044889995823335,98,TRUE,7
7670,4.89034912822175,7,8.345119677403,8.54607297965225,3.1276710508523,2.01110933309036,1.78865809479986,3.32993923529018,10,23,1,0.0501606978879706,1,0.553030303030303,0.0154063148511121,132,TRUE,7
7673,4.62497281328427,7,8.3176588542819,8.88009122158238,3.70567964082678,2.11164173569603,2.94767232192059,4.10375366889781,36,17,1,0.0653857464954416,1,0.485148514851485,-0.0932283133282015,101,TRUE,7
7675,4.84418708645859,7,8.84376990508493,8.92300815804845,3.01616147511914,2.1717322018337,3.14760790081009,3.2215755907991,4,19,2,0.0603426555807508,0.895061728395062,0.555555555555556,0.0275287304056815,126,TRUE,7
7682,3.95124371858143,4,7.17939043606427,8.48957483332059,4.55719778609199,1.84950806043961,1.86798518212214,5.08917931259021,39,16,1,0.0703575547866205,1,0.352941176470588,0.0440580809776826,51,TRUE,4
7683,4.49980967033027,6,7.53780638579036,8.69388518254844,3.76011586494389,1.73396445380437,2.243081389675,4.8234548565869,6,13,3,0.0902663805075117,0.50814291124858,0.314606741573034,-0.130311096231605,89,TRUE,6
7685,4.64439089914137,7,7.54578949108774,7.54722329600473,1.53645388729752,1.6536279817075,2.93932942449,2.04691750347137,9,16,1,0.0651333773211424,1,0.398058252427184,0.00517835166281329,103,TRUE,7
7693,4.60517018598809,7,8.47635340088976,8.56914497392131,1.8736094522565,1.80134986143988,3.02840830457458,2.7797621265272,9,15,1,0.0700948882767064,1,0.363636363636364,-0.0561587733980207,99,TRUE,7
7705,3.97029191355212,6,7.00544811313761,7.33875934239756,1.27149251069567,2.05873276771616,3.3678952630749,2.56682238767585,18,12,1,0.0887573964497042,1,0.288461538461538,0.389376459656508,52,TRUE,6
7712,4.63472898822964,5,7.0220951107615,8.10638985620229,3.92357769605646,1.7156966092031,2.7137900602565,4.72785254798354,19,19,3,0.0722798923490965,0.58958093041138,0.441176470588235,0.174031367560098,102,TRUE,5
7716,4.62497281328427,7,7.75794352289163,8.12158443452609,2.7680792037338,2.11024017146623,2.67192303465529,3.05574384542944,20,17,1,0.0653857464954416,1,0.514851485148515,-0.252322043831831,101,TRUE,7
7734,5.08759633523238,7,8.77934853534661,9.11092735176839,3.38460557002112,1.95290513256201,3.01361645990194,3.82039977290902,69,23,2,0.0513483276108175,0.729177115080437,0.496894409937888,-0.000918397401691934,161,TRUE,7
7736,3.55534806148941,5,6.55178499469672,8.58091036831581,4.40200091307685,1.83044049392307,2.70711818955359,5.67898325457273,21,7,3,0.160899653979239,0.662629757785467,0,0.0648242101292814,34,TRUE,5
7738,4.74493212836325,7,8.44978442176255,8.54974744796047,2.00309862893427,2.06446071162607,3.36712469675593,2.60308824871234,43,19,1,0.0575561711295783,1,0.429824561403509,0.013432884593262,114,TRUE,7
7748,1.6094379124341,1,5.42732945842338,7.99749341665713,2.83107602650694,2.04558487967018,2.85177238662873,2.2655414573597,55,3,3,0.375,0.375,0.75,0,4,FALSE,1
7756,4.65396035015752,7,8.40295760079248,8.59571598966184,2.28740430922484,1.96578315403859,2.60351824106065,2.67039855821058,33,17,1,0.0636094674556213,1,0.471153846153846,-0.039115050154203,104,TRUE,7
7760,4.54329478227,7,8.1996894907404,8.15330643491909,1.38958324459283,2.14798577866255,3.32415542034663,2.10754045603572,17,12,2,0.090761937796277,0.744247889929472,0.354838709677419,-0.033973029333336,93,TRUE,7
7761,3.8286413964891,5,8.53054392429949,8.95360465175115,2.5584278811045,1.20827075672308,1.42637486035861,4.8404653997529,9,10,1,0.10320987654321,1,0,0.532992128356478,45,TRUE,5
7793,3.8286413964891,5,9.06052927974764,9.75055583471178,3.07011345732539,1.69139741792162,2.52594879298442,5.14873679191236,27,10,3,0.116049382716049,0.731358024691358,0,0.469917276521947,45,TRUE,5
7797,4.35670882668959,7,8.28363212944026,8.3256170403534,1.15704579672427,1.58988763982237,1.8113097448157,2.50245702199911,21,12,2,0.0871985157699443,0.974363299038624,0.181818181818182,0.029094765034047,77,TRUE,7
7831,3.91202300542815,7,7.40755761970736,7.78613616440362,1.36467170019734,1.30855980832894,1.08747783796241,3.51725015757502,28,9,1,0.126197417742607,1,0.122448979591837,0.140994348910974,49,TRUE,7
7833,3.43398720448515,4,8.87243904295439,10.0083987308426,3.45387763949107,2.73807159466779,2.81342778440172,5.36607784718792,12,7,2,0.144444444444444,0.875555555555556,0,-0.365458655457586,30,TRUE,4
7841,4.72738781871234,7,8.02559946606329,8.20234491448333,1.83498899696853,1.91184179079685,3.12329267710044,2.67135304292903,36,19,1,0.0591517857142857,1,0.410714285714286,-0.0485244561220353,112,TRUE,7
7842,1.09861228866811,1,5.87731192289841,0,1.58902691517397,2.509760343245,1.77466855786162,0.693551015990727,16,2,1,0.5,1,1,0,2,FALSE,1
7845,4.68213122712422,7,7.97647024026118,8.10361580434359,1.73534387944319,1.73763105887735,3.39756402831471,2.21150350405555,15,17,1,0.0610533671062975,1,0.411214953271028,-0.184956352929044,107,TRUE,7
7856,4.29045944114839,6,8.57003908076373,9.12616269005029,1.84556395343363,1.95315355575205,3.01229741697129,3.83629423379954,28,12,2,0.0922067901234568,0.639274691358025,0.125,-0.524021105058397,72,TRUE,6
7867,4.71849887129509,7,7.94193272439287,8.08592388183712,2.44511759660322,2.11265550540738,2.57697207956148,2.88344972561868,8,19,1,0.0580310039769499,1,0.522522522522523,-0.045640667253582,111,TRUE,7
7873,4.63472898822964,7,8.86545661400428,9.02625167188462,0.451487273136087,2.72942230497527,4.40333175442353,2.24578384682318,48,9,3,0.12879661668589,0.439638600538255,0,-0.0822364135060829,102,TRUE,7
7876,3.80666248977032,5,6.28631981308766,7.73560779801443,2.99870421553578,1.49349756097389,1.68717647880678,4.7454645833007,10,10,1,0.105371900826446,1,0.25,-0.402725538088481,44,TRUE,5
7880,4.60517018598809,7,8.11497063653034,8.15565534497525,2.96753383267386,1.8736134493826,2.25556742450166,2.91754523349531,2,15,1,0.0700948882767064,1,0.575757575757576,-0.0104301677074962,99,TRUE,7
7884,4.65396035015752,7,8.20177940714694,8.35721321365236,2.10490221643812,1.98399877710593,2.83793951690349,3.13987685283439,24,17,1,0.0625,1,0.432692307692308,0.0620436669984807,104,TRUE,7
7887,3.25809653802148,7,8.34237191338514,8.32683717015829,4.67195323446926,2.14414859920451,3.72784968867288,2.28751301986141,2,5,1,0.248,1,1,0.216409243477078,25,TRUE,7
7915,4.7361984483945,7,9.32335911137486,9.45035589611055,1.69684495175451,2.46994078249797,3.29288886813061,2.68569643476195,23,18,3,0.0597540919414206,0.94799906022398,0.353982300884956,0.101594020200585,113,TRUE,7
7933,4.80402104473326,7,7.72341614562963,7.64361008651346,0.589093865854176,2.07123254952963,3.18465657961307,2.0588287264904,15,13,3,0.0988320469913257,0.511098968649682,0.0909090909090909,0.0160099611335538,121,TRUE,7
7944,0.693147180559945,1,8.44677072711969,11.5129254649702,11.5129254649702,0,0,0,15.5,1,1,1,1,0,0,1,FALSE,1
7949,3.71357206670431,5,6.42881748265307,7.95478165951673,4.31690615988353,1.0592845509039,1.26019569161365,4.93878721274848,72,10,2,0.115,0.82,0.425,-0.0118804961651316,40,TRUE,5
7958,4.62497281328427,7,8.2078041576681,8.34366846274845,1.64087328737357,2.09070734353826,2.99708945379802,2.2010690056811,41,16,1,0.0644054504460347,1,0.405940594059406,0.0176565140138649,101,TRUE,7
7976,1.09861228866811,2,7.44984952094938,7.96689208811515,3.35769169316734,0.494606838426924,0.349739849472918,0.196315283621241,6,1,1,1,1,1,0,2,FALSE,2
7984,3.91202300542815,7,7.00593668876913,7.41039053438208,4.81976341298228,2.02977671369172,2.60555968294331,5.01029235884307,15.5,17,1,0.0770512286547272,1,0.408163265306122,-0.0886067235285911,49,TRUE,7
7985,4.97673374242057,7,8.34241950659793,8.26852759576505,2.41812228163878,1.98939831338581,3.27155606723531,2.89508003951461,19,20,2,0.0588348765432099,0.741126543209877,0.548611111111111,0.102050974540944,144,TRUE,7
7993,3.49650756146648,7,7.46618269460809,6.91799853392248,3.37377692625663,1.67850858195134,2.91471776284905,1.64936525400622,9,8,2,0.244140625,0.6953125,0.875,-0.00525079529834238,32,TRUE,7
7996,5.12989871492307,7,7.97400716311233,8.09123907206253,1.93025787999155,1.84311172187607,2.51101339290002,2.66753859328273,8,19,2,0.0690901360544218,0.547902494331066,0.398809523809524,-0.044785072201229,168,TRUE,7
8001,3.55534806148941,6,6.38324647591084,7.87943997564068,4.13210961860957,1.45065484094923,2.22607613839943,4.96720974311207,7,10,1,0.117647058823529,1,0.382352941176471,0.323354220322976,34,TRUE,6
8003,4.92725368515721,7,8.68999355143079,8.83775624399737,1.44566379851861,1.97293970492543,3.23164258321383,2.80603402885109,35,16,3,0.0752837125046619,0.595183547338697,0.255474452554745,-0.0181037915546715,137,TRUE,7
8005,3.46573590279973,4,7.48500142115319,8.81983928465802,4.82800100143913,2.22325930676568,3.39953321246415,5.77500211295392,72,10,3,0.115504682622268,0.637877211238293,0,0.173722097580319,31,TRUE,4
8008,4.59511985013459,7,10.0750442926545,10.2124318547018,2.01256462334208,1.85634476695065,2.59166506384869,2.98129421807529,107,16,1,0.0685131195335277,1,0.357142857142857,-0.0332726520873354,98,TRUE,7
8009,2.07944154167984,3,8.52027552384602,9.74218113467498,7.10650983650084,0.508545605682545,0.843243374104427,4.15277425507901,12,3,1,0.387755102040816,1,1,0.303862955737037,7,TRUE,3
8017,3.87120101090789,6,7.11152073823439,7.59600235218766,0.824805658668707,1.73745269845387,2.60752786774686,1.65406254622431,26,14,1,0.0765052059755545,1,0.212765957446809,-0.429304129144915,47,TRUE,6
8032,4.44265125649032,5,8.02384678339598,8.79666687325225,4.22999562508249,1.90130482810054,2.82958239910012,4.40412787799989,16,18,1,0.0578231292517007,1,0.535714285714286,0.034237632563686,84,TRUE,5
8039,2.19722457733622,7,10.28743798248,10.8967591115186,7.04354419222148,1.22856766625314,0.326155962152674,1.81308831869264,2,2,1,0.78125,1,1,-0.254039659681274,8,TRUE,7
8041,1.79175946922805,4,6.78177256469885,8.4534845035878,6.04703823730867,0.769810675339428,0.0901230618382103,4.99358478060858,5,2,1,0.68,1,1,-0.221163270958649,5,TRUE,4
8043,2.19722457733622,4,6.34727677691725,7.61264464111641,4.55796277376682,0.264457905650039,0.417783730836048,4.31513587311616,7,2,1,0.5,1,1,0.0601047123640615,8,TRUE,4
8047,3.46573590279973,2,8.43775885532189,10.1198739727245,6.939843413117,1.7898450103226,2.86249238113539,5.51496856590073,22,18,1,0.0593132154006243,1,0.387096774193548,0,31,FALSE,2
8050,5.03043792139244,7,8.38438524916099,8.53587634306195,3.7435525493211,2.17407679360225,1.98577901811637,3.24140913255906,8,21,2,0.061547783933518,0.683171745152355,0.671052631578947,-0.0190000051602091,152,TRUE,7
8079,4.70048036579242,7,7.76245648104161,7.96421168359776,2.57408605872303,1.79715886613075,2.66292050192441,2.95331839694919,7,18,1,0.0603484555172124,1,0.522935779816514,-0.113239383639027,109,TRUE,7
8088,4.58496747867057,7,7.86693325214296,8.32623659436218,3.23908089275548,2.16007533351478,2.35893936850813,3.28486581257848,16,20,1,0.0662132001275375,1,0.56701030927835,0.00237190283920269,97,TRUE,7
8089,3.78418963391826,7,6.8653571937796,7.3189939971246,3.39932472616087,2.52774794052446,4.56691672519764,3.44789991098146,13,7,1,0.159545700378583,1,0.511627906976744,-0.00107367585507365,43,TRUE,7
8091,2.77258872223978,2,6.91259175888137,7.7997654837785,4.10640887881616,2.07847846560635,2.48156973553768,1.1241331581337,11,6,2,0.182222222222222,0.68,1,0,15,FALSE,2
8092,3.46573590279973,5,8.20082383496075,9.01655355980726,5.98235380802605,2.10633011081032,3.74439603557774,3.4204490402729,15,7,1,0.144640998959417,1,1,0.0317721716870251,31,TRUE,5
8102,4.85981240436167,7,8.52725535260319,8.59785424840644,2.93884460899535,2.06869703287179,2.66900857774318,3.04357420207499,6,20,1,0.053955078125,1,0.5625,-0.0213280378929176,128,TRUE,7
8104,4.70953020131233,7,8.71367938750652,9.04538115733536,1.77927029913176,2.7521820743084,4.28534519124911,4.18063292390342,19,11,2,0.111074380165289,0.52,0.00909090909090909,0.0814162441538584,110,TRUE,7
8125,4.63472898822964,7,9.0493613210872,9.1884351844933,1.50792518450016,2.0786733123153,2.43331356084867,2.32561547834079,34,16,2,0.0651672433679354,0.961553248750481,0.333333333333333,-0.153484286607094,102,TRUE,7
8127,4.90527477843843,7,8.78586646391679,8.92154879567004,2.8393058042495,2.053586061135,2.56655239808483,3.0634873956395,42,21,1,0.0512363555357541,1,0.537313432835821,-0.0776318242295338,134,TRUE,7
8133,2.07944154167984,1,6.73840450754033,11.5129254649702,11.5129254649702,1.48900659424279,2.51406619015213,0,29,7,1,0.142857142857143,1,0,0,7,FALSE,1
8136,3.55534806148941,7,6.10072298866735,7.29096178843798,4.41690459618567,1.88354826773625,3.60367972412867,3.31204842090056,15.5,10,1,0.145328719723183,1,0.764705882352941,-0.286666003236592,34,TRUE,7
8145,0.693147180559945,1,6.93537044601511,11.5129254649702,11.5129254649702,0,0,0,17,1,1,1,1,1,0,1,FALSE,1
8149,4.79579054559674,7,7.77657463213243,8.05492606225906,3.13991516698418,1.73039268398951,2.2465860346682,3.15569587442772,6,16,3,0.0940277777777778,0.535,0.583333333333333,0.00997986081248243,120,TRUE,7
8150,4.70048036579242,7,8.91722861980514,9.18880001992602,2.54365964132754,2.23735286283185,3.71421604751983,3.3072010793498,24,21,1,0.0584967595320259,1,0.477064220183486,-0.0952832083903843,109,TRUE,7
8153,5.03043792139244,7,8.17606812351518,8.28618165458735,2.22271840628183,2.47649089891907,3.7115668192703,3.16230656746794,12,18,2,0.0708968144044321,0.56310595567867,0.414473684210526,0.111258126787976,152,TRUE,7
8157,5.26785815906333,7,8.46985576171296,8.40598008556083,1.90591135169196,2.41260296296657,3.62872146473302,3.28229366354704,23,18,4,0.0728341700448334,0.3959569384413,0.316062176165803,0.101692976266855,193,TRUE,7
8165,4.35670882668959,7,6.80284388540474,7.01675529275076,2.46998800440647,2.023380814879,2.77622157122814,2.57599184925021,9,12,1,0.0888851408331928,1,0.532467532467532,-0.0714681126371272,77,TRUE,7
8193,4.39444915467244,7,7.42615185222136,7.50832434905423,1.94576675685735,2.1662086021291,1.98257514316286,2.86189430431898,11,15,1,0.0790625,1,0.3875,-0.0521446159470586,80,TRUE,7
8201,1.6094379124341,2,5.90111740848877,6.11398858619648,2.42871654839841,0.843756558922086,0.510817394685138,0.323761239197458,2,3,1,0.375,1,1,0,4,FALSE,2
8207,5.4971682252932,7,8.11139222628067,8.29025474092808,1.48263066124323,2.46762441841233,3.93172690611069,2.71521034566184,65,18,5,0.0727700723128249,0.341258954427679,0.283950617283951,-0.0201661848057899,243,TRUE,7
8208,4.65396035015752,7,8.54666555773055,8.68234084446206,1.48955461484534,2.11397012438766,2.89209389490003,2.21264647385398,193,16,1,0.0658284023668639,1,0.413461538461538,-0.0774771829471387,104,TRUE,7
8221,2.30258509299405,3,6.8346200728736,9.49067892784822,6.79712051704077,2.21298288256452,2.90347619455758,3.57990686417027,7,5,1,0.259259259259259,1,0.666666666666667,-1.42605006529465,9,TRUE,3
8222,3.3322045101752,7,7.65694254562854,7.88049095046957,3.41931064737701,1.55309062730823,1.71900565529544,2.08949351854932,3,5,1,0.226337448559671,1,0.777777777777778,-0.116006974823661,27,TRUE,7
8233,4.31748811353631,7,6.81922628359816,7.24223842842053,2.13669525959525,1.57141711868825,2.65321869922264,3.16779261272629,32,14,1,0.0836376917457999,1,0.364864864864865,0.0442358376556774,74,TRUE,7
8235,4.86753445045558,7,7.74103565282734,7.90907216166609,2.75357671897681,2.06357484702974,2.90733314695924,2.77409647264931,9,19,3,0.0612343008232678,0.827053662640466,0.612403100775194,-0.0969724802087248,129,TRUE,7
8242,4.79579054559674,7,8.64025774953727,8.73923478136425,1.67781925889392,2.02057383061692,3.14787692635235,2.21169989859258,22,18,1,0.0579166666666667,1,0.416666666666667,-0.0356786412872022,120,TRUE,7
8244,4.87519732320115,7,8.45934436429707,8.60643036396299,3.15498528260249,2.00099071809746,1.91879841967964,3.41995910420173,7,22,1,0.0524260355029586,1,0.515384615384615,-0.0401781894832151,130,TRUE,7
8246,4.60517018598809,7,7.93576258612786,8.18812217448368,1.51575520370142,1.80213056872011,2.74031352668333,2.4690494074411,14,17,1,0.0666258545046424,1,0.323232323232323,-0.141945295739868,99,TRUE,7
8260,4.62497281328427,7,7.15384867525482,7.4340736667478,2.75610558868356,2.16113915689947,1.9037120790732,2.9650127932603,23,17,1,0.0649936280756789,1,0.574257425742574,-0.0376226417535777,101,TRUE,7
8269,0.693147180559945,1,7.0057890192535,11.5129254649702,11.5129254649702,0,0,0,15.5,1,1,1,1,0,0,1,FALSE,1
8277,5.26785815906333,7,7.89140969253314,8.11001894440593,3.00707720416545,2.25345785760233,3.24795020621939,3.30870816383671,14,22,2,0.054041719240785,0.596982469328036,0.559585492227979,0.118580615615079,193,TRUE,7
8288,4.26267987704132,7,7.02720718710466,7.10443187129965,2.64658691642777,1.89311846238071,2.69192038703283,2.11570341876634,7,11,1,0.0975510204081633,1,0.7,-0.0253905188387075,70,TRUE,7
8303,3.63758615972639,7,7.89312838514974,5.74798492103725,1.60755593401061,2.07248493378897,3.10520501901313,2.52072079980071,21,12,1,0.10445580715851,1,0.378378378378378,-0.127657337366383,37,TRUE,7
8308,2.39789527279837,2,5.50251095935761,6.43259023690011,1.86081398310085,2.47421778671532,2.7996542997498,2.51766445104346,24,6,1,0.18,1,0.4,0,10,FALSE,2
8311,4.72738781871234,7,7.8365115559058,8.02449616779628,2.01398815851367,1.80777976181157,3.0451688665095,2.53469947710134,12,18,1,0.0578762755102041,1,0.455357142857143,-0.0983905465338955,112,TRUE,7
8317,4.72738781871234,7,8.82092260820388,8.85275809642513,1.78660487111042,2.34962433591183,3.75365520332921,2.39110732908389,11,19,1,0.0583545918367347,1,0.428571428571429,0.098408519782882,112,TRUE,7
8336,0.693147180559945,1,5.08759633523238,11.5129254649702,11.5129254649702,0,0,0,6,1,1,1,1,0,0,1,FALSE,1
8345,4.12713438504509,5,7.4582758175427,7.63478237138092,2.37133415268153,2.23907461120509,3.00594234105866,3.09886476048934,20,16,1,0.0685299650631551,1,0.442622950819672,-0.399037326246008,61,TRUE,5
8355,3.29583686600433,7,9.09137484633133,9.82160291503891,6.31085589437366,2.53155938637922,4.55230705109175,2.8527675868746,25,6,1,0.230769230769231,1,1,-0.111865739118636,26,TRUE,7
8357,2.99573227355399,2,8.90602586352732,10.2509588987603,6.66537790077224,1.18026078305849,1.91207730155728,5.8400151813901,19,11,1,0.0969529085872576,1,0.105263157894737,0,19,FALSE,2
8365,5.48893772615669,7,8.65830287701007,8.81036812036436,2.36617512014582,2.62918643315427,4.38332321471563,3.46099079430414,77,21,5,0.0601745837709406,0.406001962776123,0.385892116182573,0.0683054112171834,241,TRUE,7
8377,3.3322045101752,7,6.74337599853939,7.60995281489049,4.82175194593772,1.77475669221536,2.54645697512765,4.32795303606247,22,9,1,0.1440329218107,1,0.592592592592593,0.0199402451534479,27,TRUE,7
8378,4.58496747867057,7,9.260567952759,9.39881951883634,1.07810035202647,2.09948715177197,3.24144466276643,2.07503208864217,4,15,2,0.0736528855351259,0.940057391858859,0.247422680412371,-0.0214045033989283,97,TRUE,7
8392,3.80666248977032,4,7.48121752135141,8.62478431761688,4.64923486765456,1.89241677949995,3.01107923629499,5.19439218869089,30,15,1,0.0774793388429752,1,0.386363636363636,0.627928043210308,44,TRUE,4
8396,4.24849524204936,5,7.55042595126627,8.67225395917735,3.57864785846354,1.7762504824863,2.81168509079257,5.02421238556096,14,13,2,0.0917874396135266,0.565637471119513,0.231884057971014,0.463380139197305,69,TRUE,5
8397,4.76217393479776,7,7.63266445589023,7.99628428851353,2.64675547846381,1.76974911473746,2.3242791569926,3.38214287577859,20,19,2,0.0563317479191439,0.966111771700357,0.448275862068966,-0.129167488328971,116,TRUE,7
8426,4.07753744390572,5,8.67783440668435,9.40337123076981,2.9774807236992,1.70707033967062,2.3912122344894,5.08527127870867,18,10,2,0.117717003567182,0.616527942925089,0,0.0982828797184817,58,TRUE,5
8435,4.86753445045558,7,7.7943332697129,7.90787667991945,2.84772249071677,1.77297292328501,1.61099716430927,2.95570629832507,6,20,2,0.0590709692927108,0.897361937383571,0.565891472868217,-0.00693388678339446,129,TRUE,7
8441,3.63758615972639,5,7.20469532554371,7.40228815680045,1.50008944809268,1.56000540769662,3.03705005700911,2.62268755718134,4,10,1,0.107377647918188,1,0.27027027027027,0.080119271705316,37,TRUE,5
8444,3.55534806148941,5,6.69020327718657,7.86779418016305,4.19660896812612,1.56981185334598,3.21585078544758,4.50831485964772,4,8,1,0.136678200692042,1,0.5,-0.0394112271083948,34,TRUE,5
8449,4.26267987704132,7,9.27214886760095,9.23547109422068,0.328940727570578,1.77782324406907,2.57598657897027,1.93188638519601,8,10,1,0.1,1,0,-0.078096696984441,70,TRUE,7
8450,3.95124371858143,5,7.41542745937442,8.29691958854318,2.91242553879977,1.30854317190931,2.32157705236899,4.66710134178875,13,11,1,0.0934256055363322,1,0.215686274509804,0.0659354812016108,51,TRUE,5
8453,4.30406509320417,7,6.87179061244267,7.39400699255345,2.18148975283902,2.41308641135489,2.65604057430581,2.85624538247706,16,16,1,0.0737474197785701,1,0.438356164383562,-0.513139332632819,73,TRUE,7
8458,2.77258872223978,6,6.36686034025432,6.57211138025023,3.07576230882057,1.08746639659887,1.78799818740018,0.334116866039375,15.5,3,1,0.342222222222222,1,1,-0.252866488577969,15,TRUE,6
8464,4.30406509320417,7,6.97880017565455,7.16033400186844,1.65507062133576,1.94734114733126,2.30333430368215,2.42624825929206,14,13,1,0.0823794332895477,1,0.356164383561644,-0.314357816280126,73,TRUE,7
8466,3.87120101090789,7,6.96752788967046,7.06585491552195,2.71730430990294,2.01139353973707,4.39443773064201,2.61808228037454,18,8,2,0.138071525577184,0.518334087822544,0.595744680851064,0.0943006054939049,47,TRUE,7
8474,5.32787616878958,7,7.90089515436142,8.11663986157539,2.33545369150467,1.94910638267243,2.37307664997809,3.49455264822371,42,19,4,0.059940511600238,0.460226055919096,0.370731707317073,-0.015077366885027,205,TRUE,7
8491,4.74493212836325,7,9.21777059612854,9.44642291028585,3.56349565436395,2.16347810502639,2.5251810029666,3.60349371683409,56,21,2,0.0564789165897199,0.900277008310249,0.56140350877193,-0.179842674653573,114,TRUE,7
8532,4.11087386417331,6,8.49209209334396,8.7169600734484,0.724707081627706,1.47902933539187,2.53918294731854,1.50866260609954,9,10,1,0.1,1,0.2,-0.329168365636802,60,TRUE,6
8543,5.34233425196481,7,7.94595566240852,8.19520159301592,3.23659318138263,2.38522335546498,2.56225880290105,3.42117042409351,56,22,3,0.0601423816568047,0.458394970414201,0.524038461538462,-0.0702524545059635,208,TRUE,7
8548,4.04305126783455,4,6.72030260335032,7.14842407285319,2.41686143477178,1.93918230479587,1.89210841476195,2.63560064038759,10,15,1,0.0676020408163265,1,0.553571428571429,-0.252373020032915,56,TRUE,4
8552,3.91202300542815,7,5.85512845198981,6.72435229325961,4.80905770336793,1.68210477193514,2.48067576537175,5.09262550632275,15.5,12,2,0.103706788837984,0.700124947938359,0.346938775510204,-0.0407590193876388,49,TRUE,7
8558,4.77912349311153,7,8.9824929900155,8.95604075221591,1.7290788000984,2.35781210988642,3.33145736187449,2.57876123120369,24,18,3,0.0660729675380638,0.843579431197932,0.398305084745763,0.125021783140772,118,TRUE,7
8560,3.58351893845611,7,8.60287443296891,9.07199375342697,5.69445847065639,2.38801839231995,4.31219239566114,3.41880536185074,7,6,1,0.180408163265306,1,0.914285714285714,0.000400026639828727,35,TRUE,7
8581,4.33073334028633,5,8.41754590832291,8.69995507467848,2.38661563083959,1.87501230256785,2.55682720833206,3.10912852957235,10,16,1,0.0641777777777778,1,0.413333333333333,-0.244368366081687,75,TRUE,5
8582,2.94443897916644,7,6.42313664266143,6.76796226480299,2.24972158979942,0.868891862009457,0.259349108814286,3.57927304251004,6,4,1,0.308641975308642,1,0.444444444444444,0.203862774195502,18,TRUE,7
8584,4.74493212836325,7,8.02104941547663,8.22436963688286,3.33551739657391,2.17813439501052,2.78088481987917,3.36626615250089,10,22,1,0.0563250230840259,1,0.596491228070175,-0.0302987268164561,114,TRUE,7
8585,1.94591014905531,4,5.75730426231157,8.18948143288068,5.37177935353809,2.07990511318503,1.86911294063251,4.77457797678167,4,2,1,0.555555555555556,1,1,0.267607624008921,6,TRUE,4
8586,4.20469261939097,5,7.83394774438134,8.54096379504009,2.61657396931142,2.13228442494651,3.39133500804059,4.86169561303215,24,10,2,0.118457300275482,0.537190082644628,0,0.0606902131148565,66,TRUE,5
8610,1.38629436111989,1,7.96956064894246,9.57079257170141,4.24917482094598,1.50027306926627,1.41142988917626,3.68416295840642,19,3,1,0.333333333333333,1,0.666666666666667,0,3,FALSE,1
8611,4.39444915467244,7,8.73654323819592,8.73310577347572,1.0697813201619,1.17056065457203,1.78415973341759,2.40676325140047,18,12,1,0.085625,1,0.175,0.178681345016595,80,TRUE,7
8619,5.18738580584075,7,8.01120640640209,8.0880354761733,2.4177080833299,2.1955629128449,2.59315013058967,3.36515976581088,28,21,3,0.0702562807726297,0.48510289104911,0.398876404494382,0.0699911110315703,178,TRUE,7
8623,4.35670882668959,7,6.76402014355459,7.30808836040922,3.43475454812636,2.79850600549338,2.72044676888621,3.98930977200548,50,17,1,0.0703322651374599,1,0.506493506493506,0.180064661369412,77,TRUE,7
8634,3.52636052461616,6,7.67996822621946,8.39804375199611,5.66831104872377,2.78507138409699,4.7230126499138,3.35427057112015,8,6,1,0.173553719008264,1,1,0.107754102897135,33,TRUE,6
8636,5.09375020080676,7,8.71665862509146,9.21555658706855,3.20045145016863,2.19298537601112,3.46407203382231,3.56869663209349,84,23,3,0.0474775186709343,0.849184575522024,0.493827160493827,-0.191931707793107,162,TRUE,7
8637,2.30258509299405,6,6.98353069697432,7.91194246574027,4.50567534256006,0.288867331340387,0.174443069221875,3.97384478138671,30,2,1,0.555555555555556,1,1,0.102834033307449,9,TRUE,6
8644,4.88280192258637,7,8.76184817196762,8.87835362238017,2.75698942009125,2.15088686745314,3.01042757738385,3.15061642426398,30,20,2,0.0544840044286463,0.955247363207272,0.49618320610687,-0.0741308185453323,131,TRUE,7
8652,5.48893772615669,7,8.78196040661036,8.97628486365658,2.13244584213191,2.58419127902674,3.42328605134301,3.34012208393441,102,19,5,0.0631359652898538,0.393226700642207,0.340248962655602,-0.158381183584618,241,TRUE,7
8655,3.68887945411394,7,7.93836548969549,8.995767843634,3.97638004185687,1.78556336353137,2.67454598598048,4.77978066189764,3,11,1,0.101906640368179,1,0.333333333333333,0.24814351004665,39,TRUE,7
8658,4.17438726989564,7,7.88562176674915,8.23666387312472,4.37963016801319,2.30604056147053,2.42990120035863,3.02706726083528,9,16,1,0.087890625,1,0.828125,0.072251015845789,64,TRUE,7
8666,4.61512051684126,7,7.64512819079443,7.82594867888777,1.82705789968759,1.69404374963653,2.79885983821491,2.89736730513797,8,18,1,0.0632,1,0.37,-0.0520822455629312,100,TRUE,7
8677,4.7361984483945,7,8.06312098388456,8.34782192221652,2.75254628403353,1.72782869962112,2.3421763585497,3.30892784720783,13,20,2,0.0605372386247944,0.965228287258203,0.47787610619469,-0.00778683985155843,113,TRUE,7
8691,4.45434729625351,7,7.6183767741708,7.61983004198889,2.68143579119196,2.17689148282476,3.23126078898777,2.92898370223137,12,14,1,0.0776470588235294,1,0.552941176470588,0.0697517440324433,85,TRUE,7
8693,3.97029191355212,5,7.80015887699281,8.59265223191306,2.85355096089073,1.35295973677879,1.55745531201132,4.65391006798002,14,11,1,0.0924556213017751,1,0.173076923076923,0.0602093145299114,52,TRUE,5
8694,4.81218435537242,7,9.27560132672773,9.33603422280247,2.24969478466492,1.79130994761183,3.32342667008695,3.16735489091679,33,19,3,0.0587207739854878,0.92058586401505,0.385245901639344,-0.0325310040861731,122,TRUE,7
8696,4.68213122712422,7,7.95129932272511,8.0334215775985,3.07527536145639,1.79738925425689,1.50331976088051,2.73777668419275,4,16,1,0.0631496200541532,1,0.626168224299065,-0.00407788509266026,107,TRUE,7
8703,5.11799381241676,7,9.01014200931292,9.10521518054718,2.71143516990169,2.35705579181414,2.16541784235873,3.40399280439325,18,19,3,0.0632893017854551,0.595659747423429,0.433734939759036,0.0910210906222625,166,TRUE,7
8712,4.52178857704904,7,7.71314219420145,7.77630099807197,3.33331365639437,1.9842371579302,1.34344270019403,2.94440541355143,14,15,1,0.0733003260475788,1,0.626373626373626,0.00485779441305155,91,TRUE,7
8732,5.23110861685459,7,8.58189043460962,8.68789600877232,2.51610726365418,2.30883932184005,3.25556465494446,3.2560270572408,62,20,3,0.0582726326742976,0.553069719042664,0.451612903225806,0.0208040582125781,186,TRUE,7
8735,3.13549421592915,7,6.5554624174343,8.37417787832894,5.7841987801687,1.87702360254236,3.08126374509274,3.34035998867625,15.5,9,1,0.18595041322314,1,0.772727272727273,-0.173220920200939,22,TRUE,7
8751,3.98898404656427,3,7.31459854687392,7.74673532709873,3.03453154442407,2.08299608211953,2.29746645416376,2.99320857951852,14,18,1,0.0558917764328943,1,0.566037735849057,-0.36357979816817,53,TRUE,3
8757,4.31748811353631,7,7.01227631057236,7.1177942650422,0.982033760234443,1.86752510574659,3.46720493668353,1.43868363587012,5,13,1,0.0847333820306793,1,0.337837837837838,0.112939874554554,74,TRUE,7
8769,4.63472898822964,7,7.85357301838005,8.10994017153524,3.03443568753498,1.90190644408934,2.2020749107634,3.15310671762163,6,18,1,0.0647827758554402,1,0.588235294117647,-0.055239006379746,102,TRUE,7
8777,0.693147180559945,1,7.58396482423415,11.5129254649702,11.5129254649702,0,0,0,9,1,1,1,1,1,0,1,FALSE,1
8783,3.80666248977032,6,7.51576751663833,7.73521085354429,4.29788051366403,2.32021980956702,2.36784972893744,2.3008130826306,10,10,1,0.114669421487603,1,1,-0.106364649220023,44,TRUE,6
8784,4.29045944114839,7,7.45547237049938,8.4143320606316,4.71515177196604,1.99467436954613,2.65556202305406,4.30467536193005,15,16,1,0.0744598765432099,1,0.611111111111111,-0.0750225585915236,72,TRUE,7
8806,3.93182563272433,7,7.05450224016158,7.25993320768754,2.73719541232128,1.75022646855063,3.56396687905791,2.92904540797834,1,8,1,0.1312,1,0.58,0.0183014735093173,50,TRUE,7
8812,3.2188758248682,7,7.03515228222664,7.48845580639691,3.99199663247704,1.2720860264776,1.20750263691069,1.7285220259865,5,4,1,0.270833333333333,1,1,-0.311887117476155,24,TRUE,7
8814,3.29583686600433,3,7.49014283459473,9.14577168384008,2.51546920140102,2.05158997133031,2.89234223484661,3.8337284795402,18,14,2,0.0769230769230769,0.857988165680474,0.269230769230769,-0.730483633835303,26,TRUE,3
8831,4.31748811353631,7,7.0209708214199,7.33847249299898,3.50352140239763,2.34084314387312,1.695397616561,2.45446899859447,6,15,1,0.0840029218407597,1,0.783783783783784,0.0132723028896906,74,TRUE,7
8843,4.52178857704904,7,9.14259494336987,9.71909060580104,1.9150838653593,2.31368243179878,3.09697048931609,3.92448731590554,45,15,4,0.0728172925975124,0.835044076802319,0.21978021978022,0.0852969795794543,91,TRUE,7
8850,4.89034912822175,7,8.55976479880288,8.76700541162974,3.22781138625371,2.3154136623579,2.77055734723258,3.63814877607455,6,23,1,0.0503902662993572,1,0.522727272727273,-0.0504830321630214,132,TRUE,7
8852,4.26267987704132,6,9.5092549699729,9.90826020581807,2.5573645565162,1.73162573016868,2.56343986171034,4.58670029442136,62,14,1,0.0787755102040816,1,0.157142857142857,0.145218205112096,70,TRUE,6
8876,4.12713438504509,7,7.43929706649109,7.63704776890928,1.39471009925664,1.43847876259746,2.46759123202665,2.17176223501086,12,11,1,0.100779360386993,1,0.344262295081967,0.00302760350294406,61,TRUE,7
8880,4.52178857704904,7,9.32333211694404,9.33410639116621,1.11318151764851,1.90961912115744,2.74503840031096,2.47593157051281,70,15,1,0.0733003260475788,1,0.230769230769231,-0.0874592375020658,91,TRUE,7
8883,1.79175946922805,3,5.2169393320063,9.41951764990519,7.88126216907325,1.88050244745101,0.605372206296046,4.97372482940036,4,3,1,0.44,1,0.6,-0.880234007617459,5,TRUE,3
8889,2.07944154167984,1,3.88263962553049,5.58456656296971,0.36642133678022,2.29276371223944,1.59680102272136,0.969459732188306,9,7,1,0.142857142857143,1,0.142857142857143,0,7,FALSE,1
8906,3.8286413964891,5,8.47214635479003,8.72125599241264,2.15197841552202,1.76810267207841,2.62320662655379,3.91025478298423,44,12,1,0.0883950617283951,1,0.244444444444444,0.195188519335468,45,TRUE,5
8913,4.85203026391962,7,7.78049264451199,7.94253788473191,2.58306442389079,2.11452506348572,2.93911398347827,2.96589696038861,10,21,1,0.052762105524211,1,0.543307086614173,0.031197629587426,127,TRUE,7
8922,4.61512051684126,7,7.35047960217696,7.63937575959209,1.80652863944336,1.91345593233131,2.92209600202958,2.41432337226271,10,17,1,0.0644,1,0.4,-0.129095607575569,100,TRUE,7
8928,3.98898404656427,5,7.04334392415742,7.49168881934475,1.36103543920856,1.47251487492564,1.71281854071509,1.94350744844318,10,11,1,0.0914916340334639,1,0.358490566037736,-0.528608353549134,53,TRUE,5
8933,5.26269018890489,7,7.84219473929128,8.0747644747685,2.87014966197893,2.36139431487877,3.27559305931516,3.19072463674451,18,19,2,0.0608723958333333,0.526258680555556,0.536458333333333,-0.16185707365395,192,TRUE,7
8941,4.23410650459726,5,7.32107479077678,8.20487058640606,4.00601698394894,1.84867811765856,1.8154471617992,4.49973571065237,51,14,1,0.0717993079584775,1,0.441176470588235,-0.000211077782013432,68,TRUE,5
8942,4.29045944114839,7,7.36694644956691,8.28134106699606,3.34000577375465,1.47276623205568,2.34413722645077,4.45463034781484,20,14,1,0.0852623456790123,1,0.361111111111111,-0.056133254821732,72,TRUE,7
8959,5.47646355193151,7,8.05561511309369,8.46113683614275,2.91448048793089,2.12814188226229,3.06241497955437,3.64660758518283,96,23,4,0.0603770920132759,0.398488807287621,0.491596638655462,-0.0672263312566555,238,TRUE,7
8966,4.20469261939097,6,8.5402784381473,9.04318394053734,3.13659675078215,1.74908920787563,2.73450660504331,4.87185328477202,31,16,1,0.0766758494031221,1,0.212121212121212,0.313623237908487,66,TRUE,6
8969,3.13549421592915,3,7.45155989941674,8.74370404333212,4.18651835089826,1.65127767417908,2.50105467391709,5.66857264406845,43,8,2,0.132231404958678,0.913223140495868,0,0.531028857311588,22,TRUE,3
8971,4.81218435537242,7,9.00354211618872,9.13096215037588,2.68263424192694,1.95835740420387,3.06621089802325,3.15925224824265,8,20,1,0.056167696855684,1,0.483606557377049,-0.0642526922261958,122,TRUE,7
8972,3.55534806148941,6,8.2829206405799,9.34013476990814,2.70892363881652,2.06623813165933,3.24460337946923,4.95702297799357,44,8,1,0.160899653979239,1,0,0.211405391905131,34,TRUE,6
8987,4.76217393479776,7,7.75063766773895,8.00611597587462,3.33972413850425,1.92141985326482,1.72901551492175,3.36431710152227,16,21,1,0.0576694411414982,1,0.577586206896552,-0.00668091115404816,116,TRUE,7
8989,3.89182029811063,7,7.27376913875566,7.42481784366026,2.84945997934674,1.91045709974134,2.21189701987782,2.26188717011459,8,8,1,0.127604166666667,1,0.666666666666667,-0.276447394471531,48,TRUE,7
9000,1.6094379124341,1,7.86756706726795,11.5129254649702,11.5129254649702,1.91856353444956,2.40085143710801,0,14,4,1,0.25,1,1,0,4,FALSE,1
9011,3.91202300542815,7,6.58520031133076,6.6559762532995,0.234957662550413,1.48326325629253,2.68371435434564,1.64470363785289,14,8,1,0.137859225322782,1,0,-0.0337758372346153,49,TRUE,7
9012,4.74493212836325,6,7.53061091424008,8.35325241151483,4.47610295386385,1.93607627195678,2.48772285234342,4.3837546989237,16,18,4,0.0657125269313635,0.575869498307171,0.570175438596491,0.107555874070236,114,TRUE,6
9026,3.55534806148941,6,7.40413169743102,8.11483627814051,3.470909650138,1.50381631478175,1.15966196719551,4.33594529045941,14,10,1,0.117647058823529,1,0.411764705882353,0.291850793587358,34,TRUE,6
9028,5.01727983681492,7,8.2340990599106,8.47334594180796,2.75165493061794,2.13673272416692,2.69991581303793,3.41928202740428,7,21,3,0.0562666666666667,0.761422222222222,0.446666666666667,-0.0299989380114033,150,TRUE,7
9031,4.71849887129509,7,8.77384985926973,9.11176790979423,1.79275683806747,2.03651959895454,3.05226892076612,3.44718359589727,10,15,3,0.0755620485350215,0.7133349565782,0.216216216216216,-0.0626210360181886,111,TRUE,7
9033,0.693147180559945,1,5.52942908751142,11.5129254649702,11.5129254649702,0,0,0,2,1,1,1,1,0,0,1,FALSE,1
9037,4.30406509320417,5,8.18870749853033,9.09804112578017,3.78576742488543,1.83661807346887,2.47633355732551,4.93165292563295,12,15,2,0.0756239444548696,0.783824357290298,0.287671232876712,0.522424699931865,73,TRUE,5
9052,3.25809653802148,6,7.25284537521433,8.33564524656719,5.42247480282007,2.07816226333933,3.81215462671466,3.2913730885271,8,5,1,0.2096,1,1,-0.147782174786858,25,TRUE,6
9063,4.45434729625351,7,7.99417792935346,8.20309771121449,2.21307295361857,1.82022634306181,2.85476767417931,2.75587853281814,17,16,1,0.0693425605536332,1,0.447058823529412,-0.177033999567378,85,TRUE,7
9067,4.34380542185368,7,7.43818132836889,7.59144266860354,2.25243784747543,1.55923850605636,2.87312585052558,2.62000645790611,10,11,3,0.12292243767313,0.657894736842105,0.513157894736842,0.0353346623911556,76,TRUE,7
9069,4.17438726989564,6,8.70569337070795,9.78344788242205,3.41789974741304,1.81995521224231,2.89244961655839,5.30161869073338,26,10,3,0.10888671875,0.72607421875,0,-0.275551983497348,64,TRUE,6
9087,4.11087386417331,5,7.81664645270591,8.75354861090443,3.04019574182443,1.6174194010108,2.14134431248764,4.52555193384626,4,13,1,0.0794444444444444,1,0.25,-0.287279577077468,60,TRUE,5
9097,4.74493212836325,7,9.70740041270214,9.77742439947517,2.27424408112174,2.14516662303035,3.19815444535957,3.49719094384869,30,18,2,0.0621729763004001,0.916128039396737,0.342105263157895,0.0444077635941117,114,TRUE,7
9102,1.38629436111989,1,7.04373751001353,11.5129254649702,11.5129254649702,1.80152240853211,1.66997663788382,0,18,3,1,0.333333333333333,1,1,0,3,FALSE,1
9116,4.02535169073515,7,7.03216145714753,6.99007150440375,2.25873710312245,2.27122933321413,4.03386624912711,3.14969447944989,18,9,2,0.139834710743802,0.726280991735537,0.4,0.0138081240927284,55,TRUE,7
9117,5.26269018890489,7,7.54467643501923,7.75521888406743,1.86900063463549,2.1721025700535,3.00561431458249,2.56963319601174,41,20,2,0.0560980902777778,0.545627170138889,0.458333333333333,0.00957868174615095,192,TRUE,7
9121,3.66356164612965,6,7.36450954268319,8.15204592747216,5.55542492176418,2.49356309406092,5.37255029310366,3.20767687878895,17,7,1,0.152354570637119,1,1,0.0805994177998297,38,TRUE,6
9127,5.17614973257383,7,8.00210371633481,8.23981968055753,2.46825564262854,1.99796241628119,2.28961246599592,3.31262200306775,20,22,2,0.0577221074380165,0.619382747933884,0.420454545454545,-0.0469973011091865,176,TRUE,7
9143,2.77258872223978,3,6.10678540267075,8.97228040936466,5.37269855031944,1.76003633798217,2.82012865064722,5.94524914559426,12,7,1,0.155555555555556,1,0,-0.781752609368725,15,TRUE,3
9144,5.0998664278242,7,8.01776849562792,8.17317308768371,2.98837114341826,2.42670004674372,2.22813102262974,3.51677660586163,14,23,2,0.057623546238097,0.662764876359667,0.50920245398773,0.0475745689413324,163,TRUE,7
9145,5.4553211153577,7,8.36422146924473,8.46530843728873,2.07641948574326,2.4738504926975,3.58242035461259,2.90786928296478,105,21,3,0.0555361122879405,0.467958518300208,0.424892703862661,0.0914309690072629,233,TRUE,7
9184,4.90527477843843,7,8.4214989245154,8.73651992090933,2.23355705279658,2.57280917334562,4.31673167572268,3.2657824532788,15,19,3,0.0631543773668969,0.736689685898864,0.380597014925373,-0.0157513139127544,134,TRUE,7
9188,5.40267738187228,7,8.13926398771854,8.43107809266437,2.25350580694663,2.38563885159853,3.23700337882633,3.19326375354188,106,22,4,0.0655391986241068,0.385843860690813,0.411764705882353,-0.0640011872095373,221,TRUE,7
9198,1.38629436111989,3,4.84046672656274,11.5129254649702,11.5129254649702,2.73491921357073,2.65390981139274,0,27,2,2,0.555555555555556,0.555555555555556,1,2.65390981139429,3,TRUE,3
9201,4.0943445622221,6,7.43259781927887,8.42285330234697,3.76648353958376,1.89986101069774,2.68787750854358,4.59143240230778,12,13,1,0.0881930479747199,1,0.372881355932203,-0.257273520612672,59,TRUE,6
9205,0.693147180559945,1,5.05802765639886,11.5129254649702,11.5129254649702,0,0,0,4,1,1,1,1,1,0,1,FALSE,1
9226,4.68213122712422,7,6.75399825043161,6.90471638537185,2.47969251306516,1.77772861608156,1.79282707246804,3.00138896180788,20,16,2,0.0673421259498646,0.910909249716132,0.542056074766355,0.0284814239928555,107,TRUE,7
9234,4.45434729625351,5,8.22858703342338,9.12244665736082,4.1364503681595,1.98465575878162,3.45250745720189,4.69019311370329,70,20,2,0.0571626297577855,0.931903114186851,0.494117647058824,0.142102357916071,85,TRUE,5
9243,4.15888308335967,7,7.59132458217265,7.89003349320569,1.99309401826917,1.91831976558266,2.89448705618096,2.20583480502702,6,10,1,0.102040816326531,1,0.492063492063492,-0.169500884169273,63,TRUE,7
9252,4.99721227376411,7,8.00207553040524,8.16414219600809,1.79251630659854,2.13514883440718,3.78578533764174,2.5327034044277,17,18,3,0.0619649220232311,0.709935674950252,0.394557823129252,-0.147345182890882,147,TRUE,7
9253,4.62497281328427,7,7.49925726704994,7.58294987158836,2.20071864005667,1.92721969581815,2.61843804241252,2.69103855128577,16,17,1,0.0649936280756789,1,0.475247524752475,-0.019532894419211,101,TRUE,7
9255,4.55387689160054,7,7.6501514177218,7.99410962168465,3.48320257328536,2.13837557178451,2.38281547604799,3.73501903814479,22,16,1,0.0647351742870077,1,0.51063829787234,-0.0326899958536441,94,TRUE,7
9258,2.77258872223978,7,5.85303394053333,7.82037505822401,5.53283084362554,2.78213397206738,5.01856771465098,4.03817624191248,15.5,8,1,0.182222222222222,1,0.666666666666667,-0.0974253052226896,15,TRUE,7
9273,2.70805020110221,7,6.52470690349252,7.24095370518429,3.79069954708773,0.28765277112955,0.426284262279922,3.27424103343952,9,2,1,0.5,1,1,0.00421695894835975,14,TRUE,7
9285,5.5683445037611,7,8.51376591477063,8.59907430487534,1.84667517539925,2.33226389590955,3.6354258573742,3.04791983358422,73,19,4,0.0620513498040252,0.364014033851529,0.329501915708812,0.0368103595308548,261,TRUE,7
9286,4.87519732320115,7,8.2147674960674,8.39298186120049,2.97614764099225,2.07123278726369,1.90212058865342,3.12570404295052,8,22,1,0.0513609467455621,1,0.569230769230769,-0.0365087591081497,130,TRUE,7
9309,4.70953020131233,7,9.20125423021111,9.52642756734289,2.04745306658333,2.34126436347503,3.34918193923545,3.38241746233549,20,16,3,0.0709090909090909,0.802314049586777,0.309090909090909,-0.0198252188520206,110,TRUE,7
9314,5.37527840768417,7,7.97014895343395,7.82676649641003,2.71006314882592,2.02387784951645,3.01354593445242,3.15294661012838,6,24,2,0.0518117901568415,0.52190373174689,0.52093023255814,-0.00294369054224503,215,TRUE,7
9324,4.36944785246702,7,7.76539651528732,8.04262518483254,2.4990236465632,2.12698402816943,2.86305683984328,2.93681371043361,18,15,1,0.0746219592373439,1,0.474358974358974,-0.247859444609343,78,TRUE,7
9334,4.59511985013459,7,8.04206885377848,8.20716073777829,3.22079744603184,1.95381619087666,2.26658060244445,3.19880102862797,24,17,1,0.068304872969596,1,0.591836734693878,-0.0404210543863698,98,TRUE,7
9347,3.98898404656427,5,7.27468541064592,8.35582866173405,5.52878679273215,2.51733449203873,2.35782678220151,3.98245313629759,8,13,1,0.0857956568173727,1,0.849056603773585,0.00545114444213357,53,TRUE,5
9360,5.04342511691925,7,8.56741151269299,8.71230007664664,1.90839575239548,2.16308535587868,3.49054536878575,3.03889017374723,39,17,2,0.0679709900489121,0.561477483555406,0.344155844155844,0.0228238667869634,154,TRUE,7
9362,5.85507192220243,7,7.90108812938333,8.20482495624842,1.82495607023898,2.57545800319318,3.24399938509506,3.24507175859201,135,23,6,0.0685691636940151,0.239992072929053,0.295977011494253,-0.0889579216864293,348,TRUE,7
9384,2.77258872223978,3,5.19624228291434,5.37275161939048,2.30258509299405,1.41327811792054,2.36074006859407,4.76680401039091,9,6,1,0.173333333333333,1,0,0.315781384117432,15,TRUE,3
9410,4.90527477843843,7,8.6806990133994,8.79496255914421,2.87266149851339,2.06554130596244,2.986545409021,3.14880368734045,52,22,2,0.0506794386277567,0.985186010247271,0.537313432835821,-0.0460514944523542,134,TRUE,7
9419,2.19722457733622,1,8.21478888480828,11.5129254649702,11.5129254649702,1.26877271958699,2.13353225990312,0,7,8,1,0.125,1,0,0,8,FALSE,1
9426,3.04452243772342,6,7.94999682123806,9.02009022809328,5.65074791385463,2.40629294329893,4.42659543224135,3.80999098710377,37,5,1,0.24,1,0.8,-0.39489446850622,20,TRUE,6
9427,4.44265125649032,7,7.86841506072145,8.29112429576644,2.16927676348327,1.6997698106471,2.79058633673308,3.75334096239274,10,17,2,0.0756802721088435,0.953514739229025,0.30952380952381,0.106891625259801,84,TRUE,7
9432,2.30258509299405,1,6.39839527285936,11.5129254649702,11.5129254649702,1.21607383317814,0.836690912278214,0,5,6,2,0.185185185185185,0.555555555555556,0.222222222222222,0,9,FALSE,1
9449,2.30258509299405,2,5.7075156915964,10.9189864756722,10.233711524418,1.83445596143765,1.17161455277403,3.83764182165674,4,8,1,0.135802469135802,1,0.111111111111111,0,9,FALSE,2
9458,4.63472898822964,7,6.66679293749535,6.81555965873766,2.15546768504708,2.03088216265292,1.79194442951291,2.50589451189368,7,16,1,0.0657439446366782,1,0.53921568627451,-0.0178676825349414,102,TRUE,7
9461,5.05624580534831,7,8.85033444435723,8.90986180138812,1.53984489274964,2.67436164438025,5.03046287826572,2.93152313110244,34,18,3,0.0688691650230112,0.568129520052597,0.275641025641026,-0.00136040950310771,156,TRUE,7
9467,3.76120011569356,5,8.43435596176866,9.33756615070327,3.44144334123913,2.02798598771427,2.49808345621602,4.96138083628941,72,11,1,0.102040816326531,1,0.214285714285714,0.378970367958167,42,TRUE,5
9473,4.84418708645859,7,9.2772291873889,9.45372149523761,3.20706809408146,2.00284183882516,2.42003358827822,3.45948216303534,31,22,1,0.0532879818594104,1,0.531746031746032,-0.0373379766612204,126,TRUE,7
9487,5.24702407216049,7,8.21097162679848,8.60771410439478,3.07075978149068,2.63880987105818,4.06435559070622,3.93893638424544,11,24,6,0.0709666582682456,0.538254808096078,0.386243386243386,-0.115344611576279,189,TRUE,7
9493,4.55387689160054,7,8.17595716406554,8.39684773254035,2.62760494024729,2.08776647655874,2.7835971881103,3.60534364918907,6,16,1,0.071299230421005,1,0.457446808510638,0.119981259963891,94,TRUE,7
9494,4.69134788222914,7,7.33772175183169,7.35706859642706,2.33001412287731,1.94147738878712,2.11227609081544,2.7538170768844,6,17,1,0.0620713305898491,1,0.5,-0.0298613051679163,108,TRUE,7
9500,0.693147180559945,1,8.43758055791421,11.5129254649702,11.5129254649702,0,0,0,15.5,1,1,1,1,0,0,1,FALSE,1
9502,4.88280192258637,7,7.77792243918327,8.27036000377226,1.8178671220426,2.06633086363989,3.12516068784215,3.30817411779328,25,16,4,0.0798904492745178,0.611561097838121,0.236641221374046,-0.161044811899186,131,TRUE,7
9513,3.98898404656427,5,7.42291126895918,8.57113494666479,5.17083249571032,2.39547404610321,4.12875442591789,4.6217022854256,38,18,1,0.0679957280170879,1,0.584905660377358,0.0445097769891683,53,TRUE,5
9514,4.21950770517611,5,7.25840208941225,7.67150618819513,2.6528630419815,1.88155503638053,2.26860533475929,2.66334017437906,38,14,2,0.0817554020940076,0.636444642459345,0.611940298507463,0.0431536609188079,67,TRUE,5
9521,4.64439089914137,7,8.21775475640386,8.25173152450504,2.40494023122033,1.8283200274942,2.60888632353404,3.14212368797701,10,19,1,0.0611744745027806,1,0.485436893203884,0.0519635250246048,103,TRUE,7
9528,4.86753445045558,7,8.24823359094556,8.34597410906204,2.81680108639819,2.07274751000716,2.53978431805538,3.25341439171785,9,19,2,0.0548644913166276,0.969472988402139,0.496124031007752,0.0359596322249908,129,TRUE,7
9535,3.40119738166216,6,8.34815369283536,9.38309403191888,6.28228093343996,1.93752197207475,3.75163035410293,3.33594716384,15,5,2,0.217598097502973,0.814506539833532,1,0.129979266146952,29,TRUE,6
9545,4.4188406077966,7,7.62366194745987,7.97847672889226,3.28141323554741,1.85954960177714,2.12654824020196,3.43833745078991,8,12,1,0.0838786436644854,1,0.51219512195122,-0.0491777774949519,82,TRUE,7
9550,4.54329478227,5,8.83023448184602,9.58828350145489,3.46625712923835,2.12132667479583,2.86971798395112,5.30989580481707,60,11,5,0.135160134119551,0.273210775812233,0.010752688172043,0.15327752176576,93,TRUE,5
9555,2.77258872223978,7,8.53338046260388,8.97659166970019,5.14520443674558,1.55211147875547,3.13999997540562,2.37657942760024,4,3,1,0.44,1,1,-0.100554091820222,15,TRUE,7
9561,4.97673374242057,7,8.24131777556266,8.56581107814159,1.83823955297143,2.31061690958164,4.08863612720956,2.57391084473503,164,17,2,0.064525462962963,0.662133487654321,0.416666666666667,-0.297301012592432,144,TRUE,7
9566,4.27666611901606,7,8.16128434889825,8.28291495975693,1.76287658229368,1.66975825020585,2.77015502326254,2.76124946701634,24,12,1,0.0934338424915691,1,0.338028169014085,0.03261565272159,71,TRUE,7
9570,3.29583686600433,7,6.78245340829765,8.64527292716621,6.41761981994699,1.53154650495619,1.91543329396509,3.81544077289603,15.5,10,2,0.168639053254438,0.857988165680474,0.653846153846154,-0.155950965613746,26,TRUE,7
9571,4.87519732320115,7,8.9073202999516,9.00306987253395,3.09662189424856,1.98475114190065,2.42459665735991,3.35474329326641,12,21,1,0.0525443786982249,1,0.515384615384615,-0.0164820404943696,130,TRUE,7
9576,4.89783979995091,7,7.99148273132249,8.04725282885992,2.3801896011986,2.13523816882774,2.80790918358353,2.75025071946719,12,20,1,0.0519531912487987,1,0.526315789473684,0.0164648545651875,133,TRUE,7
9581,4.66343909411207,7,8.8710027947899,8.90663602564312,1.54903305275566,1.83792779140814,3.11808408713866,2.52948211816974,19,18,1,0.0630385487528345,1,0.333333333333333,-0.034662277697375,105,TRUE,7
9598,5.28826703069454,7,7.75636454197058,7.90324503008096,1.70304871007141,1.87857728922456,2.9277728063581,2.83007357541628,22,18,3,0.072483186889639,0.41214666701023,0.345177664974619,-0.16190857929963,197,TRUE,7
9605,4.66343909411207,7,7.28317979686521,7.40726129910932,2.79207381512045,2.12919910140396,1.54972287681868,3.04850730264587,6,17,1,0.0644897959183673,1,0.542857142857143,-0.0582598106902359,105,TRUE,7
9608,4.71849887129509,7,8.14746232272911,8.2901342136563,2.50161973681937,1.85498355701028,2.34582798956737,2.92659385220216,20,17,1,0.0617644671698726,1,0.495495495495495,-0.0247652103145099,111,TRUE,7
9615,3.63758615972639,4,7.56079347098569,8.11132055460112,2.817750734097,2.10391148322403,2.07528992504559,3.26525306487719,20,13,1,0.0825420014609204,1,0.486486486486487,-0.375491135641672,37,TRUE,4
9620,4.39444915467244,7,7.34522311533438,7.74344406648109,2.84289811036615,2.09270373468804,3.04696604952379,3.10068491544207,47,12,2,0.0925,0.8403125,0.525,-0.0582370295185996,80,TRUE,7
9623,4.54329478227,7,8.77919902957643,8.8252949453349,2.34838381128399,1.813988958537,2.5594559125053,3.15384591975081,2,17,1,0.0713377269048445,1,0.419354838709677,0.0310584341754591,93,TRUE,7
9634,5.68357976733868,7,7.97861479942701,8.22388162755251,2.41480824939525,1.96727823383303,2.89102826436758,3.47074378237695,28,24,3,0.0559703665738681,0.343218907616862,0.426621160409556,0.0116363027865023,293,TRUE,7
9635,4.71849887129509,7,8.64826286130673,8.76791080078944,2.75474788580869,1.91882712400905,2.18578369114738,3.19942415202047,23,18,1,0.0611151692232773,1,0.495495495495495,0.0303433676713751,111,TRUE,7
9637,0.693147180559945,1,2.484906649788,11.5129254649702,11.5129254649702,0,0,0,15.5,1,1,1,1,0,0,1,FALSE,1
9648,4.72738781871234,7,7.57139719294774,7.69055948624182,3.34767420168812,2.01632150803229,2.07962931655926,3.21376368544947,15,20,1,0.0596301020408163,1,0.625,-0.0351910459804563,112,TRUE,7
9649,3.95124371858143,5,9.17901568109965,9.55326569950404,2.48318000224848,1.99539835220555,2.52164745245759,4.78235643021232,19,10,3,0.101114955786236,0.923875432525952,0,0.334511667616292,51,TRUE,5
9657,0.693147180559945,1,6.21660610108486,11.5129254649702,11.5129254649702,0,0,0,23,1,1,1,1,0,0,1,FALSE,1
9660,4.14313472639153,4,7.80779736112702,8.95001006067876,4.35524258072415,1.80042219268866,2.70677698763407,5.16342000193557,14,16,2,0.0676378772112383,0.851716961498439,0.274193548387097,0.103636758809523,62,TRUE,4
9663,1.09861228866811,1,7.73935436585958,10.2443507232423,6.4775259025243,2.9662384108407,2.09744729492147,1.69622364712884,19,2,1,0.5,1,1,0,2,FALSE,1
9666,4.75359019110636,7,8.34440050470296,8.89243581544263,3.40175032252057,2.02045666497737,2.85399052674715,4.36589688233725,14,18,2,0.0631379962192817,0.885671077504726,0.4,0.278872479584796,115,TRUE,7
9682,3.09104245335832,2,7.00837621955296,7.74599589570938,2.33072990616213,2.02775714939639,2.22762205452059,3.30495292346163,6,11,1,0.0929705215419501,1,0.428571428571429,0,21,FALSE,2
9683,4.57471097850338,7,8.16461786797297,8.61214849123094,3.74758024357945,1.83544643648416,1.79950283028906,4.2126735401849,29,16,1,0.0685763888888889,1,0.479166666666667,-0.0479401412651556,96,TRUE,7
9689,3.46573590279973,2,7.4863487250475,8.22569080924301,2.15138102058551,1.90385893312532,2.73541851022462,2.64612020654954,5,18,1,0.0593132154006243,1,0.451612903225806,0,31,FALSE,2
9692,3.3322045101752,5,6.94834776966338,8.78271588866501,4.73513055937569,1.79495443774767,0.906122490641143,5.04931352964161,14,9,1,0.152263374485597,1,0.37037037037037,0.603208454359872,27,TRUE,5
9694,4.57471097850338,7,7.41007666494594,7.55625521993577,2.71921809599969,1.88952814215188,1.71420383720927,2.60628477653492,12,18,1,0.0666232638888889,1,0.59375,-0.0400558415694617,96,TRUE,7
9717,3.91202300542815,7,8.17425483649619,8.34877817532962,4.7902142379196,2.26941878827696,4.81808026779774,1.67152743964103,8,7,1,0.142857142857143,1,1,-0.154551917107633,49,TRUE,7
9725,5.26785815906333,7,8.95934267853566,9.13598968390184,3.58648106373843,2.08632753002517,2.78662504672173,3.3297533008384,29,23,3,0.053504792074955,0.598056323659696,0.632124352331606,-0.0919744502018337,193,TRUE,7
9726,5.15329159449778,7,8.52531360722374,8.39474129450523,2.11877569392045,2.16243186415426,3.70674622103586,2.92295767932388,30,19,3,0.0643591130340725,0.549418604651163,0.441860465116279,0.0455479047531338,172,TRUE,7
9727,4.82028156560504,7,8.95770107472503,9.24783366567251,3.1339998794501,2.39623484994645,2.87911243296829,3.49537928218335,26,22,2,0.0555886046665345,0.937074492696147,0.528455284552846,0.0438374881750199,123,TRUE,7
9733,5.66296048013595,7,8.2652306376303,8.54271117771606,3.01863687206652,2.73646459019542,4.37874710310946,3.55094732457495,55,24,6,0.0625113817091381,0.312508346586701,0.505226480836237,-0.0934251766572886,287,TRUE,7
9753,3.85014760171006,3,6.30547423222069,8.04524254771739,4.8025875626762,1.81151107758612,3.07547128077699,5.51215067492574,58,14,2,0.0945179584120983,0.503780718336484,0.239130434782609,0.454129022865438,46,TRUE,3
9759,4.69134788222914,7,8.02116916089786,8.14711241750324,1.53301788223381,2.13255511182096,3.50843834488446,2.42580606278676,11,17,1,0.0627572016460905,1,0.351851851851852,0.0509259298305179,108,TRUE,7
9761,5.24702407216049,7,8.96582884369452,9.32268851738057,3.824632602876,2.45712307129113,3.56625996375543,3.87667811930794,27,24,3,0.055177626606198,0.565297724027883,0.576719576719577,-0.124225865232958,189,TRUE,7
9763,3.58351893845611,7,8.51040682174757,8.95963415864652,6.17246437313762,2.47036390461184,4.62441467232875,2.76807077241982,19,5,1,0.2,1,1,-0.0453544056467065,35,TRUE,7
9765,3.2188758248682,3,8.25006003530384,9.35291412053342,3.83764182165674,1.40894660898346,2.12405071314515,5.54397341445327,22,8,1,0.125,1,0,-0.014831422834171,24,TRUE,3
9780,4.81218435537242,7,8.40290628559428,8.5064879923649,1.31916956724309,2.19719725519678,3.6841991861594,1.93942485364607,12,17,2,0.068798710024187,0.796828809459823,0.352459016393443,-0.0273346801275673,122,TRUE,7
9794,0.693147180559945,1,2.96784707006446,11.5129254649702,11.5129254649702,0,0,0,23,1,1,1,1,0,0,1,FALSE,1
9807,4.40671924726425,7,8.32844378526577,8.42024270748999,1.38824729417839,1.40915787808718,1.43743408205629,2.02782279080075,6,12,1,0.0845907636031093,1,0.345679012345679,-0.146292784842865,81,TRUE,7
9830,3.52636052461616,4,8.6257249324611,10.0628784874338,5.93403310362074,2.04833673680526,3.09165282891124,5.60169385944294,39,15,2,0.0817263544536272,0.941230486685032,0.303030303030303,-1.21494057600164,33,TRUE,4
9864,0.693147180559945,1,6.16120732169508,11.5129254649702,11.5129254649702,0,0,0,7,1,1,1,1,0,0,1,FALSE,1
9891,4.91998092582813,7,8.25675844695343,8.59975008015535,3.01617684431715,2.01745815492573,2.36090020341986,3.74660519453618,37,18,2,0.0659602076124567,0.648032006920415,0.441176470588235,-0.0473572271495832,136,TRUE,7
9893,3.36729582998647,7,9.16188267820218,9.15888574338193,5.35130389448768,1.27631420305524,2.12582991165729,0.967479767890194,39,4,1,0.25,1,1,-0.0613333181288036,28,TRUE,7
9919,4.36944785246702,7,6.59111128785198,6.62198311733988,1.88626866697671,1.9389784930424,2.97873305825798,2.23280995684871,13,13,1,0.0818540433925049,1,0.5,-0.0264931621210943,78,TRUE,7
9922,4.60517018598809,6,7.52919077985543,8.17065775352462,3.48170906291812,1.79075286172928,3.03513786942665,4.23098142431564,16,18,1,0.0584634220997857,1,0.454545454545455,0.00673264432218518,99,TRUE,6
9924,2.56494935746154,3,6.35814395979495,8.09623306078785,3.83764182165674,2.58360259274842,4.12835761245638,5.66857264406845,13,4,1,0.25,1,0,-0.166635778922235,12,TRUE,3
9936,4.85203026391962,7,8.8710094274617,9.06389204743419,3.5016533746938,2.04653216437995,2.69879256230335,3.50794685488331,6,22,1,0.0528861057722115,1,0.582677165354331,-0.0932985994221139,127,TRUE,7
9942,5.09375020080676,7,9.14204554266101,9.61955537083492,3.5152247070176,2.75678839222823,4.70754907510307,3.95184174822649,98,23,5,0.0536503581771071,0.667047706142356,0.487654320987654,-0.0668534310098723,162,TRUE,7
9946,2.77258872223978,5,5.36979808361354,6.34766982454188,2.70852141802384,1.03701051519917,1.6395475225556,4.64345673540646,31,6,1,0.208888888888889,1,0.333333333333333,0.295365611398364,15,TRUE,5
9951,4.21950770517611,7,7.72633468317338,8.49460412421676,2.67604986769925,1.55782339121894,2.57733898267995,4.48205581983588,34,13,1,0.0888839385163733,1,0.223880597014925,0.0870552804022091,67,TRUE,7
9960,4.46590811865458,5,7.16224445937893,8.24446320832124,4.55897669032208,1.8445226990308,2.43377854426898,5.37921840962948,23,15,3,0.0781503515413737,0.517577068685776,0.27906976744186,0.262312854286158,86,TRUE,5
9966,4.04305126783455,4,7.08880552162348,7.38302535566839,1.74495192760376,2.13195475312158,2.88890080340795,3.04204757220676,28,13,2,0.09375,0.607780612244898,0.285714285714286,0.0935219953108499,56,TRUE,4
9969,5.46383180502561,7,9.29720069503498,9.42317661951627,1.9153642470834,2.4064271077906,3.64053651659065,2.98742386779908,16,20,4,0.0561158895427795,0.476976007243096,0.357446808510638,-0.152792185598788,235,TRUE,7
9998,5.10594547390058,7,8.2994728491032,8.38189176769624,1.94316173718507,1.97527970412336,2.96355840007949,2.91445134767361,14,17,3,0.0763682331945271,0.481261154074955,0.353658536585366,0.0122643192858886,164,TRUE,7
